r,t,f,y,ProductionByTechnologyAnnual
RE1,COMENEFFDP,COMELC,2024,230.6794
RE1,COMENEFFDP,COMELC,2025,236.9106
RE1,COMENEFFDP,COMELC,2026,243.6439
RE1,COMENEFFDP,COMELC,2027,250.3771
RE1,COMENEFFDP,COMELC,2028,257.1104
RE1,COMENEFFDP,COMELC,2029,263.8438
RE1,COMENEFFDP,COMELC,2030,270.577
RE1,COMENEFFDP,COMELC,2031,278.2731
RE1,COMENEFFDP,COMELC,2032,285.9692
RE1,COMENEFFDP,COMELC,2033,293.6653
RE1,COMENEFFDP,COMELC,2034,301.3614
RE1,COMENEFFDP,COMELC,2035,309.0574
RE1,COMENEFFDP,COMELC,2036,315.2534
RE1,COMENEFFDP,COMELC,2037,321.4493
RE1,COMENEFFDP,COMELC,2038,327.6451
RE1,COMENEFFDP,COMELC,2039,333.841
RE1,COMENEFFDP,COMELC,2040,340.8446
RE1,COMENEFFDP,COMELC,2041,346.1041
RE1,COMENEFFDP,COMELC,2042,352.1713
RE1,COMENEFFDP,COMELC,2043,358.2386
RE1,COMENEFFDP,COMELC,2044,367.2318
RE1,COMENEFFDP,COMELC,2045,370.373
RE1,COMENEFFDP,COMELC,2046,374.5977
RE1,COMENEFFDP,COMELC,2047,378.8224
RE1,COMENEFFDP,COMELC,2048,383.047
RE1,COMENEFFDP,COMELC,2049,387.2717
RE1,COMENEFFDP,COMELC,2050,394.6407
RE1,COMENEFFDP,COMELC,2051,395.8635
RE1,COMENEFFDP,COMELC,2052,400.2792
RE1,COMENEFFDP,COMELC,2053,404.7443
RE1,COMENEFFDP,COMELC,2054,409.2592
RE1,COMENEFFDP,COMELC,2055,413.8244
RE1,COMENEFFDP,COMELC,2056,418.4405
RE1,COMENEFFDP,COMELC,2057,423.1081
RE1,COMENEFFDP,COMELC,2058,427.8278
RE1,COMENEFFDP,COMELC,2059,432.6002
RE1,COMENEFFDP,COMELC,2060,440.9391
RE1,COMENEFFDP,COMELC,2061,442.3052
RE1,COMENEFFDP,COMELC,2062,447.239
RE1,COMENEFFDP,COMELC,2063,452.2279
RE1,COMENEFFDP,COMELC,2064,457.2724
RE1,COMENEFFDP,COMELC,2065,462.3732
RE1,COMENEFFDP,COMELC,2066,467.531
RE1,COMENEFFDP,COMELC,2067,472.7462
RE1,COMENEFFDP,COMELC,2068,478.0196
RE1,COMENEFFDP,COMELC,2069,487.234
RE1,COMENEFFDP,COMELC,2070,461.3798
RE1,DEMCOMELC,COMELC,2015,169.2528
RE1,DEMCOMELC,COMELC,2016,179.0399
RE1,DEMCOMELC,COMELC,2017,187.428
RE1,DEMCOMELC,COMELC,2018,195.8162
RE1,DEMCOMELC,COMELC,2019,204.2043
RE1,DEMCOMELC,COMELC,2020,212.5924
RE1,DEMCOMELC,COMELC,2021,219.0306
RE1,DEMCOMELC,COMELC,2022,225.4689
RE1,DEMCOMELC,COMELC,2023,231.9071
RE1,DEMCOMELC,COMELC,2024,7.666
RE1,DEMCOMELC,COMELC,2025,7.8731
RE1,DEMCOMELC,COMELC,2026,8.0968
RE1,DEMCOMELC,COMELC,2027,8.3206
RE1,DEMCOMELC,COMELC,2028,8.5443
RE1,DEMCOMELC,COMELC,2029,8.7681
RE1,DEMCOMELC,COMELC,2030,8.9919
RE1,DEMCOMELC,COMELC,2031,9.2476
RE1,DEMCOMELC,COMELC,2032,9.5034
RE1,DEMCOMELC,COMELC,2033,9.7591
RE1,DEMCOMELC,COMELC,2034,10.0149
RE1,DEMCOMELC,COMELC,2035,10.2707
RE1,DEMCOMELC,COMELC,2036,10.4766
RE1,DEMCOMELC,COMELC,2037,10.6825
RE1,DEMCOMELC,COMELC,2038,10.8884
RE1,DEMCOMELC,COMELC,2039,11.0943
RE1,DEMCOMELC,COMELC,2040,10.4925
RE1,DEMCOMELC,COMELC,2041,11.5018
RE1,DEMCOMELC,COMELC,2042,11.7034
RE1,DEMCOMELC,COMELC,2043,11.9051
RE1,DEMCOMELC,COMELC,2044,9.1806
RE1,DEMCOMELC,COMELC,2045,12.3083
RE1,DEMCOMELC,COMELC,2046,12.4487
RE1,DEMCOMELC,COMELC,2047,12.5891
RE1,DEMCOMELC,COMELC,2048,12.7295
RE1,DEMCOMELC,COMELC,2049,12.8699
RE1,DEMCOMELC,COMELC,2050,9.8658
RE1,DEMCOMELC,COMELC,2051,13.1554
RE1,DEMCOMELC,COMELC,2052,13.3022
RE1,DEMCOMELC,COMELC,2053,13.4506
RE1,DEMCOMELC,COMELC,2054,13.6006
RE1,DEMCOMELC,COMELC,2055,13.7523
RE1,DEMCOMELC,COMELC,2056,13.9057
RE1,DEMCOMELC,COMELC,2057,14.0608
RE1,DEMCOMELC,COMELC,2058,14.2177
RE1,DEMCOMELC,COMELC,2059,14.3763
RE1,DEMCOMELC,COMELC,2060,11.0233
RE1,DEMCOMELC,COMELC,2061,14.6988
RE1,DEMCOMELC,COMELC,2062,14.8627
RE1,DEMCOMELC,COMELC,2063,15.0285
RE1,DEMCOMELC,COMELC,2064,15.1962
RE1,DEMCOMELC,COMELC,2065,15.3657
RE1,DEMCOMELC,COMELC,2066,15.5371
RE1,DEMCOMELC,COMELC,2067,15.7104
RE1,DEMCOMELC,COMELC,2068,15.8856
RE1,DEMCOMELC,COMELC,2069,12.1806
RE1,DEMCOMELC,COMELC,2070,43.6058
RE1,DEMCOMHEBIO,COMHEL,2015,37.209
RE1,DEMCOMHEBIO,COMHEL,2016,39.1015
RE1,DEMCOMHEBIO,COMHEL,2017,40.0453
RE1,DEMCOMHEBIO,COMHEL,2018,40.9891
RE1,DEMCOMHEBIO,COMHEL,2019,41.933
RE1,DEMCOMHEBIO,COMHEL,2020,42.8768
RE1,DEMCOMHEBIO,COMHEL,2021,43.6453
RE1,DEMCOMHEBIO,COMHEL,2022,44.4138
RE1,DEMCOMHEBIO,COMHEL,2023,45.1824
RE1,DEMCOMHEBIO,COMHEL,2024,45.9509
RE1,DEMCOMHEBIO,COMHEL,2025,46.7194
RE1,DEMCOMHEBIO,COMHEL,2026,47.5908
RE1,DEMCOMHEBIO,COMHEL,2027,48.4622
RE1,DEMCOMHEBIO,COMHEL,2028,49.3335
RE1,DEMCOMHEBIO,COMHEL,2029,50.2049
RE1,DEMCOMHEBIO,COMHEL,2030,51.0763
RE1,DEMCOMHEBIO,COMHEL,2031,51.7934
RE1,DEMCOMHEBIO,COMHEL,2032,52.5105
RE1,DEMCOMHEBIO,COMHEL,2033,53.2276
RE1,DEMCOMHEBIO,COMHEL,2034,53.9447
RE1,DEMCOMHEBIO,COMHEL,2035,54.6618
RE1,DEMCOMHEBIO,COMHEL,2036,55.3222
RE1,DEMCOMHEBIO,COMHEL,2037,55.9825
RE1,DEMCOMHEBIO,COMHEL,2038,56.6429
RE1,DEMCOMHEBIO,COMHEL,2039,57.3033
RE1,DEMCOMHEBIO,COMHEL,2040,57.9637
RE1,DEMCOMHEBIO,COMHEL,2041,58.5837
RE1,DEMCOMHEBIO,COMHEL,2042,59.2037
RE1,DEMCOMHEBIO,COMHEL,2043,59.8237
RE1,DEMCOMHEBIO,COMHEL,2044,60.4437
RE1,DEMCOMHEBIO,COMHEL,2045,61.0637
RE1,DEMCOMHEBIO,COMHEL,2046,61.552
RE1,DEMCOMHEBIO,COMHEL,2047,62.0404
RE1,DEMCOMHEBIO,COMHEL,2048,62.5287
RE1,DEMCOMHEBIO,COMHEL,2049,63.017
RE1,DEMCOMHEBIO,COMHEL,2050,63.5053
RE1,DEMCOMHEBIO,COMHEL,2051,64.0052
RE1,DEMCOMHEBIO,COMHEL,2052,64.5091
RE1,DEMCOMHEBIO,COMHEL,2053,65.0169
RE1,DEMCOMHEBIO,COMHEL,2054,65.5287
RE1,DEMCOMHEBIO,COMHEL,2055,66.0445
RE1,DEMCOMHEBIO,COMHEL,2056,66.5644
RE1,DEMCOMHEBIO,COMHEL,2057,67.0884
RE1,DEMCOMHEBIO,COMHEL,2058,67.6165
RE1,DEMCOMHEBIO,COMHEL,2059,68.1488
RE1,DEMCOMHEBIO,COMHEL,2060,68.6853
RE1,DEMCOMHEBIO,COMHEL,2061,69.226
RE1,DEMCOMHEBIO,COMHEL,2062,69.7709
RE1,DEMCOMHEBIO,COMHEL,2063,70.3201
RE1,DEMCOMHEBIO,COMHEL,2064,70.8737
RE1,DEMCOMHEBIO,COMHEL,2065,71.4316
RE1,DEMCOMHEBIO,COMHEL,2066,71.9939
RE1,DEMCOMHEBIO,COMHEL,2067,72.5606
RE1,DEMCOMHEBIO,COMHEL,2068,73.1318
RE1,DEMCOMHEBIO,COMHEL,2069,73.7075
RE1,DEMCOMHEBIO,COMHEL,2070,74.2877
RE1,DEMINDELC,INDELC,2015,328.0418
RE1,DEMINDELC,INDELC,2016,347.0108
RE1,DEMINDELC,INDELC,2017,363.2685
RE1,DEMINDELC,INDELC,2018,379.5262
RE1,DEMINDELC,INDELC,2019,395.7839
RE1,DEMINDELC,INDELC,2020,412.0416
RE1,DEMINDELC,INDELC,2021,424.52
RE1,DEMINDELC,INDELC,2022,436.9984
RE1,DEMINDELC,INDELC,2023,449.4769
RE1,DEMINDELC,INDELC,2024,14.858
RE1,DEMINDELC,INDELC,2025,15.2594
RE1,DEMINDELC,INDELC,2026,15.6931
RE1,DEMINDELC,INDELC,2027,16.1268
RE1,DEMINDELC,INDELC,2028,16.5605
RE1,DEMINDELC,INDELC,2029,16.9941
RE1,DEMINDELC,INDELC,2030,17.4278
RE1,DEMINDELC,INDELC,2031,17.9235
RE1,DEMINDELC,INDELC,2032,18.4192
RE1,DEMINDELC,INDELC,2033,18.915
RE1,DEMINDELC,INDELC,2034,19.4107
RE1,DEMINDELC,INDELC,2035,19.9063
RE1,DEMINDELC,INDELC,2036,20.3054
RE1,DEMINDELC,INDELC,2037,20.7045
RE1,DEMINDELC,INDELC,2038,21.1036
RE1,DEMINDELC,INDELC,2039,21.5026
RE1,DEMINDELC,INDELC,2040,20.3363
RE1,DEMINDELC,INDELC,2041,22.2925
RE1,DEMINDELC,INDELC,2042,22.6833
RE1,DEMINDELC,INDELC,2043,23.0741
RE1,DEMINDELC,INDELC,2044,17.7937
RE1,DEMINDELC,INDELC,2045,23.8557
RE1,DEMINDELC,INDELC,2046,24.1278
RE1,DEMINDELC,INDELC,2047,24.3999
RE1,DEMINDELC,INDELC,2048,24.672
RE1,DEMINDELC,INDELC,2049,24.9441
RE1,DEMINDELC,INDELC,2050,19.1217
RE1,DEMINDELC,INDELC,2051,25.4975
RE1,DEMINDELC,INDELC,2052,25.7819
RE1,DEMINDELC,INDELC,2053,26.0695
RE1,DEMINDELC,INDELC,2054,26.3603
RE1,DEMINDELC,INDELC,2055,26.6544
RE1,DEMINDELC,INDELC,2056,26.9517
RE1,DEMINDELC,INDELC,2057,27.2523
RE1,DEMINDELC,INDELC,2058,27.5563
RE1,DEMINDELC,INDELC,2059,27.8637
RE1,DEMINDELC,INDELC,2060,21.3651
RE1,DEMINDELC,INDELC,2061,28.4888
RE1,DEMINDELC,INDELC,2062,28.8066
RE1,DEMINDELC,INDELC,2063,29.1279
RE1,DEMINDELC,INDELC,2064,29.4529
RE1,DEMINDELC,INDELC,2065,29.7814
RE1,DEMINDELC,INDELC,2066,30.1136
RE1,DEMINDELC,INDELC,2067,30.4495
RE1,DEMINDELC,INDELC,2068,30.7892
RE1,DEMINDELC,INDELC,2069,23.6082
RE1,DEMINDELC,INDELC,2070,84.5158
RE1,DEMINDHEBIO,INDHEL,2015,426.6187
RE1,DEMINDHEBIO,INDHEL,2016,382.5919
RE1,DEMINDHEBIO,INDHEL,2017,389.2174
RE1,DEMINDHEBIO,INDHEL,2018,400.2481
RE1,DEMINDHEBIO,INDHEL,2019,409.232
RE1,DEMINDHEBIO,INDHEL,2020,418.2023
RE1,DEMINDHEBIO,INDHEL,2021,424.4265
RE1,DEMINDHEBIO,INDHEL,2022,430.6414
RE1,DEMINDHEBIO,INDHEL,2023,436.8476
RE1,DEMINDHEBIO,INDHEL,2024,443.0455
RE1,DEMINDHEBIO,INDHEL,2025,449.2357
RE1,DEMINDHEBIO,INDHEL,2026,456.0698
RE1,DEMINDHEBIO,INDHEL,2027,462.8953
RE1,DEMINDHEBIO,INDHEL,2028,469.7126
RE1,DEMINDHEBIO,INDHEL,2029,476.5222
RE1,DEMINDHEBIO,INDHEL,2030,483.3244
RE1,DEMINDHEBIO,INDHEL,2031,489.4573
RE1,DEMINDHEBIO,INDHEL,2032,495.5783
RE1,DEMINDHEBIO,INDHEL,2033,501.6882
RE1,DEMINDHEBIO,INDHEL,2034,507.7874
RE1,DEMINDHEBIO,INDHEL,2035,513.8766
RE1,DEMINDHEBIO,INDHEL,2036,519.2227
RE1,DEMINDHEBIO,INDHEL,2037,524.563
RE1,DEMINDHEBIO,INDHEL,2038,529.8978
RE1,DEMINDHEBIO,INDHEL,2039,535.2273
RE1,DEMINDHEBIO,INDHEL,2040,540.5518
RE1,DEMINDHEBIO,INDHEL,2041,546.0995
RE1,DEMINDHEBIO,INDHEL,2042,551.6435
RE1,DEMINDHEBIO,INDHEL,2043,557.1839
RE1,DEMINDHEBIO,INDHEL,2044,562.7208
RE1,DEMINDHEBIO,INDHEL,2045,568.2543
RE1,DEMINDHEBIO,INDHEL,2046,572.5085
RE1,DEMINDHEBIO,INDHEL,2047,576.7612
RE1,DEMINDHEBIO,INDHEL,2048,581.0124
RE1,DEMINDHEBIO,INDHEL,2049,585.2621
RE1,DEMINDHEBIO,INDHEL,2050,589.5105
RE1,DEMINDHEBIO,INDHEL,2051,593.8592
RE1,DEMINDHEBIO,INDHEL,2052,598.241
RE1,DEMINDHEBIO,INDHEL,2053,602.6561
RE1,DEMINDHEBIO,INDHEL,2054,607.1048
RE1,DEMINDHEBIO,INDHEL,2055,611.5873
RE1,DEMINDHEBIO,INDHEL,2056,616.1039
RE1,DEMINDHEBIO,INDHEL,2057,620.6549
RE1,DEMINDHEBIO,INDHEL,2058,625.2405
RE1,DEMINDHEBIO,INDHEL,2059,629.861
RE1,DEMINDHEBIO,INDHEL,2060,634.5167
RE1,DEMINDHEBIO,INDHEL,2061,639.2079
RE1,DEMINDHEBIO,INDHEL,2062,643.9348
RE1,DEMINDHEBIO,INDHEL,2063,648.6976
RE1,DEMINDHEBIO,INDHEL,2064,653.4967
RE1,DEMINDHEBIO,INDHEL,2065,658.3324
RE1,DEMINDHEBIO,INDHEL,2066,663.205
RE1,DEMINDHEBIO,INDHEL,2067,668.1146
RE1,DEMINDHEBIO,INDHEL,2068,673.0617
RE1,DEMINDHEBIO,INDHEL,2069,678.0464
RE1,DEMINDHEBIO,INDHEL,2070,683.0692
RE1,DEMINDHECOA,INDHEH,2015,639.928
RE1,DEMINDHECOA,INDHEH,2016,573.8878
RE1,DEMINDHECOA,INDHEH,2017,583.8261
RE1,DEMINDHECOA,INDHEH,2018,600.3722
RE1,DEMINDHECOA,INDHEH,2019,613.848
RE1,DEMINDHECOA,INDHEH,2020,627.3034
RE1,DEMINDHECOA,INDHEH,2021,636.6397
RE1,DEMINDHECOA,INDHEH,2022,645.9621
RE1,DEMINDHECOA,INDHEH,2023,655.2714
RE1,DEMINDHECOA,INDHEH,2024,664.5683
RE1,DEMINDHECOA,INDHEH,2025,673.8535
RE1,DEMINDHECOA,INDHEH,2026,684.1047
RE1,DEMINDHECOA,INDHEH,2027,694.3429
RE1,DEMINDHECOA,INDHEH,2028,704.5689
RE1,DEMINDHECOA,INDHEH,2029,714.7832
RE1,DEMINDHECOA,INDHEH,2030,724.9866
RE1,DEMINDHECOA,INDHEH,2031,734.1859
RE1,DEMINDHECOA,INDHEH,2032,743.3675
RE1,DEMINDHECOA,INDHEH,2033,752.5322
RE1,DEMINDHECOA,INDHEH,2034,761.6811
RE1,DEMINDHECOA,INDHEH,2035,770.815
RE1,DEMINDHECOA,INDHEH,2036,778.834
RE1,DEMINDHECOA,INDHEH,2037,786.8445
RE1,DEMINDHECOA,INDHEH,2038,794.8467
RE1,DEMINDHECOA,INDHEH,2039,802.841
RE1,DEMINDHECOA,INDHEH,2040,810.8277
RE1,DEMINDHECOA,INDHEH,2041,819.1493
RE1,DEMINDHECOA,INDHEH,2042,827.4653
RE1,DEMINDHECOA,INDHEH,2043,835.7758
RE1,DEMINDHECOA,INDHEH,2044,844.0812
RE1,DEMINDHECOA,INDHEH,2045,852.3814
RE1,DEMINDHECOA,INDHEH,2046,858.7627
RE1,DEMINDHECOA,INDHEH,2047,865.1417
RE1,DEMINDHECOA,INDHEH,2048,871.5186
RE1,DEMINDHECOA,INDHEH,2049,877.8932
RE1,DEMINDHECOA,INDHEH,2050,884.2658
RE1,DEMINDHECOA,INDHEH,2051,890.7888
RE1,DEMINDHECOA,INDHEH,2052,897.3615
RE1,DEMINDHECOA,INDHEH,2053,903.9841
RE1,DEMINDHECOA,INDHEH,2054,910.6571
RE1,DEMINDHECOA,INDHEH,2055,917.3809
RE1,DEMINDHECOA,INDHEH,2056,924.1558
RE1,DEMINDHECOA,INDHEH,2057,930.9823
RE1,DEMINDHECOA,INDHEH,2058,937.8608
RE1,DEMINDHECOA,INDHEH,2059,944.7916
RE1,DEMINDHECOA,INDHEH,2060,951.7751
RE1,DEMINDHECOA,INDHEH,2061,958.8118
RE1,DEMINDHECOA,INDHEH,2062,965.9021
RE1,DEMINDHECOA,INDHEH,2063,973.0464
RE1,DEMINDHECOA,INDHEH,2064,980.2451
RE1,DEMINDHECOA,INDHEH,2065,987.4986
RE1,DEMINDHECOA,INDHEH,2066,994.8074
RE1,DEMINDHECOA,INDHEH,2067,1002.1719
RE1,DEMINDHECOA,INDHEH,2068,1009.5925
RE1,DEMINDHECOA,INDHEH,2069,1017.0696
RE1,DEMINDHECOA,INDHEH,2070,1024.6038
RE1,DEMRESCKNBIO,RESCKN,2015,72.8133
RE1,DEMRESCKNBIO,RESCKN,2016,69.2189
RE1,DEMRESCKNBIO,RESCKN,2017,70.2381
RE1,DEMRESCKNBIO,RESCKN,2018,72.7562
RE1,DEMRESCKNBIO,RESCKN,2019,74.5778
RE1,DEMRESCKNBIO,RESCKN,2020,76.3949
RE1,DEMRESCKNBIO,RESCKN,2021,77.7461
RE1,DEMRESCKNBIO,RESCKN,2022,79.0942
RE1,DEMRESCKNBIO,RESCKN,2023,80.4393
RE1,DEMRESCKNBIO,RESCKN,2024,81.7816
RE1,DEMRESCKNBIO,RESCKN,2025,83.1212
RE1,DEMRESCKNBIO,RESCKN,2026,84.5894
RE1,DEMRESCKNBIO,RESCKN,2027,86.0545
RE1,DEMRESCKNBIO,RESCKN,2028,87.5169
RE1,DEMRESCKNBIO,RESCKN,2029,88.9767
RE1,DEMRESCKNBIO,RESCKN,2030,90.434
RE1,DEMRESCKNBIO,RESCKN,2031,91.7686
RE1,DEMRESCKNBIO,RESCKN,2032,93.0992
RE1,DEMRESCKNBIO,RESCKN,2033,94.4259
RE1,DEMRESCKNBIO,RESCKN,2034,95.7491
RE1,DEMRESCKNBIO,RESCKN,2035,97.0689
RE1,DEMRESCKNBIO,RESCKN,2036,98.2174
RE1,DEMRESCKNBIO,RESCKN,2037,99.364
RE1,DEMRESCKNBIO,RESCKN,2038,100.5087
RE1,DEMRESCKNBIO,RESCKN,2039,101.6517
RE1,DEMRESCKNBIO,RESCKN,2040,102.7928
RE1,DEMRESCKNBIO,RESCKN,2041,103.9322
RE1,DEMRESCKNBIO,RESCKN,2042,105.0704
RE1,DEMRESCKNBIO,RESCKN,2043,106.2072
RE1,DEMRESCKNBIO,RESCKN,2044,107.343
RE1,DEMRESCKNBIO,RESCKN,2045,108.4775
RE1,DEMRESCKNBIO,RESCKN,2046,109.3372
RE1,DEMRESCKNBIO,RESCKN,2047,110.1965
RE1,DEMRESCKNBIO,RESCKN,2048,111.0552
RE1,DEMRESCKNBIO,RESCKN,2049,111.9135
RE1,DEMRESCKNBIO,RESCKN,2050,112.7712
RE1,DEMRESCKNBIO,RESCKN,2051,113.6502
RE1,DEMRESCKNBIO,RESCKN,2052,114.536
RE1,DEMRESCKNBIO,RESCKN,2053,115.4286
RE1,DEMRESCKNBIO,RESCKN,2054,116.3283
RE1,DEMRESCKNBIO,RESCKN,2055,117.235
RE1,DEMRESCKNBIO,RESCKN,2056,118.1487
RE1,DEMRESCKNBIO,RESCKN,2057,119.0695
RE1,DEMRESCKNBIO,RESCKN,2058,119.9976
RE1,DEMRESCKNBIO,RESCKN,2059,120.9328
RE1,DEMRESCKNBIO,RESCKN,2060,121.8754
RE1,DEMRESCKNBIO,RESCKN,2061,122.8253
RE1,DEMRESCKNBIO,RESCKN,2062,123.7826
RE1,DEMRESCKNBIO,RESCKN,2063,124.7473
RE1,DEMRESCKNBIO,RESCKN,2064,125.7196
RE1,DEMRESCKNBIO,RESCKN,2065,126.6995
RE1,DEMRESCKNBIO,RESCKN,2066,127.687
RE1,DEMRESCKNBIO,RESCKN,2067,128.6821
RE1,DEMRESCKNBIO,RESCKN,2068,129.6851
RE1,DEMRESCKNBIO,RESCKN,2069,130.6959
RE1,DEMRESCKNBIO,RESCKN,2070,131.7145
RE1,DEMRESCKNELC,RESCKN,2015,7.0099
RE1,DEMRESCKNELC,RESCKN,2016,6.6639
RE1,DEMRESCKNELC,RESCKN,2017,6.762
RE1,DEMRESCKNELC,RESCKN,2018,7.0044
RE1,DEMRESCKNELC,RESCKN,2019,6.6542
RE1,DEMRESCKNELC,RESCKN,2020,6.304
RE1,DEMRESCKNELC,RESCKN,2021,5.9538
RE1,DEMRESCKNELC,RESCKN,2022,5.6035
RE1,DEMRESCKNELC,RESCKN,2023,5.2533
RE1,DEMRESCKNELC,RESCKN,2024,139.8488
RE1,DEMRESCKNELC,RESCKN,2025,142.1396
RE1,DEMRESCKNELC,RESCKN,2026,144.6501
RE1,DEMRESCKNELC,RESCKN,2027,147.1556
RE1,DEMRESCKNELC,RESCKN,2028,149.6564
RE1,DEMRESCKNELC,RESCKN,2029,152.1526
RE1,DEMRESCKNELC,RESCKN,2030,154.6446
RE1,DEMRESCKNELC,RESCKN,2031,156.9268
RE1,DEMRESCKNELC,RESCKN,2032,159.2021
RE1,DEMRESCKNELC,RESCKN,2033,161.4709
RE1,DEMRESCKNELC,RESCKN,2034,163.7336
RE1,DEMRESCKNELC,RESCKN,2035,165.9904
RE1,DEMRESCKNELC,RESCKN,2036,167.9544
RE1,DEMRESCKNELC,RESCKN,2037,169.9151
RE1,DEMRESCKNELC,RESCKN,2038,171.8727
RE1,DEMRESCKNELC,RESCKN,2039,173.8271
RE1,DEMRESCKNELC,RESCKN,2040,175.7786
RE1,DEMRESCKNELC,RESCKN,2041,177.7269
RE1,DEMRESCKNELC,RESCKN,2042,179.6732
RE1,DEMRESCKNELC,RESCKN,2043,181.6173
RE1,DEMRESCKNELC,RESCKN,2044,183.5594
RE1,DEMRESCKNELC,RESCKN,2045,185.4995
RE1,DEMRESCKNELC,RESCKN,2046,186.9697
RE1,DEMRESCKNELC,RESCKN,2047,188.439
RE1,DEMRESCKNELC,RESCKN,2048,189.9074
RE1,DEMRESCKNELC,RESCKN,2049,191.3751
RE1,DEMRESCKNELC,RESCKN,2050,192.8419
RE1,DEMRESCKNELC,RESCKN,2051,194.3449
RE1,DEMRESCKNELC,RESCKN,2052,195.8596
RE1,DEMRESCKNELC,RESCKN,2053,197.3861
RE1,DEMRESCKNELC,RESCKN,2054,198.9246
RE1,DEMRESCKNELC,RESCKN,2055,200.475
RE1,DEMRESCKNELC,RESCKN,2056,202.0375
RE1,DEMRESCKNELC,RESCKN,2057,203.6122
RE1,DEMRESCKNELC,RESCKN,2058,205.1991
RE1,DEMRESCKNELC,RESCKN,2059,206.7984
RE1,DEMRESCKNELC,RESCKN,2060,208.4102
RE1,DEMRESCKNELC,RESCKN,2061,210.0345
RE1,DEMRESCKNELC,RESCKN,2062,211.6715
RE1,DEMRESCKNELC,RESCKN,2063,213.3213
RE1,DEMRESCKNELC,RESCKN,2064,214.9839
RE1,DEMRESCKNELC,RESCKN,2065,216.6595
RE1,DEMRESCKNELC,RESCKN,2066,218.3482
RE1,DEMRESCKNELC,RESCKN,2067,220.05
RE1,DEMRESCKNELC,RESCKN,2068,221.765
RE1,DEMRESCKNELC,RESCKN,2069,223.4935
RE1,DEMRESCKNELC,RESCKN,2070,225.2354
RE1,DEMRESCKNOIL,RESCKN,2015,117.5028
RE1,DEMRESCKNOIL,RESCKN,2016,111.7023
RE1,DEMRESCKNOIL,RESCKN,2017,113.3469
RE1,DEMRESCKNOIL,RESCKN,2018,117.4106
RE1,DEMRESCKNOIL,RESCKN,2019,120.876
RE1,DEMRESCKNOIL,RESCKN,2020,124.3333
RE1,DEMRESCKNOIL,RESCKN,2021,126.9942
RE1,DEMRESCKNOIL,RESCKN,2022,129.6497
RE1,DEMRESCKNOIL,RESCKN,2023,132.3
RE1,DEMRESELC,RESELC,2015,163.7593
RE1,DEMRESELC,RESELC,2016,173.2287
RE1,DEMRESELC,RESELC,2017,181.3445
RE1,DEMRESELC,RESELC,2018,189.4604
RE1,DEMRESELC,RESELC,2019,197.5763
RE1,DEMRESELC,RESELC,2020,205.6922
RE1,DEMRESELC,RESELC,2021,211.9215
RE1,DEMRESELC,RESELC,2022,218.1507
RE1,DEMRESELC,RESELC,2023,224.38
RE1,DEMRESELC,RESELC,2024,7.4172
RE1,DEMRESELC,RESELC,2025,7.6175
RE1,DEMRESELC,RESELC,2026,7.834
RE1,DEMRESELC,RESELC,2027,8.0505
RE1,DEMRESELC,RESELC,2028,8.267
RE1,DEMRESELC,RESELC,2029,8.4835
RE1,DEMRESELC,RESELC,2030,8.7
RE1,DEMRESELC,RESELC,2031,8.9475
RE1,DEMRESELC,RESELC,2032,9.1949
RE1,DEMRESELC,RESELC,2033,9.4424
RE1,DEMRESELC,RESELC,2034,9.6899
RE1,DEMRESELC,RESELC,2035,9.9373
RE1,DEMRESELC,RESELC,2036,10.1365
RE1,DEMRESELC,RESELC,2037,10.3358
RE1,DEMRESELC,RESELC,2038,10.535
RE1,DEMRESELC,RESELC,2039,10.7342
RE1,DEMRESELC,RESELC,2040,10.1519
RE1,DEMRESELC,RESELC,2041,11.1285
RE1,DEMRESELC,RESELC,2042,11.3236
RE1,DEMRESELC,RESELC,2043,11.5186
RE1,DEMRESELC,RESELC,2044,8.8826
RE1,DEMRESELC,RESELC,2045,11.9088
RE1,DEMRESELC,RESELC,2046,12.0447
RE1,DEMRESELC,RESELC,2047,12.1805
RE1,DEMRESELC,RESELC,2048,12.3163
RE1,DEMRESELC,RESELC,2049,12.4522
RE1,DEMRESELC,RESELC,2050,9.5456
RE1,DEMRESELC,RESELC,2051,12.7284
RE1,DEMRESELC,RESELC,2052,12.8704
RE1,DEMRESELC,RESELC,2053,13.014
RE1,DEMRESELC,RESELC,2054,13.1592
RE1,DEMRESELC,RESELC,2055,13.3059
RE1,DEMRESELC,RESELC,2056,13.4544
RE1,DEMRESELC,RESELC,2057,13.6044
RE1,DEMRESELC,RESELC,2058,13.7562
RE1,DEMRESELC,RESELC,2059,13.9096
RE1,DEMRESELC,RESELC,2060,10.6655
RE1,DEMRESELC,RESELC,2061,14.2217
RE1,DEMRESELC,RESELC,2062,14.3803
RE1,DEMRESELC,RESELC,2063,14.5407
RE1,DEMRESELC,RESELC,2064,14.7029
RE1,DEMRESELC,RESELC,2065,14.867
RE1,DEMRESELC,RESELC,2066,15.0328
RE1,DEMRESELC,RESELC,2067,15.2005
RE1,DEMRESELC,RESELC,2068,15.37
RE1,DEMRESELC,RESELC,2069,11.7853
RE1,DEMRESELC,RESELC,2070,42.1905
RE1,DEMRESHEBIO,RESHEL,2015,84.5683
RE1,DEMRESHEBIO,RESHEL,2016,80.3936
RE1,DEMRESHEBIO,RESHEL,2017,81.5773
RE1,DEMRESHEBIO,RESHEL,2018,84.502
RE1,DEMRESHEBIO,RESHEL,2019,86.6177
RE1,DEMRESHEBIO,RESHEL,2020,88.7281
RE1,DEMRESHEBIO,RESHEL,2021,90.2975
RE1,DEMRESHEBIO,RESHEL,2022,91.8632
RE1,DEMRESHEBIO,RESHEL,2023,93.4254
RE1,DEMRESHEBIO,RESHEL,2024,94.9844
RE1,DEMRESHEBIO,RESHEL,2025,96.5403
RE1,DEMRESHEBIO,RESHEL,2026,98.2455
RE1,DEMRESHEBIO,RESHEL,2027,99.9472
RE1,DEMRESHEBIO,RESHEL,2028,101.6457
RE1,DEMRESHEBIO,RESHEL,2029,103.3411
RE1,DEMRESHEBIO,RESHEL,2030,105.0337
RE1,DEMRESHEBIO,RESHEL,2031,106.5837
RE1,DEMRESHEBIO,RESHEL,2032,108.1291
RE1,DEMRESHEBIO,RESHEL,2033,109.6701
RE1,DEMRESHEBIO,RESHEL,2034,111.2069
RE1,DEMRESHEBIO,RESHEL,2035,112.7397
RE1,DEMRESHEBIO,RESHEL,2036,114.0736
RE1,DEMRESHEBIO,RESHEL,2037,115.4053
RE1,DEMRESHEBIO,RESHEL,2038,116.7349
RE1,DEMRESHEBIO,RESHEL,2039,118.0623
RE1,DEMRESHEBIO,RESHEL,2040,119.3878
RE1,DEMRESHEBIO,RESHEL,2041,120.7111
RE1,DEMRESHEBIO,RESHEL,2042,122.033
RE1,DEMRESHEBIO,RESHEL,2043,123.3534
RE1,DEMRESHEBIO,RESHEL,2044,124.6724
RE1,DEMRESHEBIO,RESHEL,2045,125.9901
RE1,DEMRESHEBIO,RESHEL,2046,126.9887
RE1,DEMRESHEBIO,RESHEL,2047,127.9866
RE1,DEMRESHEBIO,RESHEL,2048,128.984
RE1,DEMRESHEBIO,RESHEL,2049,129.9808
RE1,DEMRESHEBIO,RESHEL,2050,130.9771
RE1,DEMRESHEBIO,RESHEL,2051,131.9979
RE1,DEMRESHEBIO,RESHEL,2052,133.0267
RE1,DEMRESHEBIO,RESHEL,2053,134.0635
RE1,DEMRESHEBIO,RESHEL,2054,135.1084
RE1,DEMRESHEBIO,RESHEL,2055,136.1614
RE1,DEMRESHEBIO,RESHEL,2056,137.2226
RE1,DEMRESHEBIO,RESHEL,2057,138.2921
RE1,DEMRESHEBIO,RESHEL,2058,139.37
RE1,DEMRESHEBIO,RESHEL,2059,140.4562
RE1,DEMRESHEBIO,RESHEL,2060,141.551
RE1,DEMRESHEBIO,RESHEL,2061,142.6542
RE1,DEMRESHEBIO,RESHEL,2062,143.766
RE1,DEMRESHEBIO,RESHEL,2063,144.8866
RE1,DEMRESHEBIO,RESHEL,2064,146.0158
RE1,DEMRESHEBIO,RESHEL,2065,147.1538
RE1,DEMRESHEBIO,RESHEL,2066,148.3008
RE1,DEMRESHEBIO,RESHEL,2067,149.4566
RE1,DEMRESHEBIO,RESHEL,2068,150.6215
RE1,DEMRESHEBIO,RESHEL,2069,151.7954
RE1,DEMRESHEBIO,RESHEL,2070,152.9785
RE1,DEMTRABUSELC,TRABUS,2040,0.0
RE1,DEMTRABUSELC,TRABUS,2050,706.5206
RE1,DEMTRABUSELC,TRABUS,2051,711.9011
RE1,DEMTRABUSELC,TRABUS,2052,717.3231
RE1,DEMTRABUSELC,TRABUS,2053,722.7871
RE1,DEMTRABUSELC,TRABUS,2054,728.2934
RE1,DEMTRABUSELC,TRABUS,2055,733.8422
RE1,DEMTRABUSELC,TRABUS,2056,739.434
RE1,DEMTRABUSELC,TRABUS,2057,745.069
RE1,DEMTRABUSELC,TRABUS,2058,750.7477
RE1,DEMTRABUSELC,TRABUS,2059,756.4703
RE1,DEMTRABUSELC,TRABUS,2060,762.2371
RE1,DEMTRABUSELC,TRABUS,2061,768.0486
RE1,DEMTRABUSELC,TRABUS,2062,773.9051
RE1,DEMTRABUSELC,TRABUS,2063,779.8069
RE1,DEMTRABUSELC,TRABUS,2064,785.7544
RE1,DEMTRABUSELC,TRABUS,2065,791.7479
RE1,DEMTRABUSELC,TRABUS,2066,797.7879
RE1,DEMTRABUSELC,TRABUS,2067,803.8745
RE1,DEMTRABUSELC,TRABUS,2068,810.0083
RE1,DEMTRABUSELC,TRABUS,2069,816.1896
RE1,DEMTRABUSELC,TRABUS,2070,822.4188
RE1,DEMTRABUSGSL,TRABUS,2015,424.8035
RE1,DEMTRABUSGSL,TRABUS,2016,441.0859
RE1,DEMTRABUSGSL,TRABUS,2017,451.2264
RE1,DEMTRABUSGSL,TRABUS,2018,462.1623
RE1,DEMTRABUSGSL,TRABUS,2019,472.7286
RE1,DEMTRABUSGSL,TRABUS,2020,483.2925
RE1,DEMTRABUSGSL,TRABUS,2021,491.7318
RE1,DEMTRABUSGSL,TRABUS,2022,500.1694
RE1,DEMTRABUSGSL,TRABUS,2023,508.6055
RE1,DEMTRABUSGSL,TRABUS,2024,517.0401
RE1,DEMTRABUSGSL,TRABUS,2025,525.4732
RE1,DEMTRABUSGSL,TRABUS,2026,534.866
RE1,DEMTRABUSGSL,TRABUS,2027,544.2573
RE1,DEMTRABUSGSL,TRABUS,2028,553.647
RE1,DEMTRABUSGSL,TRABUS,2029,563.0354
RE1,DEMTRABUSGSL,TRABUS,2030,572.4224
RE1,DEMTRABUSGSL,TRABUS,2031,580.19
RE1,DEMTRABUSGSL,TRABUS,2032,587.9555
RE1,DEMTRABUSGSL,TRABUS,2033,595.719
RE1,DEMTRABUSGSL,TRABUS,2034,603.4805
RE1,DEMTRABUSGSL,TRABUS,2035,611.2402
RE1,DEMTRABUSGSL,TRABUS,2036,618.3143
RE1,DEMTRABUSGSL,TRABUS,2037,625.3873
RE1,DEMTRABUSGSL,TRABUS,2038,632.4593
RE1,DEMTRABUSGSL,TRABUS,2039,639.5304
RE1,DEMTRABUSGSL,TRABUS,2040,646.6005
RE1,DEMTRABUSGSL,TRABUS,2041,653.328
RE1,DEMTRABUSGSL,TRABUS,2042,660.0549
RE1,DEMTRABUSGSL,TRABUS,2043,666.7811
RE1,DEMTRABUSGSL,TRABUS,2044,673.5066
RE1,DEMTRABUSGSL,TRABUS,2045,680.2315
RE1,DEMTRABUSGSL,TRABUS,2046,685.4899
RE1,DEMTRABUSGSL,TRABUS,2047,690.748
RE1,DEMTRABUSGSL,TRABUS,2048,696.0058
RE1,DEMTRABUSGSL,TRABUS,2049,701.2633
RE1,DEMTRACARELC,TRACAR,2040,0.0
RE1,DEMTRACARELC,TRACAR,2050,821.0916
RE1,DEMTRACARELC,TRACAR,2051,827.3445
RE1,DEMTRACARELC,TRACAR,2052,833.6458
RE1,DEMTRACARELC,TRACAR,2053,839.9959
RE1,DEMTRACARELC,TRACAR,2054,846.395
RE1,DEMTRACARELC,TRACAR,2055,852.8437
RE1,DEMTRACARELC,TRACAR,2056,859.3422
RE1,DEMTRACARELC,TRACAR,2057,865.8911
RE1,DEMTRACARELC,TRACAR,2058,872.4906
RE1,DEMTRACARELC,TRACAR,2059,879.1412
RE1,DEMTRACARELC,TRACAR,2060,885.8432
RE1,DEMTRACARELC,TRACAR,2061,892.5971
RE1,DEMTRACARELC,TRACAR,2062,899.4033
RE1,DEMTRACARELC,TRACAR,2063,906.2621
RE1,DEMTRACARELC,TRACAR,2064,913.1741
RE1,DEMTRACARELC,TRACAR,2065,920.1396
RE1,DEMTRACARELC,TRACAR,2066,927.1589
RE1,DEMTRACARELC,TRACAR,2067,934.2326
RE1,DEMTRACARELC,TRACAR,2068,941.3611
RE1,DEMTRACARELC,TRACAR,2069,948.5448
RE1,DEMTRACARELC,TRACAR,2070,955.784
RE1,DEMTRACARGSL,TRACAR,2015,493.6905
RE1,DEMTRACARGSL,TRACAR,2016,512.6133
RE1,DEMTRACARGSL,TRACAR,2017,524.3982
RE1,DEMTRACARGSL,TRACAR,2018,537.1076
RE1,DEMTRACARGSL,TRACAR,2019,549.3873
RE1,DEMTRACARGSL,TRACAR,2020,561.6643
RE1,DEMTRACARGSL,TRACAR,2021,571.4721
RE1,DEMTRACARGSL,TRACAR,2022,581.278
RE1,DEMTRACARGSL,TRACAR,2023,591.082
RE1,DEMTRACARGSL,TRACAR,2024,600.8844
RE1,DEMTRACARGSL,TRACAR,2025,610.6851
RE1,DEMTRACARGSL,TRACAR,2026,621.601
RE1,DEMTRACARGSL,TRACAR,2027,632.5152
RE1,DEMTRACARGSL,TRACAR,2028,643.4276
RE1,DEMTRACARGSL,TRACAR,2029,654.3384
RE1,DEMTRACARGSL,TRACAR,2030,665.2477
RE1,DEMTRACARGSL,TRACAR,2031,674.2749
RE1,DEMTRACARGSL,TRACAR,2032,683.2997
RE1,DEMTRACARGSL,TRACAR,2033,692.322
RE1,DEMTRACARGSL,TRACAR,2034,701.3422
RE1,DEMTRACARGSL,TRACAR,2035,710.3603
RE1,DEMTRACARGSL,TRACAR,2036,718.5815
RE1,DEMTRACARGSL,TRACAR,2037,726.8015
RE1,DEMTRACARGSL,TRACAR,2038,735.0203
RE1,DEMTRACARGSL,TRACAR,2039,743.238
RE1,DEMTRACARGSL,TRACAR,2040,751.4547
RE1,DEMTRACARGSL,TRACAR,2041,759.2732
RE1,DEMTRACARGSL,TRACAR,2042,767.0908
RE1,DEMTRACARGSL,TRACAR,2043,774.9077
RE1,DEMTRACARGSL,TRACAR,2044,782.7239
RE1,DEMTRACARGSL,TRACAR,2045,790.5394
RE1,DEMTRACARGSL,TRACAR,2046,796.6505
RE1,DEMTRACARGSL,TRACAR,2047,802.7612
RE1,DEMTRACARGSL,TRACAR,2048,808.8716
RE1,DEMTRACARGSL,TRACAR,2049,814.9817
RE1,DEMTRAEVC,ELCEV,2024,310.224
RE1,DEMTRAEVC,ELCEV,2025,315.2839
RE1,DEMTRAEVC,ELCEV,2026,320.9196
RE1,DEMTRAEVC,ELCEV,2027,326.5544
RE1,DEMTRAEVC,ELCEV,2028,332.1882
RE1,DEMTRAEVC,ELCEV,2029,337.8212
RE1,DEMTRAEVC,ELCEV,2030,343.4535
RE1,DEMTRAEVC,ELCEV,2031,348.114
RE1,DEMTRAEVC,ELCEV,2032,352.7733
RE1,DEMTRAEVC,ELCEV,2033,357.4314
RE1,DEMTRAEVC,ELCEV,2034,362.0883
RE1,DEMTRAEVC,ELCEV,2035,366.7441
RE1,DEMTRAEVC,ELCEV,2036,370.9886
RE1,DEMTRAEVC,ELCEV,2037,375.2324
RE1,DEMTRAEVC,ELCEV,2038,379.4756
RE1,DEMTRAEVC,ELCEV,2039,383.7182
RE1,DEMTRAEVC,ELCEV,2040,387.9603
RE1,DEMTRAEVC,ELCEV,2041,391.9968
RE1,DEMTRAEVC,ELCEV,2042,396.0329
RE1,DEMTRAEVC,ELCEV,2043,400.0686
RE1,DEMTRAEVC,ELCEV,2044,404.104
RE1,DEMTRAEVC,ELCEV,2045,408.1389
RE1,DEMTRAEVC,ELCEV,2046,411.2939
RE1,DEMTRAEVC,ELCEV,2047,414.4488
RE1,DEMTRAEVC,ELCEV,2048,417.6035
RE1,DEMTRAEVC,ELCEV,2049,420.758
RE1,DEMTRAEVC,ELCEV,2050,2119.562
RE1,DEMTRAEVC,ELCEV,2051,2135.7033
RE1,DEMTRAEVC,ELCEV,2052,2151.9694
RE1,DEMTRAEVC,ELCEV,2053,2168.3614
RE1,DEMTRAEVC,ELCEV,2054,2184.8802
RE1,DEMTRAEVC,ELCEV,2055,2201.5267
RE1,DEMTRAEVC,ELCEV,2056,2218.302
RE1,DEMTRAEVC,ELCEV,2057,2235.2072
RE1,DEMTRAEVC,ELCEV,2058,2252.2431
RE1,DEMTRAEVC,ELCEV,2059,2269.4109
RE1,DEMTRAEVC,ELCEV,2060,2286.7115
RE1,DEMTRAEVC,ELCEV,2061,2304.146
RE1,DEMTRAEVC,ELCEV,2062,2321.7155
RE1,DEMTRAEVC,ELCEV,2063,2339.4209
RE1,DEMTRAEVC,ELCEV,2064,2357.2633
RE1,DEMTRAEVC,ELCEV,2065,2375.2439
RE1,DEMTRAEVC,ELCEV,2066,2393.3636
RE1,DEMTRAEVC,ELCEV,2067,2411.6237
RE1,DEMTRAEVC,ELCEV,2068,2430.0251
RE1,DEMTRAEVC,ELCEV,2069,2448.569
RE1,DEMTRAEVC,ELCEV,2070,2467.2565
RE1,DEMTRAMCYELC,TRAMCY,2024,279.4811
RE1,DEMTRAMCYELC,TRAMCY,2025,284.0396
RE1,DEMTRAMCYELC,TRAMCY,2026,289.1168
RE1,DEMTRAMCYELC,TRAMCY,2027,294.1931
RE1,DEMTRAMCYELC,TRAMCY,2028,299.2686
RE1,DEMTRAMCYELC,TRAMCY,2029,304.3434
RE1,DEMTRAMCYELC,TRAMCY,2030,309.4175
RE1,DEMTRAMCYELC,TRAMCY,2031,313.6162
RE1,DEMTRAMCYELC,TRAMCY,2032,317.8138
RE1,DEMTRAMCYELC,TRAMCY,2033,322.0102
RE1,DEMTRAMCYELC,TRAMCY,2034,326.2057
RE1,DEMTRAMCYELC,TRAMCY,2035,330.4001
RE1,DEMTRAMCYELC,TRAMCY,2036,334.2239
RE1,DEMTRAMCYELC,TRAMCY,2037,338.0472
RE1,DEMTRAMCYELC,TRAMCY,2038,341.8699
RE1,DEMTRAMCYELC,TRAMCY,2039,345.6921
RE1,DEMTRAMCYELC,TRAMCY,2040,349.5138
RE1,DEMTRAMCYELC,TRAMCY,2041,353.1503
RE1,DEMTRAMCYELC,TRAMCY,2042,356.7864
RE1,DEMTRAMCYELC,TRAMCY,2043,360.4222
RE1,DEMTRAMCYELC,TRAMCY,2044,364.0576
RE1,DEMTRAMCYELC,TRAMCY,2045,367.6927
RE1,DEMTRAMCYELC,TRAMCY,2046,370.5351
RE1,DEMTRAMCYELC,TRAMCY,2047,373.3773
RE1,DEMTRAMCYELC,TRAMCY,2048,376.2193
RE1,DEMTRAMCYELC,TRAMCY,2049,379.0613
RE1,DEMTRAMCYELC,TRAMCY,2050,381.903
RE1,DEMTRAMCYELC,TRAMCY,2051,384.8114
RE1,DEMTRAMCYELC,TRAMCY,2052,387.7422
RE1,DEMTRAMCYELC,TRAMCY,2053,390.6957
RE1,DEMTRAMCYELC,TRAMCY,2054,393.6721
RE1,DEMTRAMCYELC,TRAMCY,2055,396.6715
RE1,DEMTRAMCYELC,TRAMCY,2056,399.6941
RE1,DEMTRAMCYELC,TRAMCY,2057,402.7401
RE1,DEMTRAMCYELC,TRAMCY,2058,405.8096
RE1,DEMTRAMCYELC,TRAMCY,2059,408.9029
RE1,DEMTRAMCYELC,TRAMCY,2060,412.0201
RE1,DEMTRAMCYELC,TRAMCY,2061,415.1614
RE1,DEMTRAMCYELC,TRAMCY,2062,418.3271
RE1,DEMTRAMCYELC,TRAMCY,2063,421.5173
RE1,DEMTRAMCYELC,TRAMCY,2064,424.7321
RE1,DEMTRAMCYELC,TRAMCY,2065,427.9719
RE1,DEMTRAMCYELC,TRAMCY,2066,431.2367
RE1,DEMTRAMCYELC,TRAMCY,2067,434.5268
RE1,DEMTRAMCYELC,TRAMCY,2068,437.8424
RE1,DEMTRAMCYELC,TRAMCY,2069,441.1836
RE1,DEMTRAMCYELC,TRAMCY,2070,444.5507
RE1,DEMTRAMCYGSL,TRAMCY,2015,229.6235
RE1,DEMTRAMCYGSL,TRAMCY,2016,238.4248
RE1,DEMTRAMCYGSL,TRAMCY,2017,243.9061
RE1,DEMTRAMCYGSL,TRAMCY,2018,249.8174
RE1,DEMTRAMCYGSL,TRAMCY,2019,255.529
RE1,DEMTRAMCYGSL,TRAMCY,2020,261.2392
RE1,DEMTRAMCYGSL,TRAMCY,2021,265.801
RE1,DEMTRAMCYGSL,TRAMCY,2022,270.3618
RE1,DEMTRAMCYGSL,TRAMCY,2023,274.9219
RE1,IMPCOA,COA,2027,3585.2829
RE1,IMPCOA,COA,2028,4132.4296
RE1,IMPCOA,COA,2029,4119.3537
RE1,IMPCOA,COA,2030,4130.9917
RE1,IMPCOA,COA,2031,4341.5634
RE1,IMPCOA,COA,2032,4446.0164
RE1,IMPCOA,COA,2033,4574.0743
RE1,IMPCOA,COA,2034,4665.2357
RE1,IMPCOA,COA,2035,4676.5121
RE1,IMPCOA,COA,2036,4686.4121
RE1,IMPCOA,COA,2037,4590.9724
RE1,IMPCOA,COA,2038,4600.8517
RE1,IMPCOA,COA,2039,4610.7212
RE1,IMPCOA,COA,2040,4620.5813
RE1,IMPCOA,COA,2041,4630.8549
RE1,IMPCOA,COA,2042,4589.4359
RE1,IMPCOA,COA,2043,4599.6959
RE1,IMPCOA,COA,2044,4609.9494
RE1,IMPCOA,COA,2045,4614.5105
RE1,IMPCOA,COA,2046,4622.1831
RE1,IMPCOA,COA,2047,4630.5499
RE1,IMPCOA,COA,2048,4638.3146
RE1,IMPCOA,COA,2049,4645.9792
RE1,IMPCOA,COA,2050,4636.5871
RE1,IMPCOA,COA,2051,4639.0403
RE1,IMPCOA,COA,2052,4646.8031
RE1,IMPCOA,COA,2053,4654.6245
RE1,IMPCOA,COA,2054,4662.505
RE1,IMPCOA,COA,2055,4670.445
RE1,IMPCOA,COA,2056,4678.445
RE1,IMPCOA,COA,2057,4686.5054
RE1,IMPCOA,COA,2058,4694.6266
RE1,IMPCOA,COA,2059,4702.4821
RE1,IMPCOA,COA,2060,4711.9275
RE1,IMPCOA,COA,2061,4719.3602
RE1,IMPCOA,COA,2062,4727.7296
RE1,IMPCOA,COA,2063,4736.1623
RE1,IMPCOA,COA,2064,4744.6587
RE1,IMPCOA,COA,2065,4753.2193
RE1,IMPCOA,COA,2066,4761.8446
RE1,IMPCOA,COA,2067,4770.5351
RE1,IMPCOA,COA,2068,4779.2914
RE1,IMPCOA,COA,2069,4823.5155
RE1,IMPCOA,COA,2070,3701.9793
RE1,IMPLFO,LFO,2015,5550.7899
RE1,IMPLFO,LFO,2016,5742.9386
RE1,IMPLFO,LFO,2017,5873.1208
RE1,IMPLFO,LFO,2018,6018.0954
RE1,IMPLFO,LFO,2019,6157.2481
RE1,IMPLFO,LFO,2020,6296.354
RE1,IMPLFO,LFO,2021,6407.2812
RE1,IMPLFO,LFO,2022,6518.1765
RE1,IMPLFO,LFO,2023,6629.0418
RE1,IMPLFO,LFO,2024,3145.0971
RE1,IMPLFO,LFO,2025,5155.3183
RE1,IMPLFO,LFO,2026,5247.4693
RE1,IMPLFO,LFO,2027,5339.6051
RE1,IMPLFO,LFO,2028,5431.7263
RE1,IMPLFO,LFO,2029,5523.8338
RE1,IMPLFO,LFO,2030,5615.9284
RE1,IMPLFO,LFO,2031,5692.1349
RE1,IMPLFO,LFO,2032,5768.3205
RE1,IMPLFO,LFO,2033,5844.4863
RE1,IMPLFO,LFO,2034,5920.6333
RE1,IMPLFO,LFO,2035,5996.7626
RE1,IMPLFO,LFO,2036,6066.1647
RE1,IMPLFO,LFO,2037,6135.5566
RE1,IMPLFO,LFO,2038,6204.9389
RE1,IMPLFO,LFO,2039,6274.3118
RE1,IMPLFO,LFO,2040,6343.6757
RE1,IMPLFO,LFO,2041,6409.678
RE1,IMPLFO,LFO,2042,6475.6737
RE1,IMPLFO,LFO,2043,6541.663
RE1,IMPLFO,LFO,2044,6607.6461
RE1,IMPLFO,LFO,2045,6673.6232
RE1,IMPLFO,LFO,2046,6725.2119
RE1,IMPLFO,LFO,2047,6776.7979
RE1,IMPLFO,LFO,2048,6828.3813
RE1,IMPLFO,LFO,2049,6879.9622
RE1,IMPLFO,LFO,2054,0.0
RE1,INDENEFFDP,INDELC,2024,447.0973
RE1,INDENEFFDP,INDELC,2025,459.1743
RE1,INDENEFFDP,INDELC,2026,472.2246
RE1,INDENEFFDP,INDELC,2027,485.2749
RE1,INDENEFFDP,INDELC,2028,498.3253
RE1,INDENEFFDP,INDELC,2029,511.3757
RE1,INDENEFFDP,INDELC,2030,524.4259
RE1,INDENEFFDP,INDELC,2031,539.3423
RE1,INDENEFFDP,INDELC,2032,554.2587
RE1,INDENEFFDP,INDELC,2033,569.1751
RE1,INDENEFFDP,INDELC,2034,584.0914
RE1,INDENEFFDP,INDELC,2035,599.0078
RE1,INDENEFFDP,INDELC,2036,611.0165
RE1,INDENEFFDP,INDELC,2037,623.0252
RE1,INDENEFFDP,INDELC,2038,635.0339
RE1,INDENEFFDP,INDELC,2039,647.0427
RE1,INDENEFFDP,INDELC,2040,660.6169
RE1,INDENEFFDP,INDELC,2041,670.8108
RE1,INDENEFFDP,INDELC,2042,682.5702
RE1,INDENEFFDP,INDELC,2043,694.3295
RE1,INDENEFFDP,INDELC,2044,711.7601
RE1,INDENEFFDP,INDELC,2045,717.8482
RE1,INDENEFFDP,INDELC,2046,726.0363
RE1,INDENEFFDP,INDELC,2047,734.2245
RE1,INDENEFFDP,INDELC,2048,742.4126
RE1,INDENEFFDP,INDELC,2049,750.6007
RE1,INDENEFFDP,INDELC,2050,764.8834
RE1,INDENEFFDP,INDELC,2051,767.2531
RE1,INDENEFFDP,INDELC,2052,775.8116
RE1,INDENEFFDP,INDELC,2053,784.4657
RE1,INDENEFFDP,INDELC,2054,793.2163
RE1,INDENEFFDP,INDELC,2055,802.0645
RE1,INDENEFFDP,INDELC,2056,811.0114
RE1,INDENEFFDP,INDELC,2057,820.058
RE1,INDENEFFDP,INDELC,2058,829.2057
RE1,INDENEFFDP,INDELC,2059,838.4554
RE1,INDENEFFDP,INDELC,2060,854.6177
RE1,INDENEFFDP,INDELC,2061,857.2653
RE1,INDENEFFDP,INDELC,2062,866.8281
RE1,INDENEFFDP,INDELC,2063,876.4974
RE1,INDENEFFDP,INDELC,2064,886.2746
RE1,INDENEFFDP,INDELC,2065,896.1608
RE1,INDENEFFDP,INDELC,2066,906.1573
RE1,INDENEFFDP,INDELC,2067,916.2654
RE1,INDENEFFDP,INDELC,2068,926.4862
RE1,INDENEFFDP,INDELC,2069,944.3455
RE1,INDENEFFDP,INDELC,2070,894.2352
RE1,MINBIO,BIO,2015,1083.1531
RE1,MINBIO,BIO,2016,1039.3006
RE1,MINBIO,BIO,2017,1077.9026
RE1,MINBIO,BIO,2018,1116.6381
RE1,MINBIO,BIO,2019,1137.3915
RE1,MINBIO,BIO,2020,1170.5173
RE1,MINBIO,BIO,2021,1197.7543
RE1,MINBIO,BIO,2022,1212.6691
RE1,MINBIO,BIO,2023,1227.5592
RE1,MINBIO,BIO,2024,1242.4259
RE1,MINBIO,BIO,2025,1257.2706
RE1,MINBIO,BIO,2026,1273.6359
RE1,MINBIO,BIO,2027,1289.9767
RE1,MINBIO,BIO,2028,1306.2942
RE1,MINBIO,BIO,2029,1322.5898
RE1,MINBIO,BIO,2030,1338.8647
RE1,MINBIO,BIO,2031,1181.6437
RE1,MINBIO,BIO,2032,1196.2983
RE1,MINBIO,BIO,2033,1210.9212
RE1,MINBIO,BIO,2034,1225.5141
RE1,MINBIO,BIO,2035,1312.9459
RE1,MINBIO,BIO,2036,1389.3213
RE1,MINBIO,BIO,2037,1544.9949
RE1,MINBIO,BIO,2038,1682.4521
RE1,MINBIO,BIO,2039,1754.799
RE1,MINBIO,BIO,2040,1828.3064
RE1,MINBIO,BIO,2041,1923.3736
RE1,MINBIO,BIO,2042,2035.1202
RE1,MINBIO,BIO,2043,2106.4583
RE1,MINBIO,BIO,2044,2218.0407
RE1,MINBIO,BIO,2045,2360.4907
RE1,MINBIO,BIO,2046,2412.1838
RE1,MINBIO,BIO,2047,2473.3877
RE1,MINBIO,BIO,2048,2526.3399
RE1,MINBIO,BIO,2049,2577.9184
RE1,MINBIO,BIO,2050,7224.1049
RE1,MINBIO,BIO,2051,7382.4006
RE1,MINBIO,BIO,2052,7472.8917
RE1,MINBIO,BIO,2053,7564.1996
RE1,MINBIO,BIO,2054,7656.3321
RE1,MINBIO,BIO,2055,7749.2967
RE1,MINBIO,BIO,2056,7843.1016
RE1,MINBIO,BIO,2057,7937.7543
RE1,MINBIO,BIO,2058,8033.2628
RE1,MINBIO,BIO,2059,8116.6505
RE1,MINBIO,BIO,2060,8248.8756
RE1,MINBIO,BIO,2061,8325.0041
RE1,MINBIO,BIO,2062,8424.0171
RE1,MINBIO,BIO,2063,8523.9269
RE1,MINBIO,BIO,2064,8624.7418
RE1,MINBIO,BIO,2065,8726.4705
RE1,MINBIO,BIO,2066,8829.1215
RE1,MINBIO,BIO,2067,8932.7033
RE1,MINBIO,BIO,2068,9037.225
RE1,MINBIO,BIO,2069,9105.0482
RE1,MINBIO,BIO,2070,8987.1553
RE1,MINCOA,COA,2015,1201.8754
RE1,MINCOA,COA,2016,1120.3443
RE1,MINCOA,COA,2017,1132.6138
RE1,MINCOA,COA,2018,1153.041
RE1,MINCOA,COA,2019,1262.8932
RE1,MINCOA,COA,2020,2935.6729
RE1,MINCOA,COA,2021,3016.1628
RE1,MINCOA,COA,2022,3114.3238
RE1,MINCOA,COA,2023,3212.4118
RE1,MINCOA,COA,2024,4270.9939
RE1,MINCOA,COA,2025,4094.5094
RE1,MINCOA,COA,2026,4107.1652
RE1,MINCOA,COA,2027,534.5221
RE1,MINGEO,GEO,2024,1.4486
RE1,MINGEO,GEO,2025,1.4486
RE1,MINGEO,GEO,2026,1.4486
RE1,MINGEO,GEO,2027,1.4486
RE1,MINGEO,GEO,2028,1.4486
RE1,MINGEO,GEO,2029,1.4486
RE1,MINGEO,GEO,2030,1.4486
RE1,MINGEO,GEO,2031,1.4486
RE1,MINGEO,GEO,2032,1.4486
RE1,MINGEO,GEO,2033,1.4486
RE1,MINGEO,GEO,2034,1.4486
RE1,MINGEO,GEO,2035,1.4486
RE1,MINGEO,GEO,2036,1.4486
RE1,MINGEO,GEO,2037,1.4486
RE1,MINGEO,GEO,2038,1.4486
RE1,MINGEO,GEO,2039,1.4486
RE1,MINGEO,GEO,2040,1.4486
RE1,MINGEO,GEO,2041,1.4486
RE1,MINGEO,GEO,2042,1.4486
RE1,MINGEO,GEO,2043,1.4486
RE1,MINGEO,GEO,2044,1.4486
RE1,MINGEO,GEO,2045,1.4486
RE1,MINGEO,GEO,2046,1.4486
RE1,MINGEO,GEO,2047,1.4486
RE1,MINGEO,GEO,2048,1.4486
RE1,MINGEO,GEO,2049,1.4486
RE1,MINGEO,GEO,2050,1.4486
RE1,MINGEO,GEO,2051,1.4486
RE1,MINGEO,GEO,2052,1.4486
RE1,MINGEO,GEO,2053,1.4486
RE1,MINGEO,GEO,2054,1.4486
RE1,MINGEO,GEO,2055,1.4486
RE1,MINGEO,GEO,2056,1.4486
RE1,MINGEO,GEO,2057,1.4486
RE1,MINGEO,GEO,2058,1.4486
RE1,MINGEO,GEO,2059,1.4486
RE1,MINGEO,GEO,2060,1.4486
RE1,MINGEO,GEO,2061,1.4486
RE1,MINGEO,GEO,2062,1.4486
RE1,MINGEO,GEO,2063,1.4486
RE1,MINGEO,GEO,2064,1.4486
RE1,MINGEO,GEO,2065,1.4486
RE1,MINGEO,GEO,2066,1.4486
RE1,MINGEO,GEO,2067,1.4486
RE1,MINGEO,GEO,2068,1.4486
RE1,MINGEO,GEO,2069,1.4486
RE1,MINGEO,GEO,2070,1.4486
RE1,MINHYD,HYD,2015,29.4911
RE1,MINHYD,HYD,2016,29.4911
RE1,MINHYD,HYD,2017,29.4911
RE1,MINHYD,HYD,2018,29.4911
RE1,MINHYD,HYD,2019,29.4911
RE1,MINHYD,HYD,2020,29.4911
RE1,MINHYD,HYD,2021,29.4911
RE1,MINHYD,HYD,2022,29.4911
RE1,MINHYD,HYD,2023,29.4911
RE1,MINHYD,HYD,2024,29.4911
RE1,MINHYD,HYD,2025,29.4911
RE1,MINHYD,HYD,2026,29.4911
RE1,MINHYD,HYD,2027,29.4911
RE1,MINHYD,HYD,2028,29.4911
RE1,MINHYD,HYD,2029,29.4911
RE1,MINHYD,HYD,2030,29.4911
RE1,MINHYD,HYD,2031,29.4911
RE1,MINHYD,HYD,2032,29.4911
RE1,MINHYD,HYD,2033,29.4911
RE1,MINHYD,HYD,2034,29.4911
RE1,MINHYD,HYD,2035,29.4911
RE1,MINHYD,HYD,2036,29.4911
RE1,MINHYD,HYD,2037,29.4911
RE1,MINHYD,HYD,2038,29.4911
RE1,MINHYD,HYD,2039,29.4911
RE1,MINHYD,HYD,2040,29.4911
RE1,MINHYD,HYD,2041,29.4911
RE1,MINHYD,HYD,2042,29.4911
RE1,MINHYD,HYD,2043,29.4911
RE1,MINHYD,HYD,2044,29.4911
RE1,MINHYD,HYD,2045,29.4911
RE1,MINHYD,HYD,2046,29.4911
RE1,MINHYD,HYD,2047,29.4911
RE1,MINHYD,HYD,2048,29.4911
RE1,MINHYD,HYD,2049,29.4911
RE1,MINHYD,HYD,2050,29.4911
RE1,MINNGS,NGS,2015,794.6634
RE1,MINNGS,NGS,2016,796.9507
RE1,MINNGS,NGS,2017,806.5935
RE1,MINNGS,NGS,2018,839.6294
RE1,MINNGS,NGS,2019,846.9226
RE1,MINNGS,NGS,2024,12.0407
RE1,MINNGS,NGS,2025,11.3331
RE1,MINNGS,NGS,2026,65.5686
RE1,MINNGS,NGS,2027,118.2552
RE1,MINNGS,NGS,2028,169.2656
RE1,MINNGS,NGS,2029,235.7775
RE1,MINNGS,NGS,2030,79.8136
RE1,MINNGS,NGS,2031,141.4833
RE1,MINNGS,NGS,2032,142.46
RE1,MINNGS,NGS,2033,130.5444
RE1,MINNGS,NGS,2034,127.5291
RE1,MINNGS,NGS,2035,128.538
RE1,MINNGS,NGS,2036,129.2408
RE1,MINNGS,NGS,2037,130.091
RE1,MINNGS,NGS,2038,86.1789
RE1,MINNGS,NGS,2039,87.0286
RE1,MINNGS,NGS,2040,77.825
RE1,MINNGS,NGS,2041,71.2877
RE1,MINNGS,NGS,2042,72.115
RE1,MINNGS,NGS,2043,72.6168
RE1,MINNGS,NGS,2044,40.3955
RE1,MINOIL,OIL,2024,2141.65
RE1,MINSOL,SOL,2015,8.5316
RE1,MINSOL,SOL,2016,14.7631
RE1,MINSOL,SOL,2017,16.2721
RE1,MINSOL,SOL,2018,17.8654
RE1,MINSOL,SOL,2019,17.9916
RE1,MINSOL,SOL,2020,17.9916
RE1,MINSOL,SOL,2021,18.4545
RE1,MINSOL,SOL,2022,18.4545
RE1,MINSOL,SOL,2023,18.4545
RE1,MINSOL,SOL,2024,18.4545
RE1,MINSOL,SOL,2025,104.1034
RE1,MINSOL,SOL,2026,105.5297
RE1,MINSOL,SOL,2027,107.7845
RE1,MINSOL,SOL,2028,110.9385
RE1,MINSOL,SOL,2029,113.2152
RE1,MINSOL,SOL,2030,115.4912
RE1,MINSOL,SOL,2031,117.7677
RE1,MINSOL,SOL,2032,120.0428
RE1,MINSOL,SOL,2033,122.3169
RE1,MINSOL,SOL,2034,127.6545
RE1,MINSOL,SOL,2035,130.0047
RE1,MINSOL,SOL,2036,131.9859
RE1,MINSOL,SOL,2037,133.9665
RE1,MINSOL,SOL,2038,135.9466
RE1,MINSOL,SOL,2039,137.926
RE1,MINSOL,SOL,2040,142.2956
RE1,MINSOL,SOL,2041,141.8327
RE1,MINSOL,SOL,2042,143.76
RE1,MINSOL,SOL,2043,145.6869
RE1,MINSOL,SOL,2044,147.586
RE1,MINSOL,SOL,2045,149.5121
RE1,MINSOL,SOL,2046,150.9179
RE1,MINSOL,SOL,2047,152.3236
RE1,MINSOL,SOL,2048,153.7291
RE1,MINSOL,SOL,2049,155.1344
RE1,MINSOL,SOL,2050,275.7221
RE1,MINSOL,SOL,2051,282.0875
RE1,MINSOL,SOL,2052,284.4927
RE1,MINSOL,SOL,2053,286.9194
RE1,MINSOL,SOL,2054,289.3675
RE1,MINSOL,SOL,2055,291.8374
RE1,MINSOL,SOL,2056,294.3291
RE1,MINSOL,SOL,2057,296.8431
RE1,MINSOL,SOL,2058,299.3793
RE1,MINSOL,SOL,2059,300.816
RE1,MINSOL,SOL,2060,298.54
RE1,MINSOL,SOL,2061,307.1241
RE1,MINSOL,SOL,2062,309.7517
RE1,MINSOL,SOL,2063,312.4027
RE1,MINSOL,SOL,2064,315.0773
RE1,MINSOL,SOL,2065,317.7757
RE1,MINSOL,SOL,2066,320.4982
RE1,MINSOL,SOL,2067,323.2449
RE1,MINSOL,SOL,2068,326.0161
RE1,MINSOL,SOL,2069,328.812
RE1,MINSOL,SOL,2070,372.5568
RE1,MINWND,WND,2015,1.1747
RE1,MINWND,WND,2016,2.545
RE1,MINWND,WND,2017,3.1524
RE1,MINWND,WND,2018,5.5368
RE1,MINWND,WND,2019,7.5648
RE1,MINWND,WND,2020,7.5648
RE1,MINWND,WND,2021,7.7555
RE1,MINWND,WND,2022,7.7555
RE1,MINWND,WND,2023,7.7555
RE1,MINWND,WND,2024,7.7555
RE1,MINWND,WND,2025,7.7555
RE1,MINWND,WND,2026,7.7555
RE1,MINWND,WND,2027,7.7555
RE1,MINWND,WND,2028,7.7555
RE1,MINWND,WND,2029,7.7555
RE1,MINWND,WND,2030,7.7555
RE1,MINWND,WND,2031,7.7555
RE1,MINWND,WND,2032,7.7555
RE1,MINWND,WND,2033,7.7555
RE1,MINWND,WND,2034,7.7555
RE1,MINWND,WND,2035,7.7555
RE1,MINWND,WND,2036,6.3851
RE1,MINWND,WND,2037,6.3851
RE1,MINWND,WND,2038,6.3851
RE1,MINWND,WND,2039,6.3851
RE1,MINWND,WND,2040,6.3851
RE1,MINWND,WND,2041,6.3851
RE1,MINWND,WND,2042,6.3851
RE1,MINWND,WND,2043,6.3851
RE1,MINWND,WND,2044,6.3851
RE1,MINWND,WND,2045,6.3851
RE1,MINWND,WND,2046,6.3851
RE1,MINWND,WND,2047,2.545
RE1,MINWND,WND,2048,2.0079
RE1,MINWND,WND,2049,2.0079
RE1,MINWND,WND,2070,372.5568
RE1,PWRBIO001,ELC001,2015,65.3647
RE1,PWRBIO001,ELC001,2016,74.7151
RE1,PWRBIO001,ELC001,2017,84.0435
RE1,PWRBIO001,ELC001,2018,88.6748
RE1,PWRBIO001,ELC001,2019,88.6748
RE1,PWRBIO001,ELC001,2020,93.3938
RE1,PWRBIO001,ELC001,2021,98.069
RE1,PWRBIO001,ELC001,2022,98.069
RE1,PWRBIO001,ELC001,2023,98.069
RE1,PWRBIO001,ELC001,2024,98.069
RE1,PWRBIO001,ELC001,2025,98.069
RE1,PWRBIO001,ELC001,2026,98.069
RE1,PWRBIO001,ELC001,2027,98.069
RE1,PWRBIO001,ELC001,2028,98.069
RE1,PWRBIO001,ELC001,2029,98.069
RE1,PWRBIO001,ELC001,2030,98.069
RE1,PWRBIO001,ELC001,2031,32.7043
RE1,PWRBIO001,ELC001,2032,32.7043
RE1,PWRBIO001,ELC001,2033,32.7043
RE1,PWRBIO001,ELC001,2034,32.7043
RE1,PWRBIO001,ELC001,2035,60.4105
RE1,PWRBIO001,ELC001,2036,84.5927
RE1,PWRBIO001,ELC001,2037,138.9324
RE1,PWRBIO001,ELC001,2038,186.3516
RE1,PWRBIO001,ELC001,2039,209.0198
RE1,PWRBIO001,ELC001,2040,232.1348
RE1,PWRBIO001,ELC001,2041,263.3657
RE1,PWRBIO001,ELC001,2042,300.9428
RE1,PWRBIO001,ELC001,2043,323.1592
RE1,PWRBIO001,ELC001,2044,360.6815
RE1,PWRBIO001,ELC001,2045,409.9441
RE1,PWRBIO001,ELC001,2046,425.8486
RE1,PWRBIO001,ELC001,2047,445.371
RE1,PWRBIO001,ELC001,2048,461.7575
RE1,PWRBIO001,ELC001,2049,477.6232
RE1,PWRBIO001,ELC001,2050,2240.4897
RE1,PWRBIO001,ELC001,2051,2296.8437
RE1,PWRBIO001,ELC001,2052,2327.3869
RE1,PWRBIO001,ELC001,2053,2358.211
RE1,PWRBIO001,ELC001,2054,2389.3186
RE1,PWRBIO001,ELC001,2055,2420.7124
RE1,PWRBIO001,ELC001,2056,2452.3952
RE1,PWRBIO001,ELC001,2057,2484.3697
RE1,PWRBIO001,ELC001,2058,2516.6387
RE1,PWRBIO001,ELC001,2059,2544.2679
RE1,PWRBIO001,ELC001,2060,2590.435
RE1,PWRBIO001,ELC001,2061,2615.2409
RE1,PWRBIO001,ELC001,2062,2648.7163
RE1,PWRBIO001,ELC001,2063,2682.5006
RE1,PWRBIO001,ELC001,2064,2716.5965
RE1,PWRBIO001,ELC001,2065,2751.0073
RE1,PWRBIO001,ELC001,2066,2785.7359
RE1,PWRBIO001,ELC001,2067,2820.7852
RE1,PWRBIO001,ELC001,2068,2856.1585
RE1,PWRBIO001,ELC001,2069,2877.5443
RE1,PWRBIO001,ELC001,2070,2828.2817
RE1,PWRCOA001,ELC001,2015,123.6759
RE1,PWRCOA001,ELC001,2016,123.6759
RE1,PWRCOA001,ELC001,2017,123.6759
RE1,PWRCOA001,ELC001,2018,123.6759
RE1,PWRCOA001,ELC001,2019,151.6685
RE1,PWRCOA001,ELC001,2020,649.0163
RE1,PWRCOA001,ELC001,2021,669.726
RE1,PWRCOA001,ELC001,2022,695.7476
RE1,PWRCOA001,ELC001,2023,721.7522
RE1,PWRCOA001,ELC001,2024,1036.1979
RE1,PWRCOA001,ELC001,2025,979.7571
RE1,PWRCOA001,ELC001,2026,979.7571
RE1,PWRCOA001,ELC001,2027,979.7571
RE1,PWRCOA001,ELC001,2028,979.7571
RE1,PWRCOA001,ELC001,2029,972.0436
RE1,PWRCOA001,ELC001,2030,971.7557
RE1,PWRCOA001,ELC001,2031,1031.5798
RE1,PWRCOA001,ELC001,2032,1059.5431
RE1,PWRCOA001,ELC001,2033,1094.6012
RE1,PWRCOA001,ELC001,2034,1118.5851
RE1,PWRCOA001,ELC001,2035,1118.5851
RE1,PWRCOA001,ELC001,2036,1118.5851
RE1,PWRCOA001,ELC001,2037,1086.9548
RE1,PWRCOA001,ELC001,2038,1086.9548
RE1,PWRCOA001,ELC001,2039,1086.9548
RE1,PWRCOA001,ELC001,2040,1086.9548
RE1,PWRCOA001,ELC001,2041,1086.9548
RE1,PWRCOA001,ELC001,2042,1071.4335
RE1,PWRCOA001,ELC001,2043,1071.4335
RE1,PWRCOA001,ELC001,2044,1071.4335
RE1,PWRCOA001,ELC001,2045,1069.726
RE1,PWRCOA001,ELC001,2046,1069.6643
RE1,PWRCOA001,ELC001,2047,1069.8119
RE1,PWRCOA001,ELC001,2048,1069.7794
RE1,PWRCOA001,ELC001,2049,1069.7178
RE1,PWRCOA001,ELC001,2050,1064.5347
RE1,PWRCOA001,ELC001,2051,1062.8531
RE1,PWRCOA001,ELC001,2052,1062.7475
RE1,PWRCOA001,ELC001,2053,1062.641
RE1,PWRCOA001,ELC001,2054,1062.5336
RE1,PWRCOA001,ELC001,2055,1062.4252
RE1,PWRCOA001,ELC001,2056,1062.3158
RE1,PWRCOA001,ELC001,2057,1062.2055
RE1,PWRCOA001,ELC001,2058,1062.0942
RE1,PWRCOA001,ELC001,2059,1061.8836
RE1,PWRCOA001,ELC001,2060,1062.131
RE1,PWRCOA001,ELC001,2061,1061.7542
RE1,PWRCOA001,ELC001,2062,1061.6389
RE1,PWRCOA001,ELC001,2063,1061.5226
RE1,PWRCOA001,ELC001,2064,1061.4052
RE1,PWRCOA001,ELC001,2065,1061.2868
RE1,PWRCOA001,ELC001,2066,1061.1673
RE1,PWRCOA001,ELC001,2067,1061.0467
RE1,PWRCOA001,ELC001,2068,1060.9251
RE1,PWRCOA001,ELC001,2069,1071.4335
RE1,PWRCOA001,ELC001,2070,731.8427
RE1,PWRCSP002,ELC001,2015,0.0274
RE1,PWRCSP002,ELC001,2016,0.0274
RE1,PWRCSP002,ELC001,2017,0.0274
RE1,PWRCSP002,ELC001,2018,0.0274
RE1,PWRCSP002,ELC001,2019,0.0274
RE1,PWRCSP002,ELC001,2020,0.0274
RE1,PWRCSP002,ELC001,2021,0.0274
RE1,PWRCSP002,ELC001,2022,0.0274
RE1,PWRCSP002,ELC001,2023,0.0274
RE1,PWRCSP002,ELC001,2024,0.0274
RE1,PWRCSP002,ELC001,2025,0.0274
RE1,PWRCSP002,ELC001,2026,0.0274
RE1,PWRCSP002,ELC001,2027,0.0274
RE1,PWRCSP002,ELC001,2028,0.0274
RE1,PWRCSP002,ELC001,2029,0.0274
RE1,PWRCSP002,ELC001,2030,0.0274
RE1,PWRCSP002,ELC001,2031,0.0274
RE1,PWRCSP002,ELC001,2032,0.0274
RE1,PWRCSP002,ELC001,2033,0.0274
RE1,PWRCSP002,ELC001,2034,0.0274
RE1,PWRCSP002,ELC001,2035,0.0274
RE1,PWRCSP002,ELC001,2036,0.0274
RE1,PWRCSP002,ELC001,2037,0.0274
RE1,PWRCSP002,ELC001,2038,0.0274
RE1,PWRCSP002,ELC001,2039,0.0274
RE1,PWRCSP002,ELC001,2040,0.0274
RE1,PWRCSP002,ELC001,2041,0.0274
RE1,PWRCSP002,ELC001,2042,0.0274
RE1,PWRCSP002,ELC001,2043,0.0274
RE1,PWRDIST,ELC003,2015,668.4143
RE1,PWRDIST,ELC003,2016,706.2764
RE1,PWRDIST,ELC003,2017,739.1412
RE1,PWRDIST,ELC003,2018,772.1574
RE1,PWRDIST,ELC003,2019,804.5514
RE1,PWRDIST,ELC003,2020,836.9454
RE1,PWRDIST,ELC003,2021,861.7236
RE1,PWRDIST,ELC003,2022,886.5018
RE1,PWRDIST,ELC003,2023,911.2799
RE1,PWRDIST,ELC003,2024,1214.1839
RE1,PWRDIST,ELC003,2025,1241.7354
RE1,PWRDIST,ELC003,2026,1271.7305
RE1,PWRDIST,ELC003,2027,1301.7193
RE1,PWRDIST,ELC003,2028,1331.7022
RE1,PWRDIST,ELC003,2029,1361.6794
RE1,PWRDIST,ELC003,2030,1391.6512
RE1,PWRDIST,ELC003,2031,1423.3418
RE1,PWRDIST,ELC003,2032,1455.0237
RE1,PWRDIST,ELC003,2033,1486.6975
RE1,PWRDIST,ELC003,2034,1518.3635
RE1,PWRDIST,ELC003,2035,1550.0222
RE1,PWRDIST,ELC003,2036,1576.2148
RE1,PWRDIST,ELC003,2037,1602.4033
RE1,PWRDIST,ELC003,2038,1628.5877
RE1,PWRDIST,ELC003,2039,1654.7684
RE1,PWRDIST,ELC003,2040,1680.2172
RE1,PWRDIST,ELC003,2041,1706.4875
RE1,PWRDIST,ELC003,2042,1732.027
RE1,PWRDIST,ELC003,2043,1757.5638
RE1,PWRDIST,ELC003,2044,1780.4607
RE1,PWRDIST,ELC003,2045,1808.6299
RE1,PWRDIST,ELC003,2046,1826.9165
RE1,PWRDIST,ELC003,2047,1845.2021
RE1,PWRDIST,ELC003,2048,1863.4865
RE1,PWRDIST,ELC003,2049,1881.77
RE1,PWRDIST,ELC003,2050,3779.3893
RE1,PWRDIST,ELC003,2051,3815.4057
RE1,PWRDIST,ELC003,2052,3848.8916
RE1,PWRDIST,ELC003,2053,3882.6838
RE1,PWRDIST,ELC003,2054,3916.7854
RE1,PWRDIST,ELC003,2055,3951.1994
RE1,PWRDIST,ELC003,2056,3985.9285
RE1,PWRDIST,ELC003,2057,4020.9759
RE1,PWRDIST,ELC003,2058,4056.3446
RE1,PWRDIST,ELC003,2059,4092.0375
RE1,PWRDIST,ELC003,2060,4124.8913
RE1,PWRDIST,ELC003,2061,4164.4088
RE1,PWRDIST,ELC003,2062,4201.0934
RE1,PWRDIST,ELC003,2063,4238.1148
RE1,PWRDIST,ELC003,2064,4275.4762
RE1,PWRDIST,ELC003,2065,4313.1809
RE1,PWRDIST,ELC003,2066,4351.2322
RE1,PWRDIST,ELC003,2067,4389.6333
RE1,PWRDIST,ELC003,2068,4428.3876
RE1,PWRDIST,ELC003,2069,4463.9993
RE1,PWRDIST,ELC003,2070,4531.6328
RE1,PWRGEO,ELC001,2024,0.1449
RE1,PWRGEO,ELC001,2025,0.1449
RE1,PWRGEO,ELC001,2026,0.1449
RE1,PWRGEO,ELC001,2027,0.1449
RE1,PWRGEO,ELC001,2028,0.1449
RE1,PWRGEO,ELC001,2029,0.1449
RE1,PWRGEO,ELC001,2030,0.1449
RE1,PWRGEO,ELC001,2031,0.1449
RE1,PWRGEO,ELC001,2032,0.1449
RE1,PWRGEO,ELC001,2033,0.1449
RE1,PWRGEO,ELC001,2034,0.1449
RE1,PWRGEO,ELC001,2035,0.1449
RE1,PWRGEO,ELC001,2036,0.1449
RE1,PWRGEO,ELC001,2037,0.1449
RE1,PWRGEO,ELC001,2038,0.1449
RE1,PWRGEO,ELC001,2039,0.1449
RE1,PWRGEO,ELC001,2040,0.1449
RE1,PWRGEO,ELC001,2041,0.1449
RE1,PWRGEO,ELC001,2042,0.1449
RE1,PWRGEO,ELC001,2043,0.1449
RE1,PWRGEO,ELC001,2044,0.1449
RE1,PWRGEO,ELC001,2045,0.1449
RE1,PWRGEO,ELC001,2046,0.1449
RE1,PWRGEO,ELC001,2047,0.1449
RE1,PWRGEO,ELC001,2048,0.1449
RE1,PWRGEO,ELC001,2049,0.1449
RE1,PWRGEO,ELC001,2050,0.1449
RE1,PWRGEO,ELC001,2051,0.1449
RE1,PWRGEO,ELC001,2052,0.1449
RE1,PWRGEO,ELC001,2053,0.1449
RE1,PWRGEO,ELC001,2054,0.1449
RE1,PWRGEO,ELC001,2055,0.1449
RE1,PWRGEO,ELC001,2056,0.1449
RE1,PWRGEO,ELC001,2057,0.1449
RE1,PWRGEO,ELC001,2058,0.1449
RE1,PWRGEO,ELC001,2059,0.1449
RE1,PWRGEO,ELC001,2060,0.1449
RE1,PWRGEO,ELC001,2061,0.1449
RE1,PWRGEO,ELC001,2062,0.1449
RE1,PWRGEO,ELC001,2063,0.1449
RE1,PWRGEO,ELC001,2064,0.1449
RE1,PWRGEO,ELC001,2065,0.1449
RE1,PWRGEO,ELC001,2066,0.1449
RE1,PWRGEO,ELC001,2067,0.1449
RE1,PWRGEO,ELC001,2068,0.1449
RE1,PWRGEO,ELC001,2069,0.1449
RE1,PWRGEO,ELC001,2070,0.1449
RE1,PWRHYD001,ELC001,2015,28.3385
RE1,PWRHYD001,ELC001,2016,28.3385
RE1,PWRHYD001,ELC001,2017,28.3385
RE1,PWRHYD001,ELC001,2018,28.3385
RE1,PWRHYD001,ELC001,2019,28.3385
RE1,PWRHYD001,ELC001,2020,28.3385
RE1,PWRHYD001,ELC001,2021,28.3385
RE1,PWRHYD001,ELC001,2022,28.3385
RE1,PWRHYD001,ELC001,2023,28.3385
RE1,PWRHYD001,ELC001,2024,28.3385
RE1,PWRHYD001,ELC001,2025,28.3385
RE1,PWRHYD001,ELC001,2026,28.3385
RE1,PWRHYD001,ELC001,2027,28.3385
RE1,PWRHYD001,ELC001,2028,28.3385
RE1,PWRHYD001,ELC001,2029,28.3385
RE1,PWRHYD001,ELC001,2030,28.3385
RE1,PWRHYD001,ELC001,2031,28.3385
RE1,PWRHYD001,ELC001,2032,28.3385
RE1,PWRHYD001,ELC001,2033,28.3385
RE1,PWRHYD001,ELC001,2034,28.3385
RE1,PWRHYD001,ELC001,2035,28.3385
RE1,PWRHYD001,ELC001,2036,28.3385
RE1,PWRHYD001,ELC001,2037,28.3385
RE1,PWRHYD001,ELC001,2038,28.3385
RE1,PWRHYD001,ELC001,2039,28.3385
RE1,PWRHYD001,ELC001,2040,28.3385
RE1,PWRHYD001,ELC001,2041,28.3385
RE1,PWRHYD001,ELC001,2042,28.3385
RE1,PWRHYD001,ELC001,2043,28.3385
RE1,PWRHYD001,ELC001,2044,28.3385
RE1,PWRHYD001,ELC001,2045,28.3385
RE1,PWRHYD001,ELC001,2046,28.3385
RE1,PWRHYD001,ELC001,2047,28.3385
RE1,PWRHYD001,ELC001,2048,28.3385
RE1,PWRHYD001,ELC001,2049,28.3385
RE1,PWRHYD001,ELC001,2050,28.3385
RE1,PWRHYD002,ELC001,2015,1.1526
RE1,PWRHYD002,ELC001,2016,1.1526
RE1,PWRHYD002,ELC001,2017,1.1526
RE1,PWRHYD002,ELC001,2018,1.1526
RE1,PWRHYD002,ELC001,2019,1.1526
RE1,PWRHYD002,ELC001,2020,1.1526
RE1,PWRHYD002,ELC001,2021,1.1526
RE1,PWRHYD002,ELC001,2022,1.1526
RE1,PWRHYD002,ELC001,2023,1.1526
RE1,PWRHYD002,ELC001,2024,1.1526
RE1,PWRHYD002,ELC001,2025,1.1526
RE1,PWRHYD002,ELC001,2026,1.1526
RE1,PWRHYD002,ELC001,2027,1.1526
RE1,PWRHYD002,ELC001,2028,1.1526
RE1,PWRHYD002,ELC001,2029,1.1526
RE1,PWRHYD002,ELC001,2030,1.1526
RE1,PWRHYD002,ELC001,2031,1.1526
RE1,PWRHYD002,ELC001,2032,1.1526
RE1,PWRHYD002,ELC001,2033,1.1526
RE1,PWRHYD002,ELC001,2034,1.1526
RE1,PWRHYD002,ELC001,2035,1.1526
RE1,PWRHYD002,ELC001,2036,1.1526
RE1,PWRHYD002,ELC001,2037,1.1526
RE1,PWRHYD002,ELC001,2038,1.1526
RE1,PWRHYD002,ELC001,2039,1.1526
RE1,PWRHYD002,ELC001,2040,1.1526
RE1,PWRHYD002,ELC001,2041,1.1526
RE1,PWRHYD002,ELC001,2042,1.1526
RE1,PWRHYD002,ELC001,2043,1.1526
RE1,PWRHYD002,ELC001,2044,1.1526
RE1,PWRHYD002,ELC001,2045,1.1526
RE1,PWRHYD002,ELC001,2046,1.1526
RE1,PWRHYD002,ELC001,2047,1.1526
RE1,PWRHYD002,ELC001,2048,1.1526
RE1,PWRHYD002,ELC001,2049,1.1526
RE1,PWRHYD002,ELC001,2050,1.1526
RE1,PWRNGS001,ELC001,2015,439.0405
RE1,PWRNGS001,ELC001,2016,440.3042
RE1,PWRNGS001,ELC001,2017,445.6318
RE1,PWRNGS001,ELC001,2018,463.8837
RE1,PWRNGS001,ELC001,2019,467.913
RE1,PWRNGS001,ELC001,2024,6.6523
RE1,PWRNGS001,ELC001,2025,6.2614
RE1,PWRNGS001,ELC001,2026,36.2257
RE1,PWRNGS001,ELC001,2027,65.3344
RE1,PWRNGS001,ELC001,2028,93.5168
RE1,PWRNGS001,ELC001,2029,130.2638
RE1,PWRNGS001,ELC001,2030,44.0959
RE1,PWRNGS001,ELC001,2031,78.1676
RE1,PWRNGS001,ELC001,2032,78.7072
RE1,PWRNGS001,ELC001,2033,72.124
RE1,PWRNGS001,ELC001,2034,70.4581
RE1,PWRNGS001,ELC001,2035,71.0155
RE1,PWRNGS001,ELC001,2036,71.4038
RE1,PWRNGS001,ELC001,2037,71.8735
RE1,PWRNGS001,ELC001,2038,47.6127
RE1,PWRNGS001,ELC001,2039,48.0821
RE1,PWRNGS001,ELC001,2040,42.9972
RE1,PWRNGS001,ELC001,2041,39.3855
RE1,PWRNGS001,ELC001,2042,39.8426
RE1,PWRNGS001,ELC001,2043,40.1198
RE1,PWRNGS001,ELC001,2044,22.318
RE1,PWRSOL001,ELC001,2015,8.5041
RE1,PWRSOL001,ELC001,2016,14.7357
RE1,PWRSOL001,ELC001,2017,16.2447
RE1,PWRSOL001,ELC001,2018,17.8379
RE1,PWRSOL001,ELC001,2019,17.9642
RE1,PWRSOL001,ELC001,2020,17.9642
RE1,PWRSOL001,ELC001,2021,18.4271
RE1,PWRSOL001,ELC001,2022,18.4271
RE1,PWRSOL001,ELC001,2023,18.4271
RE1,PWRSOL001,ELC001,2024,18.4271
RE1,PWRSOL001,ELC001,2025,104.076
RE1,PWRSOL001,ELC001,2026,105.5022
RE1,PWRSOL001,ELC001,2027,107.7571
RE1,PWRSOL001,ELC001,2028,110.9111
RE1,PWRSOL001,ELC001,2029,113.1878
RE1,PWRSOL001,ELC001,2030,115.4638
RE1,PWRSOL001,ELC001,2031,117.7402
RE1,PWRSOL001,ELC001,2032,120.0154
RE1,PWRSOL001,ELC001,2033,122.2894
RE1,PWRSOL001,ELC001,2034,127.627
RE1,PWRSOL001,ELC001,2035,129.9772
RE1,PWRSOL001,ELC001,2036,131.9584
RE1,PWRSOL001,ELC001,2037,133.9391
RE1,PWRSOL001,ELC001,2038,135.9191
RE1,PWRSOL001,ELC001,2039,137.8986
RE1,PWRSOL001,ELC001,2040,142.2682
RE1,PWRSOL001,ELC001,2041,141.8053
RE1,PWRSOL001,ELC001,2042,143.7325
RE1,PWRSOL001,ELC001,2043,145.6594
RE1,PWRSOL001,ELC001,2044,147.586
RE1,PWRSOL001,ELC001,2045,149.5121
RE1,PWRSOL001,ELC001,2046,150.9179
RE1,PWRSOL001,ELC001,2047,152.3236
RE1,PWRSOL001,ELC001,2048,153.7291
RE1,PWRSOL001,ELC001,2049,155.1344
RE1,PWRSOL001,ELC001,2050,275.7221
RE1,PWRSOL001,ELC001,2051,282.0875
RE1,PWRSOL001,ELC001,2052,284.4927
RE1,PWRSOL001,ELC001,2053,286.9194
RE1,PWRSOL001,ELC001,2054,289.3675
RE1,PWRSOL001,ELC001,2055,291.8374
RE1,PWRSOL001,ELC001,2056,294.3291
RE1,PWRSOL001,ELC001,2057,296.8431
RE1,PWRSOL001,ELC001,2058,299.3793
RE1,PWRSOL001,ELC001,2059,300.816
RE1,PWRSOL001,ELC001,2060,298.54
RE1,PWRSOL001,ELC001,2061,307.1241
RE1,PWRSOL001,ELC001,2062,309.7517
RE1,PWRSOL001,ELC001,2063,312.4027
RE1,PWRSOL001,ELC001,2064,315.0773
RE1,PWRSOL001,ELC001,2065,317.7757
RE1,PWRSOL001,ELC001,2066,320.4982
RE1,PWRSOL001,ELC001,2067,323.2449
RE1,PWRSOL001,ELC001,2068,326.0161
RE1,PWRSOL001,ELC001,2069,328.812
RE1,PWRSOL001,ELC001,2070,372.5568
RE1,PWRSOL001S,ELC001,2030,115.4638
RE1,PWRSOL001S,ELC001,2031,117.7402
RE1,PWRSOL001S,ELC001,2032,120.0154
RE1,PWRSOL001S,ELC001,2033,122.2894
RE1,PWRSOL001S,ELC001,2034,127.6271
RE1,PWRSOL001S,ELC001,2035,129.9773
RE1,PWRSOL001S,ELC001,2036,131.9584
RE1,PWRSOL001S,ELC001,2037,133.9391
RE1,PWRSOL001S,ELC001,2038,135.9191
RE1,PWRSOL001S,ELC001,2039,137.8986
RE1,PWRSOL001S,ELC001,2040,141.8053
RE1,PWRSOL001S,ELC001,2041,141.8053
RE1,PWRSOL001S,ELC001,2042,143.7325
RE1,PWRSOL001S,ELC001,2043,145.6594
RE1,PWRSOL001S,ELC001,2044,147.586
RE1,PWRSOL001S,ELC001,2045,149.5121
RE1,PWRSOL001S,ELC001,2046,150.9179
RE1,PWRSOL001S,ELC001,2047,152.3236
RE1,PWRSOL001S,ELC001,2048,153.7291
RE1,PWRSOL001S,ELC001,2049,155.1344
RE1,PWRSOL001S,ELC001,2050,275.7221
RE1,PWRSOL001S,ELC001,2051,282.0875
RE1,PWRSOL001S,ELC001,2052,284.4928
RE1,PWRSOL001S,ELC001,2053,286.9194
RE1,PWRSOL001S,ELC001,2054,289.3675
RE1,PWRSOL001S,ELC001,2055,291.8374
RE1,PWRSOL001S,ELC001,2056,294.3292
RE1,PWRSOL001S,ELC001,2057,296.8431
RE1,PWRSOL001S,ELC001,2058,299.3793
RE1,PWRSOL001S,ELC001,2059,308.0955
RE1,PWRSOL001S,ELC001,2060,298.54
RE1,PWRSOL001S,ELC001,2061,307.1241
RE1,PWRSOL001S,ELC001,2062,309.7517
RE1,PWRSOL001S,ELC001,2063,312.4027
RE1,PWRSOL001S,ELC001,2064,315.0773
RE1,PWRSOL001S,ELC001,2065,317.7757
RE1,PWRSOL001S,ELC001,2066,320.4982
RE1,PWRSOL001S,ELC001,2067,323.2449
RE1,PWRSOL001S,ELC001,2068,326.0161
RE1,PWRSOL001S,ELC001,2069,328.812
RE1,PWRSOL001S,ELC001,2070,372.5568
RE1,PWRSOL002,ELC003,2030,0.0
RE1,PWRSOL002,ELC003,2035,0.0
RE1,PWRSOL002,ELC003,2036,0.0
RE1,PWRSOL002,ELC003,2037,0.0
RE1,PWRSOL002,ELC003,2041,0.0
RE1,PWRSOL002,ELC003,2042,0.0
RE1,PWRSOL002,ELC003,2043,0.0
RE1,PWRTRN,ELC002,2015,668.4143
RE1,PWRTRN,ELC002,2016,706.2764
RE1,PWRTRN,ELC002,2017,739.1411
RE1,PWRTRN,ELC002,2018,772.1574
RE1,PWRTRN,ELC002,2019,804.5514
RE1,PWRTRN,ELC002,2020,836.9454
RE1,PWRTRN,ELC002,2021,861.7236
RE1,PWRTRN,ELC002,2022,886.5018
RE1,PWRTRN,ELC002,2023,911.2799
RE1,PWRTRN,ELC002,2024,1214.1839
RE1,PWRTRN,ELC002,2025,1241.7354
RE1,PWRTRN,ELC002,2026,1271.7305
RE1,PWRTRN,ELC002,2027,1301.7193
RE1,PWRTRN,ELC002,2028,1331.7022
RE1,PWRTRN,ELC002,2029,1361.6794
RE1,PWRTRN,ELC002,2030,1391.6512
RE1,PWRTRN,ELC002,2031,1423.3418
RE1,PWRTRN,ELC002,2032,1455.0237
RE1,PWRTRN,ELC002,2033,1486.6975
RE1,PWRTRN,ELC002,2034,1518.3635
RE1,PWRTRN,ELC002,2035,1550.0222
RE1,PWRTRN,ELC002,2036,1576.2149
RE1,PWRTRN,ELC002,2037,1602.4033
RE1,PWRTRN,ELC002,2038,1628.5877
RE1,PWRTRN,ELC002,2039,1654.7683
RE1,PWRTRN,ELC002,2040,1680.2172
RE1,PWRTRN,ELC002,2041,1706.4875
RE1,PWRTRN,ELC002,2042,1732.027
RE1,PWRTRN,ELC002,2043,1757.5638
RE1,PWRTRN,ELC002,2044,1780.4608
RE1,PWRTRN,ELC002,2045,1808.6299
RE1,PWRTRN,ELC002,2046,1826.9165
RE1,PWRTRN,ELC002,2047,1845.2021
RE1,PWRTRN,ELC002,2048,1863.4866
RE1,PWRTRN,ELC002,2049,1881.77
RE1,PWRTRN,ELC002,2050,3779.3893
RE1,PWRTRN,ELC002,2051,3815.4057
RE1,PWRTRN,ELC002,2052,3848.8916
RE1,PWRTRN,ELC002,2053,3882.6838
RE1,PWRTRN,ELC002,2054,3916.7855
RE1,PWRTRN,ELC002,2055,3951.1993
RE1,PWRTRN,ELC002,2056,3985.9285
RE1,PWRTRN,ELC002,2057,4020.9759
RE1,PWRTRN,ELC002,2058,4056.3445
RE1,PWRTRN,ELC002,2059,4092.0375
RE1,PWRTRN,ELC002,2060,4124.8913
RE1,PWRTRN,ELC002,2061,4164.4088
RE1,PWRTRN,ELC002,2062,4201.0934
RE1,PWRTRN,ELC002,2063,4238.1148
RE1,PWRTRN,ELC002,2064,4275.4762
RE1,PWRTRN,ELC002,2065,4313.1809
RE1,PWRTRN,ELC002,2066,4351.2322
RE1,PWRTRN,ELC002,2067,4389.6333
RE1,PWRTRN,ELC002,2068,4428.3876
RE1,PWRTRN,ELC002,2069,4463.9993
RE1,PWRTRN,ELC002,2070,4531.6328
RE1,PWRTRNIMP,ELC001,2015,52.0
RE1,PWRTRNIMP,ELC001,2016,71.0
RE1,PWRTRNIMP,ELC001,2017,88.0
RE1,PWRTRNIMP,ELC001,2018,96.0
RE1,PWRTRNIMP,ELC001,2019,96.0
RE1,PWRTRNIMP,ELC001,2020,96.0
RE1,PWRTRNIMP,ELC001,2021,96.0
RE1,PWRTRNIMP,ELC001,2022,96.0
RE1,PWRTRNIMP,ELC001,2023,96.0
RE1,PWRTRNIMP,ELC001,2024,96.0
RE1,PWRTRNIMP,ELC001,2025,96.0
RE1,PWRTRNIMP,ELC001,2026,96.0
RE1,PWRTRNIMP,ELC001,2027,96.0
RE1,PWRTRNIMP,ELC001,2028,96.0
RE1,PWRTRNIMP,ELC001,2029,96.0
RE1,PWRTRNIMP,ELC001,2030,96.0
RE1,PWRTRNIMP,ELC001,2031,96.0
RE1,PWRTRNIMP,ELC001,2032,96.0
RE1,PWRTRNIMP,ELC001,2033,96.0
RE1,PWRTRNIMP,ELC001,2034,96.0
RE1,PWRTRNIMP,ELC001,2035,96.0
RE1,PWRTRNIMP,ELC001,2036,96.0
RE1,PWRTRNIMP,ELC001,2037,96.0
RE1,PWRTRNIMP,ELC001,2038,96.0
RE1,PWRTRNIMP,ELC001,2039,96.0
RE1,PWRTRNIMP,ELC001,2040,96.0
RE1,PWRTRNIMP,ELC001,2041,96.0
RE1,PWRTRNIMP,ELC001,2042,96.0
RE1,PWRTRNIMP,ELC001,2043,96.0
RE1,PWRTRNIMP,ELC001,2044,96.0
RE1,PWRTRNIMP,ELC001,2045,96.0
RE1,PWRTRNIMP,ELC001,2046,96.0
RE1,PWRTRNIMP,ELC001,2047,96.0
RE1,PWRTRNIMP,ELC001,2048,96.0
RE1,PWRTRNIMP,ELC001,2049,96.0
RE1,PWRTRNIMP,ELC001,2050,96.0
RE1,PWRTRNIMP,ELC001,2051,96.0
RE1,PWRTRNIMP,ELC001,2052,96.0
RE1,PWRTRNIMP,ELC001,2053,96.0
RE1,PWRTRNIMP,ELC001,2054,96.0
RE1,PWRTRNIMP,ELC001,2055,96.0
RE1,PWRTRNIMP,ELC001,2056,96.0
RE1,PWRTRNIMP,ELC001,2057,96.0
RE1,PWRTRNIMP,ELC001,2058,96.0
RE1,PWRTRNIMP,ELC001,2059,96.0
RE1,PWRTRNIMP,ELC001,2060,96.0
RE1,PWRTRNIMP,ELC001,2061,96.0
RE1,PWRTRNIMP,ELC001,2062,96.0
RE1,PWRTRNIMP,ELC001,2063,96.0
RE1,PWRTRNIMP,ELC001,2064,96.0
RE1,PWRTRNIMP,ELC001,2065,96.0
RE1,PWRTRNIMP,ELC001,2066,96.0
RE1,PWRTRNIMP,ELC001,2067,96.0
RE1,PWRTRNIMP,ELC001,2068,96.0
RE1,PWRTRNIMP,ELC001,2069,96.0
RE1,PWRTRNIMP,ELC001,2070,96.0
RE1,PWRWND001,ELC001,2015,1.1747
RE1,PWRWND001,ELC001,2016,2.545
RE1,PWRWND001,ELC001,2017,3.1524
RE1,PWRWND001,ELC001,2018,5.5368
RE1,PWRWND001,ELC001,2019,7.5648
RE1,PWRWND001,ELC001,2020,7.5648
RE1,PWRWND001,ELC001,2021,7.7555
RE1,PWRWND001,ELC001,2022,7.7555
RE1,PWRWND001,ELC001,2023,7.7555
RE1,PWRWND001,ELC001,2024,7.7555
RE1,PWRWND001,ELC001,2025,7.7555
RE1,PWRWND001,ELC001,2026,7.7555
RE1,PWRWND001,ELC001,2027,7.7555
RE1,PWRWND001,ELC001,2028,7.7555
RE1,PWRWND001,ELC001,2029,7.7555
RE1,PWRWND001,ELC001,2030,7.7555
RE1,PWRWND001,ELC001,2031,7.7555
RE1,PWRWND001,ELC001,2032,7.7555
RE1,PWRWND001,ELC001,2033,7.7555
RE1,PWRWND001,ELC001,2034,7.7555
RE1,PWRWND001,ELC001,2035,7.7555
RE1,PWRWND001,ELC001,2036,6.3851
RE1,PWRWND001,ELC001,2037,6.3851
RE1,PWRWND001,ELC001,2038,6.3851
RE1,PWRWND001,ELC001,2039,6.3851
RE1,PWRWND001,ELC001,2040,6.3851
RE1,PWRWND001,ELC001,2041,6.3851
RE1,PWRWND001,ELC001,2042,6.3851
RE1,PWRWND001,ELC001,2043,6.3851
RE1,PWRWND001,ELC001,2044,6.3851
RE1,PWRWND001,ELC001,2045,6.3851
RE1,PWRWND001,ELC001,2046,6.3851
RE1,PWRWND001,ELC001,2047,2.545
RE1,PWRWND001,ELC001,2048,2.0079
RE1,PWRWND001,ELC001,2049,2.0079
RE1,PWRWND001,ELC001,2070,372.5568
RE1,RESENEFFDP,RESELC,2024,223.1921
RE1,RESENEFFDP,RESELC,2025,229.221
RE1,RESENEFFDP,RESELC,2026,235.7357
RE1,RESENEFFDP,RESELC,2027,242.2505
RE1,RESENEFFDP,RESELC,2028,248.7652
RE1,RESENEFFDP,RESELC,2029,255.28
RE1,RESENEFFDP,RESELC,2030,261.7947
RE1,RESENEFFDP,RESELC,2031,269.241
RE1,RESENEFFDP,RESELC,2032,276.6873
RE1,RESENEFFDP,RESELC,2033,284.1336
RE1,RESENEFFDP,RESELC,2034,291.58
RE1,RESENEFFDP,RESELC,2035,299.0263
RE1,RESENEFFDP,RESELC,2036,305.021
RE1,RESENEFFDP,RESELC,2037,311.0158
RE1,RESENEFFDP,RESELC,2038,317.0106
RE1,RESENEFFDP,RESELC,2039,323.0054
RE1,RESENEFFDP,RESELC,2040,329.7817
RE1,RESENEFFDP,RESELC,2041,334.8704
RE1,RESENEFFDP,RESELC,2042,340.7407
RE1,RESENEFFDP,RESELC,2043,346.611
RE1,RESENEFFDP,RESELC,2044,355.3125
RE1,RESENEFFDP,RESELC,2045,358.3516
RE1,RESENEFFDP,RESELC,2046,362.4392
RE1,RESENEFFDP,RESELC,2047,366.5267
RE1,RESENEFFDP,RESELC,2048,370.6143
RE1,RESENEFFDP,RESELC,2049,374.7017
RE1,RESENEFFDP,RESELC,2050,381.8317
RE1,RESENEFFDP,RESELC,2051,383.0146
RE1,RESENEFFDP,RESELC,2052,387.2871
RE1,RESENEFFDP,RESELC,2053,391.6073
RE1,RESENEFFDP,RESELC,2054,395.9756
RE1,RESENEFFDP,RESELC,2055,400.3926
RE1,RESENEFFDP,RESELC,2056,404.8589
RE1,RESENEFFDP,RESELC,2057,409.3751
RE1,RESENEFFDP,RESELC,2058,413.9416
RE1,RESENEFFDP,RESELC,2059,418.5591
RE1,RESENEFFDP,RESELC,2060,426.6273
RE1,RESENEFFDP,RESELC,2061,427.949
RE1,RESENEFFDP,RESELC,2062,432.7228
RE1,RESENEFFDP,RESELC,2063,437.5497
RE1,RESENEFFDP,RESELC,2064,442.4305
RE1,RESENEFFDP,RESELC,2065,447.3658
RE1,RESENEFFDP,RESELC,2066,452.356
RE1,RESENEFFDP,RESELC,2067,457.402
RE1,RESENEFFDP,RESELC,2068,462.5043
RE1,RESENEFFDP,RESELC,2069,471.4197
RE1,RESENEFFDP,RESELC,2070,446.4045
RE1,UPSREF001,HFO,2024,214.165
RE1,UPSREF001,LFO,2024,1927.485
