r,t,y,CapitalInvestment
RE1,MINOIL,2024,0.2142
RE1,MINBIO,2015,0.1083
RE1,MINBIO,2016,0.1039
RE1,MINBIO,2017,0.1078
RE1,MINBIO,2018,0.1117
RE1,MINBIO,2019,0.1137
RE1,MINBIO,2020,0.1171
RE1,MINBIO,2021,0.1198
RE1,MINBIO,2022,0.1213
RE1,MINBIO,2023,0.1228
RE1,MINBIO,2024,0.1242
RE1,MINBIO,2025,0.1257
RE1,MINBIO,2026,0.1274
RE1,MINBIO,2027,0.129
RE1,MINBIO,2028,0.1306
RE1,MINBIO,2029,0.1323
RE1,MINBIO,2030,0.1339
RE1,MINBIO,2031,0.1182
RE1,MINBIO,2032,0.1196
RE1,MINBIO,2033,0.1211
RE1,MINBIO,2034,0.1226
RE1,MINBIO,2035,0.124
RE1,MINBIO,2036,0.1253
RE1,MINBIO,2037,0.1266
RE1,MINBIO,2038,0.1278
RE1,MINBIO,2039,0.1291
RE1,MINBIO,2040,0.1304
RE1,MINBIO,2041,0.1317
RE1,MINBIO,2042,0.133
RE1,MINBIO,2043,0.1343
RE1,MINBIO,2044,0.1355
RE1,MINBIO,2045,0.1368
RE1,MINBIO,2046,0.1354
RE1,MINBIO,2047,0.1339
RE1,MINBIO,2048,0.1337
RE1,MINBIO,2049,0.1346
RE1,MINBIO,2050,0.1344
RE1,MINBIO,2051,0.1342
RE1,MINBIO,2052,0.1352
RE1,MINBIO,2053,0.1362
RE1,MINBIO,2054,0.1372
RE1,MINBIO,2055,0.1383
RE1,MINBIO,2056,0.1393
RE1,MINBIO,2057,0.1404
RE1,MINBIO,2058,0.1415
RE1,MINBIO,2059,0.1425
RE1,MINBIO,2060,0.1436
RE1,MINBIO,2061,0.1447
RE1,MINBIO,2062,0.1458
RE1,MINBIO,2063,0.1469
RE1,MINBIO,2064,0.148
RE1,MINBIO,2065,0.1491
RE1,MINBIO,2066,0.1503
RE1,MINBIO,2067,0.1514
RE1,MINBIO,2068,0.1526
RE1,MINBIO,2069,0.1537
RE1,MINBIO,2070,0.1549
RE1,IMPCOA,2027,0.0847
RE1,IMPCOA,2028,0.3727
RE1,IMPCOA,2029,0.3833
RE1,IMPCOA,2030,0.3939
RE1,IMPCOA,2031,0.4275
RE1,IMPCOA,2032,0.4393
RE1,IMPCOA,2033,0.4511
RE1,IMPCOA,2034,0.4629
RE1,IMPCOA,2035,0.4776
RE1,IMPCOA,2036,0.4896
RE1,IMPCOA,2037,0.4996
RE1,IMPCOA,2038,0.5097
RE1,IMPCOA,2039,0.5107
RE1,IMPCOA,2040,0.5116
RE1,IMPCOA,2041,0.5202
RE1,IMPCOA,2042,0.5297
RE1,IMPCOA,2043,0.5392
RE1,IMPCOA,2044,0.5578
RE1,IMPCOA,2045,0.5765
RE1,IMPCOA,2046,0.5862
RE1,IMPCOA,2047,0.5972
RE1,IMPCOA,2048,0.6055
RE1,IMPCOA,2049,0.6121
RE1,IMPCOA,2050,0.6209
RE1,IMPCOA,2051,0.6403
RE1,IMPCOA,2052,0.6475
RE1,IMPCOA,2053,0.6547
RE1,IMPCOA,2054,0.662
RE1,IMPCOA,2055,0.6693
RE1,IMPCOA,2056,0.6768
RE1,IMPCOA,2057,0.6844
RE1,IMPCOA,2058,0.6921
RE1,IMPCOA,2059,0.6999
RE1,IMPCOA,2060,0.7077
RE1,IMPCOA,2061,0.7157
RE1,IMPCOA,2062,0.7237
RE1,IMPCOA,2063,0.7318
RE1,IMPCOA,2064,0.74
RE1,IMPCOA,2065,0.7482
RE1,IMPCOA,2066,0.7566
RE1,IMPCOA,2067,0.765
RE1,IMPCOA,2068,0.7736
RE1,IMPCOA,2069,0.7822
RE1,IMPCOA,2070,0.7832
RE1,MINCOA,2015,0.1202
RE1,MINCOA,2016,0.112
RE1,MINCOA,2017,0.1133
RE1,MINCOA,2018,0.1153
RE1,MINCOA,2019,0.1263
RE1,MINCOA,2020,0.2936
RE1,MINCOA,2021,0.3016
RE1,MINCOA,2022,0.3114
RE1,MINCOA,2023,0.3212
RE1,MINCOA,2024,0.331
RE1,MINCOA,2025,0.3408
RE1,MINCOA,2026,0.3515
RE1,MINCOA,2027,0.2774
RE1,IMPLFO,2015,0.5551
RE1,IMPLFO,2016,0.5743
RE1,IMPLFO,2017,0.5873
RE1,IMPLFO,2018,0.6018
RE1,IMPLFO,2019,0.6157
RE1,IMPLFO,2020,0.6296
RE1,IMPLFO,2021,0.6407
RE1,IMPLFO,2022,0.6518
RE1,IMPLFO,2023,0.6629
RE1,IMPLFO,2024,0.4812
RE1,IMPLFO,2025,0.6851
RE1,IMPLFO,2026,0.6974
RE1,IMPLFO,2027,0.7097
RE1,IMPLFO,2028,0.722
RE1,IMPLFO,2029,0.7344
RE1,IMPLFO,2030,0.7467
RE1,IMPLFO,2031,0.7569
RE1,IMPLFO,2032,0.7672
RE1,IMPLFO,2033,0.7774
RE1,IMPLFO,2034,0.7876
RE1,IMPLFO,2035,0.7979
RE1,IMPLFO,2036,0.8072
RE1,IMPLFO,2037,0.8165
RE1,IMPLFO,2038,0.8258
RE1,IMPLFO,2039,0.835
RE1,IMPLFO,2040,0.8443
RE1,IMPLFO,2041,0.8531
RE1,IMPLFO,2042,0.8619
RE1,IMPLFO,2043,0.8707
RE1,IMPLFO,2044,0.8795
RE1,IMPLFO,2045,0.8883
RE1,IMPLFO,2046,0.8952
RE1,IMPLFO,2047,0.9021
RE1,IMPLFO,2048,0.9089
RE1,IMPLFO,2049,0.9158
RE1,IMPLFO,2050,0.9227
RE1,IMPLFO,2051,0.9297
RE1,IMPLFO,2052,0.9368
RE1,IMPLFO,2053,0.9439
RE1,IMPLFO,2054,0.9511
RE1,IMPLFO,2055,0.9584
RE1,IMPLFO,2056,0.9657
RE1,IMPLFO,2057,0.9731
RE1,IMPLFO,2058,0.9805
RE1,IMPLFO,2059,0.988
RE1,IMPLFO,2060,0.9955
RE1,IMPLFO,2061,1.0031
RE1,IMPLFO,2062,1.0108
RE1,IMPLFO,2063,1.0185
RE1,IMPLFO,2064,1.0263
RE1,IMPLFO,2065,1.0341
RE1,IMPLFO,2066,1.042
RE1,IMPLFO,2067,1.0499
RE1,IMPLFO,2068,1.058
RE1,IMPLFO,2069,1.066
RE1,IMPLFO,2070,1.0742
RE1,MINNGS,2015,0.0795
RE1,MINNGS,2016,0.0797
RE1,MINNGS,2017,0.0807
RE1,MINNGS,2018,0.084
RE1,MINNGS,2019,0.0847
RE1,MINNGS,2039,0.0047
RE1,MINNGS,2040,0.0094
RE1,MINNGS,2041,0.01
RE1,MINNGS,2042,0.01
RE1,MINNGS,2043,0.01
RE1,MINNGS,2044,0.005
RE1,MINSOL,2015,0.0019
RE1,MINSOL,2016,0.0033
RE1,MINSOL,2017,0.0037
RE1,MINSOL,2018,0.004
RE1,MINSOL,2019,0.0041
RE1,MINSOL,2020,0.0041
RE1,MINSOL,2021,0.0042
RE1,MINSOL,2022,0.0042
RE1,MINSOL,2023,0.0042
RE1,MINSOL,2024,0.0042
RE1,MINSOL,2025,0.0042
RE1,MINSOL,2026,0.0042
RE1,MINSOL,2027,0.0042
RE1,MINSOL,2028,0.0042
RE1,MINSOL,2029,0.0042
RE1,MINSOL,2030,0.0042
RE1,MINSOL,2031,0.0042
RE1,MINSOL,2032,0.0042
RE1,MINSOL,2033,0.0042
RE1,MINSOL,2034,0.0042
RE1,MINSOL,2035,0.0022
RE1,MINSOL,2036,0.0008
RE1,MINSOL,2037,0.0005
RE1,MINSOL,2038,0.0001
RE1,MINSOL,2039,0.0001
RE1,MINSOL,2040,0.0001
RE1,MINSOL,2041,0.0
RE1,MINSOL,2042,0.0
RE1,MINSOL,2043,0.0
RE1,MINWND,2015,0.0002
RE1,MINWND,2016,0.0003
RE1,MINWND,2017,0.0004
RE1,MINWND,2018,0.0007
RE1,MINWND,2019,0.001
RE1,MINWND,2020,0.001
RE1,MINWND,2021,0.001
RE1,MINWND,2022,0.001
RE1,MINWND,2023,0.001
RE1,MINWND,2024,0.001
RE1,MINWND,2025,0.001
RE1,MINWND,2026,0.001
RE1,MINWND,2027,0.001
RE1,MINWND,2028,0.001
RE1,MINWND,2029,0.001
RE1,MINWND,2030,0.001
RE1,MINWND,2031,0.001
RE1,MINWND,2032,0.001
RE1,MINWND,2033,0.001
RE1,MINWND,2034,0.001
RE1,MINWND,2035,0.001
RE1,MINWND,2036,0.0008
RE1,MINWND,2037,0.0008
RE1,MINWND,2038,0.0008
RE1,MINWND,2039,0.0008
RE1,MINWND,2040,0.0008
RE1,MINWND,2041,0.0008
RE1,MINWND,2042,0.0008
RE1,MINWND,2043,0.0008
RE1,MINWND,2044,0.0008
RE1,MINWND,2045,0.0008
RE1,MINWND,2046,0.0008
RE1,MINWND,2047,0.0003
RE1,MINWND,2048,0.0003
RE1,MINWND,2049,0.0003
RE1,MINURN,2070,0.0071
RE1,MINHYD,2015,0.0052
RE1,MINHYD,2016,0.0052
RE1,MINHYD,2017,0.0052
RE1,MINHYD,2018,0.0052
RE1,MINHYD,2019,0.0052
RE1,MINHYD,2020,0.0052
RE1,MINHYD,2021,0.0052
RE1,MINHYD,2022,0.0052
RE1,MINHYD,2023,0.0052
RE1,MINHYD,2024,0.0052
RE1,MINHYD,2025,0.0052
RE1,MINHYD,2026,0.0052
RE1,MINHYD,2027,0.0052
RE1,MINHYD,2028,0.0052
RE1,MINHYD,2029,0.0052
RE1,MINHYD,2030,0.0052
RE1,MINHYD,2031,0.0052
RE1,MINHYD,2032,0.0052
RE1,MINHYD,2033,0.0052
RE1,MINHYD,2034,0.0052
RE1,MINHYD,2035,0.0052
RE1,MINHYD,2036,0.0052
RE1,MINHYD,2037,0.0052
RE1,MINHYD,2038,0.0052
RE1,MINHYD,2039,0.0052
RE1,MINHYD,2040,0.0052
RE1,MINHYD,2041,0.0052
RE1,MINHYD,2042,0.0052
RE1,MINHYD,2043,0.0052
RE1,MINHYD,2044,0.0052
RE1,MINHYD,2045,0.0052
RE1,MINHYD,2046,0.0052
RE1,MINHYD,2047,0.0052
RE1,MINHYD,2048,0.0052
RE1,MINHYD,2049,0.0052
RE1,MINHYD,2050,0.0052
RE1,PWRCOA001,2019,1886.8484
RE1,PWRCOA001,2020,33523.867
RE1,PWRCOA001,2021,1395.9482
RE1,PWRCOA001,2022,1753.9919
RE1,PWRCOA001,2023,1752.8433
RE1,PWRCOA001,2024,1751.6958
RE1,PWRCOA001,2025,5554.9574
RE1,PWRCOA001,2026,1894.3127
RE1,PWRCOA001,2027,1893.0738
RE1,PWRCOA001,2028,1891.8362
RE1,PWRCOA001,2029,2410.5355
RE1,PWRCOA001,2030,1889.3645
RE1,PWRCOA001,2031,7405.2445
RE1,PWRCOA001,2032,2164.104
RE1,PWRCOA001,2033,2162.6914
RE1,PWRCOA001,2034,2161.2803
RE1,PWRCOA001,2035,2733.0936
RE1,PWRCOA001,2036,2239.3555
RE1,PWRCOA001,2037,3959.5894
RE1,PWRCOA001,2038,1832.0846
RE1,PWRCOA001,2041,1528.7538
RE1,PWRCOA001,2042,2755.6325
RE1,PWRCOA001,2043,1708.3082
RE1,PWRCOA001,2044,3568.9793
RE1,PWRCOA001,2045,3566.0199
RE1,PWRCOA001,2046,1806.9673
RE1,PWRCOA001,2047,2063.5672
RE1,PWRCOA001,2048,1523.5525
RE1,PWRCOA001,2049,1174.4122
RE1,PWRCOA001,2050,1632.7218
RE1,PWRCOA001,2051,3765.4653
RE1,PWRCOA001,2052,1279.9786
RE1,PWRCOA001,2053,1294.2565
RE1,PWRCOA001,2054,1308.6938
RE1,PWRCOA001,2055,1326.3085
RE1,PWRCOA001,2056,1351.8357
RE1,PWRCOA001,2057,1366.9153
RE1,PWRCOA001,2058,1382.163
RE1,PWRCOA001,2059,1397.5808
RE1,PWRCOA001,2060,1413.1706
RE1,PWRCOA001,2061,1428.9343
RE1,PWRCOA001,2062,1444.8738
RE1,PWRCOA001,2063,1460.9912
RE1,PWRCOA001,2064,1477.2883
RE1,PWRCOA001,2065,1493.7672
RE1,PWRCOA001,2066,1510.43
RE1,PWRCOA001,2067,1527.2786
RE1,PWRCOA001,2068,1544.3151
RE1,PWRCOA001,2069,1561.5418
RE1,PWRNUC,2070,4565.3793
RE1,PWRTRNIMP,2015,0.0003
RE1,PWRTRNIMP,2016,0.0004
RE1,PWRTRNIMP,2017,0.0004
RE1,PWRTRNIMP,2018,0.0005
RE1,PWRTRNIMP,2019,0.0005
RE1,PWRTRNIMP,2020,0.0005
RE1,PWRTRNIMP,2021,0.0005
RE1,PWRTRNIMP,2022,0.0005
RE1,PWRTRNIMP,2023,0.0005
RE1,PWRTRNIMP,2024,0.0005
RE1,PWRTRNIMP,2025,0.0005
RE1,PWRTRNIMP,2026,0.0005
RE1,PWRTRNIMP,2027,0.0005
RE1,PWRTRNIMP,2028,0.0005
RE1,PWRTRNIMP,2029,0.0005
RE1,PWRTRNIMP,2030,0.0005
RE1,PWRTRNIMP,2031,0.0006
RE1,PWRTRNIMP,2032,0.0006
RE1,PWRTRNIMP,2033,0.0006
RE1,PWRTRNIMP,2034,0.0006
RE1,PWRTRNIMP,2035,0.0006
RE1,PWRTRNIMP,2036,0.0006
RE1,PWRTRNIMP,2037,0.0007
RE1,PWRTRNIMP,2038,0.0007
RE1,PWRTRNIMP,2039,0.0007
RE1,PWRTRNIMP,2040,0.0007
RE1,PWRTRNIMP,2041,0.0007
RE1,PWRTRNIMP,2042,0.0007
RE1,PWRTRNIMP,2043,0.0007
RE1,PWRTRNIMP,2044,0.0007
RE1,PWRTRNIMP,2045,0.0007
RE1,PWRTRNIMP,2046,0.0007
RE1,PWRTRNIMP,2047,0.0007
RE1,PWRTRNIMP,2048,0.0007
RE1,PWRTRNIMP,2049,0.0007
RE1,PWRTRNIMP,2050,0.0007
RE1,PWRTRNIMP,2051,0.0007
RE1,PWRTRNIMP,2052,0.0007
RE1,PWRTRNIMP,2053,0.0007
RE1,PWRTRNIMP,2054,0.0007
RE1,PWRTRNIMP,2055,0.0007
RE1,PWRTRNIMP,2056,0.0007
RE1,PWRTRNIMP,2057,0.0007
RE1,PWRTRNIMP,2058,0.0007
RE1,PWRTRNIMP,2059,0.0007
RE1,PWRTRNIMP,2060,0.0007
RE1,PWRTRNIMP,2061,0.0007
RE1,PWRTRNIMP,2062,0.0007
RE1,PWRTRNIMP,2063,0.0007
RE1,PWRTRNIMP,2064,0.0007
RE1,PWRTRNIMP,2065,0.0007
RE1,PWRTRNIMP,2066,0.0007
RE1,PWRTRNIMP,2067,0.0007
RE1,PWRTRNIMP,2068,0.0008
RE1,PWRTRNIMP,2069,0.0008
RE1,PWRTRNIMP,2070,0.0008
RE1,PWRTRN,2033,57.6845
RE1,PWRTRN,2034,277.7325
RE1,PWRTRN,2035,277.5513
RE1,PWRTRN,2036,221.9663
RE1,PWRTRN,2037,221.8216
RE1,PWRTRN,2038,221.677
RE1,PWRTRN,2039,224.6571
RE1,PWRTRN,2040,224.5108
RE1,PWRTRN,2041,219.6212
RE1,PWRTRN,2042,219.4783
RE1,PWRTRN,2043,219.3355
RE1,PWRTRN,2044,219.1928
RE1,PWRTRN,2045,219.0503
RE1,PWRTRN,2046,151.081
RE1,PWRTRN,2047,150.9828
RE1,PWRTRN,2048,150.8848
RE1,PWRTRN,2049,150.7868
RE1,PWRTRN,2050,150.6889
RE1,PWRTRN,2051,10974.455
RE1,PWRTRN,2052,162.3382
RE1,PWRTRN,2053,164.1491
RE1,PWRTRN,2054,165.9801
RE1,PWRTRN,2055,167.8316
RE1,PWRTRN,2056,169.7038
RE1,PWRTRN,2057,171.5968
RE1,PWRTRN,2058,173.5109
RE1,PWRTRN,2059,175.4464
RE1,PWRTRN,2060,177.4035
RE1,PWRTRN,2061,179.3824
RE1,PWRTRN,2062,181.3834
RE1,PWRTRN,2063,183.4067
RE1,PWRTRN,2064,185.4526
RE1,PWRTRN,2065,187.5212
RE1,PWRTRN,2066,189.613
RE1,PWRTRN,2067,191.7281
RE1,PWRTRN,2068,193.8668
RE1,PWRTRN,2069,196.0294
RE1,PWRTRN,2070,198.216
RE1,PWRDIST,2036,101.2365
RE1,PWRDIST,2037,106.8562
RE1,PWRDIST,2038,106.8562
RE1,PWRDIST,2039,108.3369
RE1,PWRDIST,2040,108.3369
RE1,PWRDIST,2041,106.0875
RE1,PWRDIST,2042,106.0875
RE1,PWRDIST,2043,106.0875
RE1,PWRDIST,2044,106.0875
RE1,PWRDIST,2045,106.0875
RE1,PWRDIST,2046,73.8694
RE1,PWRDIST,2047,73.8694
RE1,PWRDIST,2048,73.8694
RE1,PWRDIST,2049,73.8694
RE1,PWRDIST,2050,73.8694
RE1,PWRDIST,2051,5490.3886
RE1,PWRDIST,2052,77.2116
RE1,PWRDIST,2053,78.0728
RE1,PWRDIST,2054,78.9437
RE1,PWRDIST,2055,79.8243
RE1,PWRDIST,2056,80.7148
RE1,PWRDIST,2057,81.6151
RE1,PWRDIST,2058,82.5255
RE1,PWRDIST,2059,83.4461
RE1,PWRDIST,2060,84.3769
RE1,PWRDIST,2061,85.3181
RE1,PWRDIST,2062,86.2698
RE1,PWRDIST,2063,87.2322
RE1,PWRDIST,2064,88.2052
RE1,PWRDIST,2065,89.1891
RE1,PWRDIST,2066,90.184
RE1,PWRDIST,2067,91.19
RE1,PWRDIST,2068,92.2072
RE1,PWRDIST,2069,93.2358
RE1,PWRDIST,2070,94.2758
RE1,PWRTRNEXP,2015,0.0
RE1,PWRTRNEXP,2016,0.0
RE1,PWRTRNEXP,2017,0.0
RE1,PWRTRNEXP,2018,0.0
RE1,PWRTRNEXP,2019,0.0
RE1,PWRTRNEXP,2020,0.0
RE1,PWRTRNEXP,2021,0.0
RE1,PWRTRNEXP,2022,0.0
RE1,PWRTRNEXP,2023,0.0
RE1,PWRTRNEXP,2024,0.0
RE1,PWRTRNEXP,2025,0.0
RE1,PWRTRNEXP,2026,0.0
RE1,PWRTRNEXP,2027,0.0
RE1,PWRTRNEXP,2028,0.0
RE1,PWRTRNEXP,2029,0.0
RE1,PWRTRNEXP,2030,0.0
RE1,PWRTRNEXP,2031,0.0
RE1,PWRTRNEXP,2032,0.0
RE1,PWRTRNEXP,2033,0.0
RE1,PWRTRNEXP,2034,0.0
RE1,PWRTRNEXP,2035,0.0
RE1,PWRTRNEXP,2036,0.0
RE1,PWRTRNEXP,2037,0.0
RE1,PWRTRNEXP,2038,0.0
RE1,PWRTRNEXP,2039,0.0
RE1,PWRTRNEXP,2040,0.0
RE1,PWRTRNEXP,2041,0.0
RE1,PWRTRNEXP,2042,0.0001
RE1,PWRTRNEXP,2043,0.0001
RE1,PWRTRNEXP,2044,0.0001
RE1,PWRTRNEXP,2045,0.0001
RE1,PWRTRNEXP,2046,0.0001
RE1,PWRTRNEXP,2047,0.0001
RE1,PWRTRNEXP,2048,0.0001
RE1,PWRTRNEXP,2049,0.0001
RE1,PWRTRNEXP,2050,0.0001
RE1,PWRTRNEXP,2051,0.0001
RE1,PWRTRNEXP,2052,0.0001
RE1,PWRTRNEXP,2053,0.0001
RE1,PWRTRNEXP,2054,0.0001
RE1,PWRTRNEXP,2055,0.0001
RE1,PWRTRNEXP,2056,0.0001
RE1,PWRTRNEXP,2057,0.0001
RE1,PWRTRNEXP,2058,0.0001
RE1,PWRTRNEXP,2059,0.0001
RE1,PWRTRNEXP,2060,0.0001
RE1,PWRTRNEXP,2061,0.0001
RE1,PWRTRNEXP,2062,0.0001
RE1,PWRTRNEXP,2063,0.0001
RE1,PWRTRNEXP,2064,0.0001
RE1,PWRTRNEXP,2065,0.0
RE1,PWRTRNEXP,2066,0.0
RE1,PWRTRNEXP,2067,0.0
RE1,PWRTRNEXP,2068,0.0
RE1,PWRTRNEXP,2069,0.0
RE1,PWRTRNEXP,2070,0.0
RE1,DEMTRAMCYGSL,2015,0.0007
RE1,DEMTRAMCYGSL,2016,0.0
RE1,DEMTRAMCYGSL,2017,0.0
RE1,DEMTRAMCYGSL,2018,0.0
RE1,DEMTRAMCYGSL,2019,0.0
RE1,DEMTRAMCYGSL,2020,0.0
RE1,DEMTRAMCYGSL,2021,0.0
RE1,DEMTRAMCYGSL,2022,0.0
RE1,DEMTRAMCYGSL,2023,0.0
RE1,DEMTRAMCYGSL,2024,0.0
RE1,DEMTRAMCYGSL,2025,0.0
RE1,DEMTRAMCYGSL,2026,0.0
RE1,DEMTRAMCYGSL,2027,0.0
RE1,DEMTRAMCYGSL,2028,0.0
RE1,DEMTRAMCYGSL,2029,0.0
RE1,DEMTRAMCYGSL,2030,0.0007
RE1,DEMTRAMCYGSL,2031,0.0
RE1,DEMTRAMCYGSL,2032,0.0
RE1,DEMTRAMCYGSL,2033,0.0
RE1,DEMTRAMCYGSL,2034,94.7667
RE1,DEMTRAMCYGSL,2040,307.351
RE1,DEMTRAMCYGSL,2041,370.2672
RE1,DEMTRAMCYGSL,2042,420.8926
RE1,DEMTRAMCYGSL,2043,471.5072
RE1,DEMTRAMCYGSL,2044,522.1117
RE1,DEMTRAMCYGSL,2045,15672.51
RE1,DEMTRAMCYGSL,2046,1133.9247
RE1,DEMTRAMCYGSL,2047,969.0341
RE1,DEMTRAMCYGSL,2048,1077.5404
RE1,DEMTRAMCYGSL,2049,5002.1031
RE1,DEMTRAMCYGSL,2050,269.5206
RE1,DEMTRAMCYGSL,2051,275.833
RE1,DEMTRAMCYGSL,2052,277.9664
RE1,DEMTRAMCYGSL,2053,280.1165
RE1,DEMTRAMCYGSL,2054,282.2834
RE1,DEMTRAMCYGSL,2055,1079.2589
RE1,DEMTRAMCYGSL,2056,1113.0915
RE1,DEMTRAMCYGSL,2057,1115.1945
RE1,DEMTRAMCYGSL,2058,1117.3205
RE1,DEMTRAMCYGSL,2059,1119.4693
RE1,DEMTRAMCYGSL,2060,22899.595
RE1,DEMTRAMCYGSL,2061,1800.452
RE1,DEMTRAMCYGSL,2062,1487.7633
RE1,DEMTRAMCYGSL,2063,1530.7512
RE1,DEMTRAMCYGSL,2064,5633.8313
RE1,DEMTRAMCYGSL,2065,576.7844
RE1,DEMTRAMCYGSL,2066,585.4754
RE1,DEMTRAMCYGSL,2067,590.006
RE1,DEMTRAMCYGSL,2068,594.572
RE1,DEMTRAMCYGSL,2069,599.1735
RE1,DEMTRAMCYGSL,2070,1398.6027
RE1,DEMTRACARGSL,2015,0.0017
RE1,DEMTRACARGSL,2016,0.0003
RE1,DEMTRACARGSL,2029,0.0024
RE1,DEMTRACARGSL,2041,0.0
RE1,DEMTRACARGSL,2042,0.0
RE1,DEMTRACARGSL,2043,0.0
RE1,DEMTRACARGSL,2044,0.0
RE1,DEMTRACARGSL,2045,0.0
RE1,DEMTRACARGSL,2046,0.0
RE1,DEMTRACARGSL,2047,0.0
RE1,DEMTRACARGSL,2048,0.0
RE1,DEMTRACARGSL,2049,0.0025
RE1,DEMTRACARGSL,2053,197.4712
RE1,DEMTRACARGSL,2054,198.9987
RE1,DEMTRACARGSL,2055,200.5382
RE1,DEMTRACARGSL,2056,202.0896
RE1,DEMTRACARGSL,2057,203.6532
RE1,DEMTRACARGSL,2058,205.229
RE1,DEMTRACARGSL,2059,206.817
RE1,DEMTRACARGSL,2060,208.4175
RE1,DEMTRACARGSL,2061,453.166
RE1,DEMTRACARGSL,2062,454.767
RE1,DEMTRACARGSL,2063,456.3815
RE1,DEMTRACARGSL,2064,458.0097
RE1,DEMTRACARGSL,2065,459.6515
RE1,DEMTRACARGSL,2066,408.325
RE1,DEMTRACARGSL,2067,410.0051
RE1,DEMTRACARGSL,2068,411.6987
RE1,DEMTRACARGSL,2069,24362.27
RE1,DEMTRACARGSL,2070,225.1249
RE1,DEMTRABUSGSL,2015,0.0014
RE1,DEMTRABUSGSL,2016,0.0
RE1,DEMTRABUSGSL,2017,0.0
RE1,DEMTRABUSGSL,2018,0.0
RE1,DEMTRABUSGSL,2019,0.0
RE1,DEMTRABUSGSL,2020,0.0
RE1,DEMTRABUSGSL,2021,0.0
RE1,DEMTRABUSGSL,2022,0.0001
RE1,DEMTRABUSGSL,2023,0.0
RE1,DEMTRABUSGSL,2024,0.0001
RE1,DEMTRABUSGSL,2025,0.0
RE1,DEMTRABUSGSL,2027,0.0
RE1,DEMTRABUSGSL,2028,0.0
RE1,DEMTRABUSGSL,2029,0.0
RE1,DEMTRABUSGSL,2030,0.0
RE1,DEMTRABUSGSL,2031,0.0
RE1,DEMTRABUSGSL,2032,0.0
RE1,DEMTRABUSGSL,2033,0.0
RE1,DEMTRABUSGSL,2034,0.0
RE1,DEMTRABUSGSL,2035,0.0016
RE1,DEMTRABUSGSL,2036,0.0
RE1,DEMTRABUSGSL,2038,0.0
RE1,DEMTRABUSGSL,2039,0.0
RE1,DEMTRABUSGSL,2040,0.0001
RE1,DEMTRABUSGSL,2041,0.0
RE1,DEMTRABUSGSL,2042,0.0001
RE1,DEMTRABUSGSL,2043,0.0
RE1,DEMTRABUSGSL,2044,0.0001
RE1,DEMTRABUSGSL,2045,0.0
RE1,DEMTRABUSGSL,2046,0.0
RE1,DEMTRABUSGSL,2047,0.0
RE1,DEMTRABUSGSL,2048,0.0
RE1,DEMTRABUSGSL,2049,0.0
RE1,DEMTRABUSGSL,2050,0.0
RE1,DEMTRABUSGSL,2051,0.0
RE1,DEMTRABUSGSL,2052,0.0
RE1,DEMTRABUSGSL,2053,0.0
RE1,DEMTRABUSGSL,2054,0.0
RE1,DEMTRABUSGSL,2055,0.0016
RE1,DEMTRABUSGSL,2056,0.0
RE1,DEMTRABUSGSL,2057,0.0
RE1,DEMTRABUSGSL,2058,0.0
RE1,DEMTRABUSGSL,2059,0.0001
RE1,DEMTRABUSGSL,2060,0.0001
RE1,DEMTRABUSGSL,2061,0.0001
RE1,DEMTRABUSGSL,2062,0.0001
RE1,DEMTRABUSGSL,2063,0.0
RE1,DEMTRABUSGSL,2064,0.0001
RE1,DEMTRABUSGSL,2065,0.0
RE1,DEMTRABUSGSL,2066,0.0
RE1,DEMTRABUSGSL,2067,0.0001
RE1,DEMTRABUSGSL,2068,0.0001
RE1,DEMTRABUSGSL,2069,0.0001
RE1,DEMTRABUSGSL,2070,0.0001
RE1,DEMINDELC,2015,0.0011
RE1,DEMINDELC,2016,0.0001
RE1,DEMINDELC,2017,0.0001
RE1,DEMINDELC,2018,0.0001
RE1,DEMINDELC,2019,0.0001
RE1,DEMINDELC,2020,0.0001
RE1,DEMINDELC,2021,0.0
RE1,DEMINDELC,2022,0.0
RE1,DEMINDELC,2023,0.0
RE1,DEMINDELC,2024,0.0
RE1,DEMINDELC,2025,0.0012
RE1,DEMINDELC,2026,0.0001
RE1,DEMINDELC,2027,0.0001
RE1,DEMINDELC,2028,0.0001
RE1,DEMINDELC,2029,0.0001
RE1,DEMINDELC,2030,0.0001
RE1,DEMINDELC,2031,0.0001
RE1,DEMINDELC,2032,0.0001
RE1,DEMINDELC,2033,0.0001
RE1,DEMINDELC,2034,0.0001
RE1,DEMINDELC,2035,0.0012
RE1,DEMINDELC,2036,0.0002
RE1,DEMINDELC,2037,0.0001
RE1,DEMINDELC,2038,0.0001
RE1,DEMINDELC,2039,0.0001
RE1,DEMINDELC,2040,0.0001
RE1,DEMINDELC,2041,0.0001
RE1,DEMINDELC,2042,0.0001
RE1,DEMINDELC,2043,0.0001
RE1,DEMINDELC,2044,0.0001
RE1,DEMINDELC,2045,0.0013
RE1,DEMINDELC,2046,0.0002
RE1,DEMINDELC,2047,0.0002
RE1,DEMINDELC,2048,0.0002
RE1,DEMINDELC,2049,0.0002
RE1,DEMINDELC,2050,0.0002
RE1,DEMINDELC,2051,0.0002
RE1,DEMINDELC,2052,0.0002
RE1,DEMINDELC,2053,0.0002
RE1,DEMINDELC,2054,0.0002
RE1,DEMINDELC,2055,0.0013
RE1,DEMINDELC,2056,0.0002
RE1,DEMINDELC,2057,0.0002
RE1,DEMINDELC,2058,0.0002
RE1,DEMINDELC,2059,0.0002
RE1,DEMINDELC,2060,0.0002
RE1,DEMINDELC,2061,0.0002
RE1,DEMINDELC,2062,0.0002
RE1,DEMINDELC,2063,0.0002
RE1,DEMINDELC,2064,0.0002
RE1,DEMINDELC,2065,0.0013
RE1,DEMINDELC,2066,0.0003
RE1,DEMINDELC,2067,0.0002
RE1,DEMINDELC,2068,0.0002
RE1,DEMINDELC,2069,0.0002
RE1,DEMINDELC,2070,0.0002
RE1,DEMINDHEBIO,2015,6118.9699
RE1,DEMINDHEBIO,2022,57.5756
RE1,DEMINDHEBIO,2023,88.7996
RE1,DEMINDHEBIO,2024,88.6422
RE1,DEMINDHEBIO,2025,88.5041
RE1,DEMINDHEBIO,2026,97.6675
RE1,DEMINDHEBIO,2027,97.5138
RE1,DEMINDHEBIO,2028,97.3534
RE1,DEMINDHEBIO,2029,97.1969
RE1,DEMINDHEBIO,2030,6183.8783
RE1,DEMINDHEBIO,2031,87.4671
RE1,DEMINDHEBIO,2032,87.252
RE1,DEMINDHEBIO,2033,87.0463
RE1,DEMINDHEBIO,2034,86.8614
RE1,DEMINDHEBIO,2035,86.67
RE1,DEMINDHEBIO,2036,76.0489
RE1,DEMINDHEBIO,2037,133.1175
RE1,DEMINDHEBIO,2038,163.9906
RE1,DEMINDHEBIO,2039,163.7066
RE1,DEMINDHEBIO,2040,163.4278
RE1,DEMINDHEBIO,2041,175.6184
RE1,DEMINDHEBIO,2042,175.314
RE1,DEMINDHEBIO,2043,175.0434
RE1,DEMINDHEBIO,2044,174.7515
RE1,DEMINDHEBIO,2045,6209.1069
RE1,DEMINDHEBIO,2046,146.8111
RE1,DEMINDHEBIO,2047,146.5275
RE1,DEMINDHEBIO,2048,146.2291
RE1,DEMINDHEBIO,2049,145.9357
RE1,DEMINDHEBIO,2050,145.6674
RE1,DEMINDHEBIO,2051,136.4768
RE1,DEMINDHEBIO,2052,193.3326
RE1,DEMINDHEBIO,2053,224.2393
RE1,DEMINDHEBIO,2054,224.3238
RE1,DEMINDHEBIO,2055,224.3763
RE1,DEMINDHEBIO,2056,236.7966
RE1,DEMINDHEBIO,2057,236.8816
RE1,DEMINDHEBIO,2058,236.9311
RE1,DEMINDHEBIO,2059,237.0187
RE1,DEMINDHEBIO,2060,6190.4313
RE1,DEMINDHEBIO,2061,210.2188
RE1,DEMINDHEBIO,2062,210.4286
RE1,DEMINDHEBIO,2063,210.6393
RE1,DEMINDHEBIO,2064,210.8926
RE1,DEMINDHEBIO,2065,211.2242
RE1,DEMINDHEBIO,2066,202.7408
RE1,DEMINDHEBIO,2067,259.5801
RE1,DEMINDHEBIO,2068,290.8464
RE1,DEMINDHEBIO,2069,291.6
RE1,DEMINDHEBIO,2070,292.4206
RE1,DEMRESELC,2015,0.0006
RE1,DEMRESELC,2016,0.0
RE1,DEMRESELC,2017,0.0
RE1,DEMRESELC,2018,0.0
RE1,DEMRESELC,2019,0.0
RE1,DEMRESELC,2020,0.0
RE1,DEMRESELC,2021,0.0
RE1,DEMRESELC,2022,0.0
RE1,DEMRESELC,2023,0.0
RE1,DEMRESELC,2024,0.0
RE1,DEMRESELC,2025,0.0006
RE1,DEMRESELC,2026,0.0001
RE1,DEMRESELC,2027,0.0001
RE1,DEMRESELC,2028,0.0001
RE1,DEMRESELC,2029,0.0001
RE1,DEMRESELC,2030,0.0001
RE1,DEMRESELC,2031,0.0
RE1,DEMRESELC,2032,0.0
RE1,DEMRESELC,2033,0.0
RE1,DEMRESELC,2034,0.0
RE1,DEMRESELC,2035,0.0006
RE1,DEMRESELC,2036,0.0001
RE1,DEMRESELC,2037,0.0001
RE1,DEMRESELC,2038,0.0001
RE1,DEMRESELC,2039,0.0001
RE1,DEMRESELC,2040,0.0001
RE1,DEMRESELC,2041,0.0001
RE1,DEMRESELC,2042,0.0001
RE1,DEMRESELC,2043,0.0001
RE1,DEMRESELC,2044,0.0001
RE1,DEMRESELC,2045,0.0006
RE1,DEMRESELC,2046,0.0001
RE1,DEMRESELC,2047,0.0001
RE1,DEMRESELC,2048,0.0001
RE1,DEMRESELC,2049,0.0001
RE1,DEMRESELC,2050,0.0001
RE1,DEMRESELC,2051,0.0001
RE1,DEMRESELC,2052,0.0001
RE1,DEMRESELC,2053,0.0001
RE1,DEMRESELC,2054,0.0001
RE1,DEMRESELC,2055,0.0006
RE1,DEMRESELC,2056,0.0001
RE1,DEMRESELC,2057,0.0001
RE1,DEMRESELC,2058,0.0001
RE1,DEMRESELC,2059,0.0001
RE1,DEMRESELC,2060,0.0001
RE1,DEMRESELC,2061,0.0001
RE1,DEMRESELC,2062,0.0001
RE1,DEMRESELC,2063,0.0001
RE1,DEMRESELC,2064,0.0001
RE1,DEMRESELC,2065,0.0007
RE1,DEMRESELC,2066,0.0001
RE1,DEMRESELC,2067,0.0001
RE1,DEMRESELC,2068,0.0001
RE1,DEMRESELC,2069,0.0001
RE1,DEMRESELC,2070,0.0001
RE1,DEMRESCKNOIL,2027,36.8844
RE1,DEMRESCKNOIL,2028,37.1585
RE1,DEMRESCKNOIL,2029,37.147
RE1,DEMRESCKNOIL,2030,37.1361
RE1,DEMRESCKNOIL,2031,36.6009
RE1,DEMRESCKNOIL,2032,36.5834
RE1,DEMRESCKNOIL,2033,36.5667
RE1,DEMRESCKNOIL,2034,36.551
RE1,DEMRESCKNOIL,2035,36.5361
RE1,DEMRESCKNOIL,2036,35.7891
RE1,DEMRESCKNOIL,2037,35.7807
RE1,DEMRESCKNOIL,2038,35.7725
RE1,DEMRESCKNOIL,2039,4.9865
RE1,DEMRESCKNOIL,2040,4.9789
RE1,DEMRESCKNOIL,2041,4.971
RE1,DEMRESCKNOIL,2042,4.9655
RE1,DEMRESCKNOIL,2043,4.9601
RE1,DEMRESCKNOIL,2044,4.9549
RE1,DEMRESCKNOIL,2045,4.9499
RE1,DEMRESCKNOIL,2046,3.751
RE1,DEMRESCKNOIL,2047,40.6332
RE1,DEMRESCKNOIL,2048,40.905
RE1,DEMRESCKNOIL,2049,40.8914
RE1,DEMRESCKNOIL,2050,40.8785
RE1,DEMRESCKNOIL,2051,40.4356
RE1,DEMRESCKNOIL,2052,40.4479
RE1,DEMRESCKNOIL,2053,40.4614
RE1,DEMRESCKNOIL,2054,40.4761
RE1,DEMRESCKNOIL,2055,40.4918
RE1,DEMRESCKNOIL,2056,39.7756
RE1,DEMRESCKNOIL,2057,39.7982
RE1,DEMRESCKNOIL,2058,39.8214
RE1,DEMRESCKNOIL,2059,9.0669
RE1,DEMRESCKNOIL,2060,9.0911
RE1,DEMRESCKNOIL,2061,9.1153
RE1,DEMRESCKNOIL,2062,9.142
RE1,DEMRESCKNOIL,2063,9.1692
RE1,DEMRESCKNOIL,2064,9.1968
RE1,DEMRESCKNOIL,2065,9.2249
RE1,DEMRESCKNOIL,2066,8.0593
RE1,DEMRESCKNOIL,2067,44.9751
RE1,DEMRESCKNOIL,2068,45.2808
RE1,DEMRESCKNOIL,2069,45.3013
RE1,DEMRESCKNOIL,2070,45.3227
RE1,DEMRESCKNBIO,2030,13.6067
RE1,DEMRESCKNBIO,2031,46.6683
RE1,DEMRESCKNBIO,2032,46.6529
RE1,DEMRESCKNBIO,2033,46.6383
RE1,DEMRESCKNBIO,2034,46.6245
RE1,DEMRESCKNBIO,2035,46.6115
RE1,DEMRESCKNBIO,2036,45.9562
RE1,DEMRESCKNBIO,2037,45.9488
RE1,DEMRESCKNBIO,2038,45.9416
RE1,DEMRESCKNBIO,2039,4.374
RE1,DEMRESCKNBIO,2040,4.3674
RE1,DEMRESCKNBIO,2041,4.3605
RE1,DEMRESCKNBIO,2042,4.3556
RE1,DEMRESCKNBIO,2043,4.3509
RE1,DEMRESCKNBIO,2044,4.3463
RE1,DEMRESCKNBIO,2045,4.3419
RE1,DEMRESCKNBIO,2046,3.2903
RE1,DEMRESCKNBIO,2047,3.2883
RE1,DEMRESCKNBIO,2048,3.2864
RE1,DEMRESCKNBIO,2049,3.2845
RE1,DEMRESCKNBIO,2050,16.8894
RE1,DEMRESCKNBIO,2051,50.032
RE1,DEMRESCKNBIO,2052,50.0428
RE1,DEMRESCKNBIO,2053,50.0546
RE1,DEMRESCKNBIO,2054,50.0675
RE1,DEMRESCKNBIO,2055,50.0813
RE1,DEMRESCKNBIO,2056,49.4531
RE1,DEMRESCKNBIO,2057,49.4729
RE1,DEMRESCKNBIO,2058,49.4932
RE1,DEMRESCKNBIO,2059,7.9533
RE1,DEMRESCKNBIO,2060,7.9745
RE1,DEMRESCKNBIO,2061,7.9958
RE1,DEMRESCKNBIO,2062,8.0192
RE1,DEMRESCKNBIO,2063,8.043
RE1,DEMRESCKNBIO,2064,8.0673
RE1,DEMRESCKNBIO,2065,8.0919
RE1,DEMRESCKNBIO,2066,7.0694
RE1,DEMRESCKNBIO,2067,7.0969
RE1,DEMRESCKNBIO,2068,7.1247
RE1,DEMRESCKNBIO,2069,7.1528
RE1,DEMRESCKNBIO,2070,20.7878
RE1,DEMRESHEBIO,2015,1212.9588
RE1,DEMRESHEBIO,2019,29.3623
RE1,DEMRESHEBIO,2020,30.2233
RE1,DEMRESHEBIO,2021,22.4702
RE1,DEMRESHEBIO,2022,22.4093
RE1,DEMRESHEBIO,2023,22.353
RE1,DEMRESHEBIO,2024,22.2965
RE1,DEMRESHEBIO,2025,22.2458
RE1,DEMRESHEBIO,2026,24.3684
RE1,DEMRESHEBIO,2027,24.3121
RE1,DEMRESHEBIO,2028,24.255
RE1,DEMRESHEBIO,2029,24.1999
RE1,DEMRESHEBIO,2030,1230.7356
RE1,DEMRESHEBIO,2031,22.107
RE1,DEMRESHEBIO,2032,22.0286
RE1,DEMRESHEBIO,2033,21.9539
RE1,DEMRESHEBIO,2034,51.0724
RE1,DEMRESHEBIO,2035,51.8545
RE1,DEMRESHEBIO,2036,41.301
RE1,DEMRESHEBIO,2037,41.1935
RE1,DEMRESHEBIO,2038,41.0904
RE1,DEMRESHEBIO,2039,40.9915
RE1,DEMRESHEBIO,2040,40.8953
RE1,DEMRESHEBIO,2041,42.9545
RE1,DEMRESHEBIO,2042,42.8535
RE1,DEMRESHEBIO,2043,42.7622
RE1,DEMRESHEBIO,2044,42.6669
RE1,DEMRESHEBIO,2045,1238.8179
RE1,DEMRESHEBIO,2046,36.0222
RE1,DEMRESHEBIO,2047,35.9244
RE1,DEMRESHEBIO,2048,35.8244
RE1,DEMRESHEBIO,2049,64.6269
RE1,DEMRESHEBIO,2050,65.3742
RE1,DEMRESHEBIO,2051,55.2423
RE1,DEMRESHEBIO,2052,55.2254
RE1,DEMRESHEBIO,2053,55.2104
RE1,DEMRESHEBIO,2054,55.2004
RE1,DEMRESHEBIO,2055,55.1838
RE1,DEMRESHEBIO,2056,57.3088
RE1,DEMRESHEBIO,2057,57.302
RE1,DEMRESHEBIO,2058,57.2881
RE1,DEMRESHEBIO,2059,57.2847
RE1,DEMRESHEBIO,2060,1237.4058
RE1,DEMRESHEBIO,2061,50.9138
RE1,DEMRESHEBIO,2062,50.9355
RE1,DEMRESHEBIO,2063,50.9588
RE1,DEMRESHEBIO,2064,79.5261
RE1,DEMRESHEBIO,2065,80.427
RE1,DEMRESHEBIO,2066,70.5773
RE1,DEMRESHEBIO,2067,70.7177
RE1,DEMRESHEBIO,2068,70.8702
RE1,DEMRESHEBIO,2069,71.0225
RE1,DEMRESHEBIO,2070,71.1924
RE1,DEMCOMELC,2015,0.0006
RE1,DEMCOMELC,2016,0.0
RE1,DEMCOMELC,2017,0.0
RE1,DEMCOMELC,2018,0.0
RE1,DEMCOMELC,2019,0.0
RE1,DEMCOMELC,2020,0.0
RE1,DEMCOMELC,2021,0.0
RE1,DEMCOMELC,2022,0.0
RE1,DEMCOMELC,2023,0.0
RE1,DEMCOMELC,2024,0.0
RE1,DEMCOMELC,2025,0.0006
RE1,DEMCOMELC,2026,0.0001
RE1,DEMCOMELC,2027,0.0001
RE1,DEMCOMELC,2028,0.0001
RE1,DEMCOMELC,2029,0.0001
RE1,DEMCOMELC,2030,0.0001
RE1,DEMCOMELC,2031,0.0
RE1,DEMCOMELC,2032,0.0
RE1,DEMCOMELC,2033,0.0
RE1,DEMCOMELC,2034,0.0
RE1,DEMCOMELC,2035,0.0006
RE1,DEMCOMELC,2036,0.0001
RE1,DEMCOMELC,2037,0.0001
RE1,DEMCOMELC,2038,0.0001
RE1,DEMCOMELC,2039,0.0001
RE1,DEMCOMELC,2040,0.0001
RE1,DEMCOMELC,2041,0.0001
RE1,DEMCOMELC,2042,0.0001
RE1,DEMCOMELC,2043,0.0001
RE1,DEMCOMELC,2044,0.0001
RE1,DEMCOMELC,2045,0.0007
RE1,DEMCOMELC,2046,0.0001
RE1,DEMCOMELC,2047,0.0001
RE1,DEMCOMELC,2048,0.0001
RE1,DEMCOMELC,2049,0.0001
RE1,DEMCOMELC,2050,0.0001
RE1,DEMCOMELC,2051,0.0001
RE1,DEMCOMELC,2052,0.0001
RE1,DEMCOMELC,2053,0.0001
RE1,DEMCOMELC,2054,0.0001
RE1,DEMCOMELC,2055,0.0007
RE1,DEMCOMELC,2056,0.0001
RE1,DEMCOMELC,2057,0.0001
RE1,DEMCOMELC,2058,0.0001
RE1,DEMCOMELC,2059,0.0001
RE1,DEMCOMELC,2060,0.0001
RE1,DEMCOMELC,2061,0.0001
RE1,DEMCOMELC,2062,0.0001
RE1,DEMCOMELC,2063,0.0001
RE1,DEMCOMELC,2064,0.0001
RE1,DEMCOMELC,2065,0.0007
RE1,DEMCOMELC,2066,0.0001
RE1,DEMCOMELC,2067,0.0001
RE1,DEMCOMELC,2068,0.0001
RE1,DEMCOMELC,2069,0.0001
RE1,DEMCOMELC,2070,0.0001
RE1,DEMCOMHEBIO,2015,533.6865
RE1,DEMCOMHEBIO,2016,27.1383
RE1,DEMCOMHEBIO,2017,13.5298
RE1,DEMCOMHEBIO,2018,13.5264
RE1,DEMCOMHEBIO,2019,13.5223
RE1,DEMCOMHEBIO,2020,13.517
RE1,DEMCOMHEBIO,2021,11.0036
RE1,DEMCOMHEBIO,2022,10.9996
RE1,DEMCOMHEBIO,2023,10.9962
RE1,DEMCOMHEBIO,2024,10.9913
RE1,DEMCOMHEBIO,2025,10.988
RE1,DEMCOMHEBIO,2026,12.453
RE1,DEMCOMHEBIO,2027,12.4491
RE1,DEMCOMHEBIO,2028,12.4436
RE1,DEMCOMHEBIO,2029,12.4377
RE1,DEMCOMHEBIO,2030,543.3155
RE1,DEMCOMHEBIO,2031,37.2177
RE1,DEMCOMHEBIO,2032,23.6756
RE1,DEMCOMHEBIO,2033,23.663
RE1,DEMCOMHEBIO,2034,23.6538
RE1,DEMCOMHEBIO,2035,23.6405
RE1,DEMCOMHEBIO,2036,20.3267
RE1,DEMCOMHEBIO,2037,20.3153
RE1,DEMCOMHEBIO,2038,20.3039
RE1,DEMCOMHEBIO,2039,20.2925
RE1,DEMCOMHEBIO,2040,20.2805
RE1,DEMCOMHEBIO,2041,21.1531
RE1,DEMCOMHEBIO,2042,21.1376
RE1,DEMCOMHEBIO,2043,21.1251
RE1,DEMCOMHEBIO,2044,21.1091
RE1,DEMCOMHEBIO,2045,547.4252
RE1,DEMCOMHEBIO,2046,43.7857
RE1,DEMCOMHEBIO,2047,30.3579
RE1,DEMCOMHEBIO,2048,30.333
RE1,DEMCOMHEBIO,2049,30.3073
RE1,DEMCOMHEBIO,2050,30.285
RE1,DEMCOMHEBIO,2051,27.1528
RE1,DEMCOMHEBIO,2052,27.1859
RE1,DEMCOMHEBIO,2053,27.2177
RE1,DEMCOMHEBIO,2054,27.2499
RE1,DEMCOMHEBIO,2055,27.277
RE1,DEMCOMHEBIO,2056,28.1839
RE1,DEMCOMHEBIO,2057,28.2147
RE1,DEMCOMHEBIO,2058,28.2403
RE1,DEMCOMHEBIO,2059,28.2694
RE1,DEMCOMHEBIO,2060,547.5369
RE1,DEMCOMHEBIO,2061,50.7286
RE1,DEMCOMHEBIO,2062,37.5439
RE1,DEMCOMHEBIO,2063,37.5832
RE1,DEMCOMHEBIO,2064,37.6283
RE1,DEMCOMHEBIO,2065,37.6858
RE1,DEMCOMHEBIO,2066,34.6704
RE1,DEMCOMHEBIO,2067,34.7808
RE1,DEMCOMHEBIO,2068,34.8951
RE1,DEMCOMHEBIO,2069,35.0072
RE1,DEMCOMHEBIO,2070,35.1263
RE1,DEMINDHECOA,2015,11403.233
RE1,DEMINDHECOA,2022,107.5244
RE1,DEMINDHECOA,2023,165.8868
RE1,DEMINDHECOA,2024,165.6668
RE1,DEMINDHECOA,2025,165.4594
RE1,DEMINDHECOA,2026,182.6719
RE1,DEMINDHECOA,2027,182.4404
RE1,DEMINDHECOA,2028,182.2218
RE1,DEMINDHECOA,2029,182.0151
RE1,DEMINDHECOA,2030,11585.053
RE1,DEMINDHECOA,2031,163.9275
RE1,DEMINDHECOA,2032,163.6112
RE1,DEMINDHECOA,2033,163.3122
RE1,DEMINDHECOA,2034,163.0293
RE1,DEMINDHECOA,2035,162.7612
RE1,DEMINDHECOA,2036,142.8954
RE1,DEMINDHECOA,2037,250.2672
RE1,DEMINDHECOA,2038,308.483
RE1,DEMINDHECOA,2039,308.1217
RE1,DEMINDHECOA,2040,307.7783
RE1,DEMINDHECOA,2041,330.9596
RE1,DEMINDHECOA,2042,330.6277
RE1,DEMINDHECOA,2043,330.3123
RE1,DEMINDHECOA,2044,330.0123
RE1,DEMINDHECOA,2045,11732.96
RE1,DEMINDHECOA,2046,277.6388
RE1,DEMINDHECOA,2047,277.2824
RE1,DEMINDHECOA,2048,276.9444
RE1,DEMINDHECOA,2049,276.6231
RE1,DEMINDHECOA,2050,276.3175
RE1,DEMINDHECOA,2051,259.1332
RE1,DEMINDHECOA,2052,367.3889
RE1,DEMINDHECOA,2053,426.4954
RE1,DEMINDHECOA,2054,427.0318
RE1,DEMINDHECOA,2055,427.593
RE1,DEMINDHECOA,2056,451.686
RE1,DEMINDHECOA,2057,452.2727
RE1,DEMINDHECOA,2058,452.883
RE1,DEMINDHECOA,2059,453.516
RE1,DEMINDHECOA,2060,11857.404
RE1,DEMINDHECOA,2061,403.03
RE1,DEMINDHECOA,2062,403.6284
RE1,DEMINDHECOA,2063,404.2524
RE1,DEMINDHECOA,2064,404.9008
RE1,DEMINDHECOA,2065,405.5722
RE1,DEMINDHECOA,2066,389.3725
RE1,DEMINDHECOA,2067,498.6205
RE1,DEMINDHECOA,2068,558.727
RE1,DEMINDHECOA,2069,560.271
RE1,DEMINDHECOA,2070,561.8477
