r,t,y,TotalTechnologyAnnualActivity
RE1,MINOIL,2024,2141.65
RE1,MINBIO,2015,1083.1531
RE1,MINBIO,2016,1039.3007
RE1,MINBIO,2017,1077.9026
RE1,MINBIO,2018,1116.6382
RE1,MINBIO,2019,1137.3916
RE1,MINBIO,2020,1170.5173
RE1,MINBIO,2021,1197.7543
RE1,MINBIO,2022,1212.6692
RE1,MINBIO,2023,1227.5592
RE1,MINBIO,2024,1242.4259
RE1,MINBIO,2025,1257.2707
RE1,MINBIO,2026,1273.636
RE1,MINBIO,2027,1289.9767
RE1,MINBIO,2028,1306.2942
RE1,MINBIO,2029,1322.5899
RE1,MINBIO,2030,1338.8648
RE1,MINBIO,2031,1181.6437
RE1,MINBIO,2032,1196.2983
RE1,MINBIO,2033,1210.9213
RE1,MINBIO,2034,1225.5142
RE1,MINBIO,2035,1240.0786
RE1,MINBIO,2036,1252.8549
RE1,MINBIO,2037,1265.615
RE1,MINBIO,2038,1278.3596
RE1,MINBIO,2039,1291.0891
RE1,MINBIO,2040,1303.8043
RE1,MINBIO,2041,1316.734
RE1,MINBIO,2042,1329.653
RE1,MINBIO,2043,1342.5618
RE1,MINBIO,2044,1355.4606
RE1,MINBIO,2045,1368.3499
RE1,MINBIO,2046,1353.6227
RE1,MINBIO,2047,1338.949
RE1,MINBIO,2048,1336.6245
RE1,MINBIO,2049,1346.4763
RE1,MINBIO,2050,1343.9129
RE1,MINBIO,2051,1341.7019
RE1,MINBIO,2052,1351.8642
RE1,MINBIO,2053,1362.1048
RE1,MINBIO,2054,1372.4243
RE1,MINBIO,2055,1382.8232
RE1,MINBIO,2056,1393.3022
RE1,MINBIO,2057,1403.8619
RE1,MINBIO,2058,1414.5029
RE1,MINBIO,2059,1425.2259
RE1,MINBIO,2060,1436.0316
RE1,MINBIO,2061,1446.9204
RE1,MINBIO,2062,1457.8932
RE1,MINBIO,2063,1468.9504
RE1,MINBIO,2064,1480.0929
RE1,MINBIO,2065,1491.3213
RE1,MINBIO,2066,1502.6362
RE1,MINBIO,2067,1514.0383
RE1,MINBIO,2068,1525.5282
RE1,MINBIO,2069,1537.1067
RE1,MINBIO,2070,1548.7745
RE1,IMPCOA,2027,846.9988
RE1,IMPCOA,2028,3726.8619
RE1,IMPCOA,2029,3832.8729
RE1,IMPCOA,2030,3938.8093
RE1,IMPCOA,2031,4274.8133
RE1,IMPCOA,2032,4393.061
RE1,IMPCOA,2033,4511.2183
RE1,IMPCOA,2034,4629.2862
RE1,IMPCOA,2035,4775.5847
RE1,IMPCOA,2036,4896.1148
RE1,IMPCOA,2037,4996.2894
RE1,IMPCOA,2038,5096.6785
RE1,IMPCOA,2039,5106.548
RE1,IMPCOA,2040,5116.4081
RE1,IMPCOA,2041,5202.2062
RE1,IMPCOA,2042,5296.9228
RE1,IMPCOA,2043,5391.5777
RE1,IMPCOA,2044,5578.1483
RE1,IMPCOA,2045,5764.5664
RE1,IMPCOA,2046,5861.7135
RE1,IMPCOA,2047,5971.5345
RE1,IMPCOA,2048,6054.6747
RE1,IMPCOA,2049,6120.5638
RE1,IMPCOA,2050,6208.8134
RE1,IMPCOA,2051,6392.4148
RE1,IMPCOA,2052,6462.993
RE1,IMPCOA,2053,6534.3297
RE1,IMPCOA,2054,6606.4331
RE1,IMPCOA,2055,6679.3116
RE1,IMPCOA,2056,6752.9736
RE1,IMPCOA,2057,6827.4276
RE1,IMPCOA,2058,6902.6823
RE1,IMPCOA,2059,6978.7463
RE1,IMPCOA,2060,7055.6285
RE1,IMPCOA,2061,7133.3378
RE1,IMPCOA,2062,7211.8832
RE1,IMPCOA,2063,7291.2737
RE1,IMPCOA,2064,7371.5187
RE1,IMPCOA,2065,7452.6273
RE1,IMPCOA,2066,7534.6089
RE1,IMPCOA,2067,7617.4732
RE1,IMPCOA,2068,7701.2296
RE1,IMPCOA,2069,7785.888
RE1,IMPCOA,2070,7793.4533
RE1,MINCOA,2015,1201.8755
RE1,MINCOA,2016,1120.3443
RE1,MINCOA,2017,1132.6139
RE1,MINCOA,2018,1153.041
RE1,MINCOA,2019,1262.8933
RE1,MINCOA,2020,2935.6729
RE1,MINCOA,2021,3016.1628
RE1,MINCOA,2022,3114.3238
RE1,MINCOA,2023,3212.4118
RE1,MINCOA,2024,3310.4279
RE1,MINCOA,2025,3408.373
RE1,MINCOA,2026,3514.6129
RE1,MINCOA,2027,2773.7768
RE1,IMPLFO,2015,5550.7898
RE1,IMPLFO,2016,5742.9386
RE1,IMPLFO,2017,5873.1208
RE1,IMPLFO,2018,6018.0954
RE1,IMPLFO,2019,6157.2481
RE1,IMPLFO,2020,6296.354
RE1,IMPLFO,2021,6407.2812
RE1,IMPLFO,2022,6518.1765
RE1,IMPLFO,2023,6629.0418
RE1,IMPLFO,2024,4812.3939
RE1,IMPLFO,2025,6850.6895
RE1,IMPLFO,2026,6973.948
RE1,IMPLFO,2027,7097.1769
RE1,IMPLFO,2028,7220.3778
RE1,IMPLFO,2029,7343.5523
RE1,IMPLFO,2030,7466.7017
RE1,IMPLFO,2031,7569.1666
RE1,IMPLFO,2032,7671.5911
RE1,IMPLFO,2033,7773.9772
RE1,IMPLFO,2034,7876.3271
RE1,IMPLFO,2035,7978.6427
RE1,IMPLFO,2036,8071.7924
RE1,IMPLFO,2037,8164.9225
RE1,IMPLFO,2038,8258.0338
RE1,IMPLFO,2039,8350.4265
RE1,IMPLFO,2040,8442.8019
RE1,IMPLFO,2041,8530.8835
RE1,IMPLFO,2042,8618.9522
RE1,IMPLFO,2043,8707.0086
RE1,IMPLFO,2044,8795.053
RE1,IMPLFO,2045,8883.0859
RE1,IMPLFO,2046,8951.8267
RE1,IMPLFO,2047,9020.5623
RE1,IMPLFO,2048,9089.293
RE1,IMPLFO,2049,9158.0187
RE1,IMPLFO,2050,9226.7397
RE1,IMPLFO,2051,9297.0738
RE1,IMPLFO,2052,9367.9521
RE1,IMPLFO,2053,9439.3788
RE1,IMPLFO,2054,9511.3583
RE1,IMPLFO,2055,9583.8947
RE1,IMPLFO,2056,9656.9925
RE1,IMPLFO,2057,9730.6561
RE1,IMPLFO,2058,9804.8898
RE1,IMPLFO,2059,9879.6981
RE1,IMPLFO,2060,9955.0855
RE1,IMPLFO,2061,10031.056
RE1,IMPLFO,2062,10107.616
RE1,IMPLFO,2063,10184.767
RE1,IMPLFO,2064,10262.517
RE1,IMPLFO,2065,10340.868
RE1,IMPLFO,2066,10419.826
RE1,IMPLFO,2067,10499.395
RE1,IMPLFO,2068,10579.581
RE1,IMPLFO,2069,10660.387
RE1,IMPLFO,2070,10741.82
RE1,UPSREF001,2024,2141.65
RE1,MINNGS,2015,794.6634
RE1,MINNGS,2016,796.9507
RE1,MINNGS,2017,806.5935
RE1,MINNGS,2018,839.6294
RE1,MINNGS,2019,846.9226
RE1,MINNGS,2039,47.2138
RE1,MINNGS,2040,94.1685
RE1,MINNGS,2041,99.8877
RE1,MINNGS,2042,99.8877
RE1,MINNGS,2043,99.8877
RE1,MINNGS,2044,49.9438
RE1,MINSOL,2015,8.5316
RE1,MINSOL,2016,14.7631
RE1,MINSOL,2017,16.2722
RE1,MINSOL,2018,17.8654
RE1,MINSOL,2019,17.9916
RE1,MINSOL,2020,17.9916
RE1,MINSOL,2021,18.4546
RE1,MINSOL,2022,18.4546
RE1,MINSOL,2023,18.4546
RE1,MINSOL,2024,18.4546
RE1,MINSOL,2025,18.4546
RE1,MINSOL,2026,18.4546
RE1,MINSOL,2027,18.4546
RE1,MINSOL,2028,18.4546
RE1,MINSOL,2029,18.4546
RE1,MINSOL,2030,18.4546
RE1,MINSOL,2031,18.4546
RE1,MINSOL,2032,18.4546
RE1,MINSOL,2033,18.4546
RE1,MINSOL,2034,18.4546
RE1,MINSOL,2035,9.9504
RE1,MINSOL,2036,3.7189
RE1,MINSOL,2037,2.2098
RE1,MINSOL,2038,0.6166
RE1,MINSOL,2039,0.4904
RE1,MINSOL,2040,0.4904
RE1,MINSOL,2041,0.0274
RE1,MINSOL,2042,0.0274
RE1,MINSOL,2043,0.0274
RE1,MINWND,2015,1.1746
RE1,MINWND,2016,2.545
RE1,MINWND,2017,3.1524
RE1,MINWND,2018,5.5368
RE1,MINWND,2019,7.5648
RE1,MINWND,2020,7.5648
RE1,MINWND,2021,7.7555
RE1,MINWND,2022,7.7555
RE1,MINWND,2023,7.7555
RE1,MINWND,2024,7.7555
RE1,MINWND,2025,7.7555
RE1,MINWND,2026,7.7555
RE1,MINWND,2027,7.7555
RE1,MINWND,2028,7.7555
RE1,MINWND,2029,7.7555
RE1,MINWND,2030,7.7555
RE1,MINWND,2031,7.7555
RE1,MINWND,2032,7.7555
RE1,MINWND,2033,7.7555
RE1,MINWND,2034,7.7555
RE1,MINWND,2035,7.7555
RE1,MINWND,2036,6.3851
RE1,MINWND,2037,6.3851
RE1,MINWND,2038,6.3851
RE1,MINWND,2039,6.3851
RE1,MINWND,2040,6.3851
RE1,MINWND,2041,6.3851
RE1,MINWND,2042,6.3851
RE1,MINWND,2043,6.3851
RE1,MINWND,2044,6.3851
RE1,MINWND,2045,6.3851
RE1,MINWND,2046,6.3851
RE1,MINWND,2047,2.545
RE1,MINWND,2048,2.0079
RE1,MINWND,2049,2.0079
RE1,MINURN,2070,70.9774
RE1,MINHYD,2015,29.4911
RE1,MINHYD,2016,29.4911
RE1,MINHYD,2017,29.4911
RE1,MINHYD,2018,29.4911
RE1,MINHYD,2019,29.4911
RE1,MINHYD,2020,29.4911
RE1,MINHYD,2021,29.4911
RE1,MINHYD,2022,29.4911
RE1,MINHYD,2023,29.4911
RE1,MINHYD,2024,29.4911
RE1,MINHYD,2025,29.4911
RE1,MINHYD,2026,29.4911
RE1,MINHYD,2027,29.4911
RE1,MINHYD,2028,29.4911
RE1,MINHYD,2029,29.4911
RE1,MINHYD,2030,29.4911
RE1,MINHYD,2031,29.4911
RE1,MINHYD,2032,29.4911
RE1,MINHYD,2033,29.4911
RE1,MINHYD,2034,29.4911
RE1,MINHYD,2035,29.4911
RE1,MINHYD,2036,29.4911
RE1,MINHYD,2037,29.4911
RE1,MINHYD,2038,29.4911
RE1,MINHYD,2039,29.4911
RE1,MINHYD,2040,29.4911
RE1,MINHYD,2041,29.4911
RE1,MINHYD,2042,29.4911
RE1,MINHYD,2043,29.4911
RE1,MINHYD,2044,29.4911
RE1,MINHYD,2045,29.4911
RE1,MINHYD,2046,29.4911
RE1,MINHYD,2047,29.4911
RE1,MINHYD,2048,29.4911
RE1,MINHYD,2049,29.4911
RE1,MINHYD,2050,29.4911
RE1,PWRBIO001,2015,65.3647
RE1,PWRBIO001,2016,74.7151
RE1,PWRBIO001,2017,84.0435
RE1,PWRBIO001,2018,88.6748
RE1,PWRBIO001,2019,88.6748
RE1,PWRBIO001,2020,93.3938
RE1,PWRBIO001,2021,98.069
RE1,PWRBIO001,2022,98.069
RE1,PWRBIO001,2023,98.069
RE1,PWRBIO001,2024,98.069
RE1,PWRBIO001,2025,98.069
RE1,PWRBIO001,2026,98.069
RE1,PWRBIO001,2027,98.069
RE1,PWRBIO001,2028,98.069
RE1,PWRBIO001,2029,98.069
RE1,PWRBIO001,2030,98.069
RE1,PWRBIO001,2031,32.7043
RE1,PWRBIO001,2032,32.7043
RE1,PWRBIO001,2033,32.7043
RE1,PWRBIO001,2034,32.7043
RE1,PWRBIO001,2035,32.7043
RE1,PWRBIO001,2036,32.7043
RE1,PWRBIO001,2037,32.7043
RE1,PWRBIO001,2038,32.7043
RE1,PWRBIO001,2039,32.7043
RE1,PWRBIO001,2040,32.7043
RE1,PWRBIO001,2041,32.7043
RE1,PWRBIO001,2042,32.7043
RE1,PWRBIO001,2043,32.7043
RE1,PWRBIO001,2044,32.7043
RE1,PWRBIO001,2045,32.7043
RE1,PWRBIO001,2046,23.354
RE1,PWRBIO001,2047,14.0255
RE1,PWRBIO001,2048,9.3943
RE1,PWRBIO001,2049,9.3943
RE1,PWRBIO001,2050,4.6752
RE1,PWRCOA001,2015,123.6759
RE1,PWRCOA001,2016,123.6759
RE1,PWRCOA001,2017,123.6759
RE1,PWRCOA001,2018,123.6759
RE1,PWRCOA001,2019,151.6685
RE1,PWRCOA001,2020,649.0163
RE1,PWRCOA001,2021,669.7261
RE1,PWRCOA001,2022,695.7476
RE1,PWRCOA001,2023,721.7522
RE1,PWRCOA001,2024,747.7397
RE1,PWRCOA001,2025,773.7102
RE1,PWRCOA001,2026,801.8135
RE1,PWRCOA001,2027,829.8985
RE1,PWRCOA001,2028,857.9651
RE1,PWRCOA001,2029,886.0133
RE1,PWRCOA001,2030,914.0432
RE1,PWRCOA001,2031,1011.5348
RE1,PWRCOA001,2032,1043.6406
RE1,PWRCOA001,2033,1075.7255
RE1,PWRCOA001,2034,1107.7895
RE1,PWRCOA001,2035,1148.3367
RE1,PWRCOA001,2036,1181.5589
RE1,PWRCOA001,2037,1208.6716
RE1,PWRCOA001,2038,1235.8517
RE1,PWRCOA001,2039,1235.8517
RE1,PWRCOA001,2040,1235.8517
RE1,PWRCOA001,2041,1258.5317
RE1,PWRCOA001,2042,1283.8921
RE1,PWRCOA001,2043,1309.2359
RE1,PWRCOA001,2044,1362.184
RE1,PWRCOA001,2045,1415.0881
RE1,PWRCOA001,2046,1441.8956
RE1,PWRCOA001,2047,1472.51
RE1,PWRCOA001,2048,1495.1128
RE1,PWRCOA001,2049,1512.536
RE1,PWRCOA001,2050,1536.6748
RE1,PWRCOA001,2051,1589.392
RE1,PWRCOA001,2052,1608.1499
RE1,PWRCOA001,2053,1627.117
RE1,PWRCOA001,2054,1646.2958
RE1,PWRCOA001,2055,1665.6884
RE1,PWRCOA001,2056,1685.2974
RE1,PWRCOA001,2057,1705.1251
RE1,PWRCOA001,2058,1725.174
RE1,PWRCOA001,2059,1745.4465
RE1,PWRCOA001,2060,1765.9452
RE1,PWRCOA001,2061,1786.6725
RE1,PWRCOA001,2062,1807.631
RE1,PWRCOA001,2063,1828.8233
RE1,PWRCOA001,2064,1850.2521
RE1,PWRCOA001,2065,1871.9198
RE1,PWRCOA001,2066,1893.8293
RE1,PWRCOA001,2067,1915.9831
RE1,PWRCOA001,2068,1938.3841
RE1,PWRCOA001,2069,1961.0349
RE1,PWRCOA001,2070,1960.5136
RE1,PWRNGS001,2015,439.0405
RE1,PWRNGS001,2016,440.3043
RE1,PWRNGS001,2017,445.6318
RE1,PWRNGS001,2018,463.8837
RE1,PWRNGS001,2019,467.9131
RE1,PWRNGS001,2039,26.085
RE1,PWRNGS001,2040,52.0268
RE1,PWRNGS001,2041,55.1866
RE1,PWRNGS001,2042,55.1866
RE1,PWRNGS001,2043,55.1866
RE1,PWRNGS001,2044,27.5933
RE1,PWRSOL001,2015,8.5041
RE1,PWRSOL001,2016,14.7357
RE1,PWRSOL001,2017,16.2447
RE1,PWRSOL001,2018,17.8379
RE1,PWRSOL001,2019,17.9642
RE1,PWRSOL001,2020,17.9642
RE1,PWRSOL001,2021,18.4271
RE1,PWRSOL001,2022,18.4271
RE1,PWRSOL001,2023,18.4271
RE1,PWRSOL001,2024,18.4271
RE1,PWRSOL001,2025,18.4271
RE1,PWRSOL001,2026,18.4271
RE1,PWRSOL001,2027,18.4271
RE1,PWRSOL001,2028,18.4271
RE1,PWRSOL001,2029,18.4271
RE1,PWRSOL001,2030,18.4271
RE1,PWRSOL001,2031,18.4271
RE1,PWRSOL001,2032,18.4271
RE1,PWRSOL001,2033,18.4271
RE1,PWRSOL001,2034,18.4271
RE1,PWRSOL001,2035,9.923
RE1,PWRSOL001,2036,3.6914
RE1,PWRSOL001,2037,2.1824
RE1,PWRSOL001,2038,0.5892
RE1,PWRSOL001,2039,0.4629
RE1,PWRSOL001,2040,0.4629
RE1,PWRCSP002,2015,0.0274
RE1,PWRCSP002,2016,0.0274
RE1,PWRCSP002,2017,0.0274
RE1,PWRCSP002,2018,0.0274
RE1,PWRCSP002,2019,0.0274
RE1,PWRCSP002,2020,0.0274
RE1,PWRCSP002,2021,0.0274
RE1,PWRCSP002,2022,0.0274
RE1,PWRCSP002,2023,0.0274
RE1,PWRCSP002,2024,0.0274
RE1,PWRCSP002,2025,0.0274
RE1,PWRCSP002,2026,0.0274
RE1,PWRCSP002,2027,0.0274
RE1,PWRCSP002,2028,0.0274
RE1,PWRCSP002,2029,0.0274
RE1,PWRCSP002,2030,0.0274
RE1,PWRCSP002,2031,0.0274
RE1,PWRCSP002,2032,0.0274
RE1,PWRCSP002,2033,0.0274
RE1,PWRCSP002,2034,0.0274
RE1,PWRCSP002,2035,0.0274
RE1,PWRCSP002,2036,0.0274
RE1,PWRCSP002,2037,0.0274
RE1,PWRCSP002,2038,0.0274
RE1,PWRCSP002,2039,0.0274
RE1,PWRCSP002,2040,0.0274
RE1,PWRCSP002,2041,0.0274
RE1,PWRCSP002,2042,0.0274
RE1,PWRCSP002,2043,0.0274
RE1,PWRHYD001,2015,28.3385
RE1,PWRHYD001,2016,28.3385
RE1,PWRHYD001,2017,28.3385
RE1,PWRHYD001,2018,28.3385
RE1,PWRHYD001,2019,28.3385
RE1,PWRHYD001,2020,28.3385
RE1,PWRHYD001,2021,28.3385
RE1,PWRHYD001,2022,28.3385
RE1,PWRHYD001,2023,28.3385
RE1,PWRHYD001,2024,28.3385
RE1,PWRHYD001,2025,28.3385
RE1,PWRHYD001,2026,28.3385
RE1,PWRHYD001,2027,28.3385
RE1,PWRHYD001,2028,28.3385
RE1,PWRHYD001,2029,28.3385
RE1,PWRHYD001,2030,28.3385
RE1,PWRHYD001,2031,28.3385
RE1,PWRHYD001,2032,28.3385
RE1,PWRHYD001,2033,28.3385
RE1,PWRHYD001,2034,28.3385
RE1,PWRHYD001,2035,28.3385
RE1,PWRHYD001,2036,28.3385
RE1,PWRHYD001,2037,28.3385
RE1,PWRHYD001,2038,28.3385
RE1,PWRHYD001,2039,28.3385
RE1,PWRHYD001,2040,28.3385
RE1,PWRHYD001,2041,28.3385
RE1,PWRHYD001,2042,28.3385
RE1,PWRHYD001,2043,28.3385
RE1,PWRHYD001,2044,28.3385
RE1,PWRHYD001,2045,28.3385
RE1,PWRHYD001,2046,28.3385
RE1,PWRHYD001,2047,28.3385
RE1,PWRHYD001,2048,28.3385
RE1,PWRHYD001,2049,28.3385
RE1,PWRHYD001,2050,28.3385
RE1,PWRHYD002,2015,1.1525
RE1,PWRHYD002,2016,1.1525
RE1,PWRHYD002,2017,1.1525
RE1,PWRHYD002,2018,1.1525
RE1,PWRHYD002,2019,1.1525
RE1,PWRHYD002,2020,1.1525
RE1,PWRHYD002,2021,1.1525
RE1,PWRHYD002,2022,1.1525
RE1,PWRHYD002,2023,1.1525
RE1,PWRHYD002,2024,1.1525
RE1,PWRHYD002,2025,1.1525
RE1,PWRHYD002,2026,1.1525
RE1,PWRHYD002,2027,1.1525
RE1,PWRHYD002,2028,1.1525
RE1,PWRHYD002,2029,1.1525
RE1,PWRHYD002,2030,1.1525
RE1,PWRHYD002,2031,1.1525
RE1,PWRHYD002,2032,1.1525
RE1,PWRHYD002,2033,1.1525
RE1,PWRHYD002,2034,1.1525
RE1,PWRHYD002,2035,1.1525
RE1,PWRHYD002,2036,1.1525
RE1,PWRHYD002,2037,1.1525
RE1,PWRHYD002,2038,1.1525
RE1,PWRHYD002,2039,1.1525
RE1,PWRHYD002,2040,1.1525
RE1,PWRHYD002,2041,1.1525
RE1,PWRHYD002,2042,1.1525
RE1,PWRHYD002,2043,1.1525
RE1,PWRHYD002,2044,1.1525
RE1,PWRHYD002,2045,1.1525
RE1,PWRHYD002,2046,1.1525
RE1,PWRHYD002,2047,1.1525
RE1,PWRHYD002,2048,1.1525
RE1,PWRHYD002,2049,1.1525
RE1,PWRHYD002,2050,1.1525
RE1,PWRWND001,2015,1.1746
RE1,PWRWND001,2016,2.545
RE1,PWRWND001,2017,3.1524
RE1,PWRWND001,2018,5.5368
RE1,PWRWND001,2019,7.5648
RE1,PWRWND001,2020,7.5648
RE1,PWRWND001,2021,7.7555
RE1,PWRWND001,2022,7.7555
RE1,PWRWND001,2023,7.7555
RE1,PWRWND001,2024,7.7555
RE1,PWRWND001,2025,7.7555
RE1,PWRWND001,2026,7.7555
RE1,PWRWND001,2027,7.7555
RE1,PWRWND001,2028,7.7555
RE1,PWRWND001,2029,7.7555
RE1,PWRWND001,2030,7.7555
RE1,PWRWND001,2031,7.7555
RE1,PWRWND001,2032,7.7555
RE1,PWRWND001,2033,7.7555
RE1,PWRWND001,2034,7.7555
RE1,PWRWND001,2035,7.7555
RE1,PWRWND001,2036,6.3851
RE1,PWRWND001,2037,6.3851
RE1,PWRWND001,2038,6.3851
RE1,PWRWND001,2039,6.3851
RE1,PWRWND001,2040,6.3851
RE1,PWRWND001,2041,6.3851
RE1,PWRWND001,2042,6.3851
RE1,PWRWND001,2043,6.3851
RE1,PWRWND001,2044,6.3851
RE1,PWRWND001,2045,6.3851
RE1,PWRWND001,2046,6.3851
RE1,PWRWND001,2047,2.545
RE1,PWRWND001,2048,2.0079
RE1,PWRWND001,2049,2.0079
RE1,PWRNUC,2070,23.4249
RE1,PWRTRNIMP,2015,52.0
RE1,PWRTRNIMP,2016,71.0
RE1,PWRTRNIMP,2017,88.0
RE1,PWRTRNIMP,2018,96.0
RE1,PWRTRNIMP,2019,96.0
RE1,PWRTRNIMP,2020,96.0
RE1,PWRTRNIMP,2021,96.0
RE1,PWRTRNIMP,2022,96.0
RE1,PWRTRNIMP,2023,96.0
RE1,PWRTRNIMP,2024,96.0
RE1,PWRTRNIMP,2025,96.0
RE1,PWRTRNIMP,2026,96.0
RE1,PWRTRNIMP,2027,96.0
RE1,PWRTRNIMP,2028,96.0
RE1,PWRTRNIMP,2029,96.0
RE1,PWRTRNIMP,2030,96.0
RE1,PWRTRNIMP,2031,96.0
RE1,PWRTRNIMP,2032,96.0
RE1,PWRTRNIMP,2033,96.0
RE1,PWRTRNIMP,2034,96.0
RE1,PWRTRNIMP,2035,96.0
RE1,PWRTRNIMP,2036,96.0
RE1,PWRTRNIMP,2037,96.0
RE1,PWRTRNIMP,2038,96.0
RE1,PWRTRNIMP,2039,96.0
RE1,PWRTRNIMP,2040,96.0
RE1,PWRTRNIMP,2041,96.0
RE1,PWRTRNIMP,2042,96.0
RE1,PWRTRNIMP,2043,96.0
RE1,PWRTRNIMP,2044,96.0
RE1,PWRTRNIMP,2045,96.0
RE1,PWRTRNIMP,2046,96.0
RE1,PWRTRNIMP,2047,96.0
RE1,PWRTRNIMP,2048,96.0
RE1,PWRTRNIMP,2049,96.0
RE1,PWRTRNIMP,2050,96.0
RE1,PWRTRNIMP,2051,96.0
RE1,PWRTRNIMP,2052,96.0
RE1,PWRTRNIMP,2053,96.0
RE1,PWRTRNIMP,2054,96.0
RE1,PWRTRNIMP,2055,96.0
RE1,PWRTRNIMP,2056,96.0
RE1,PWRTRNIMP,2057,96.0
RE1,PWRTRNIMP,2058,96.0
RE1,PWRTRNIMP,2059,96.0
RE1,PWRTRNIMP,2060,96.0
RE1,PWRTRNIMP,2061,96.0
RE1,PWRTRNIMP,2062,96.0
RE1,PWRTRNIMP,2063,96.0
RE1,PWRTRNIMP,2064,96.0
RE1,PWRTRNIMP,2065,96.0
RE1,PWRTRNIMP,2066,96.0
RE1,PWRTRNIMP,2067,96.0
RE1,PWRTRNIMP,2068,96.0
RE1,PWRTRNIMP,2069,96.0
RE1,PWRTRNIMP,2070,96.0
RE1,PWRTRN,2015,711.6784
RE1,PWRTRN,2016,751.7444
RE1,PWRTRN,2017,786.4668
RE1,PWRTRN,2018,821.3276
RE1,PWRTRN,2019,855.5038
RE1,PWRTRN,2020,889.6576
RE1,PWRTRN,2021,915.6962
RE1,PWRTRN,2022,941.7178
RE1,PWRTRN,2023,967.7224
RE1,PWRTRN,2024,993.7099
RE1,PWRTRN,2025,1019.6804
RE1,PWRTRN,2026,1047.7837
RE1,PWRTRN,2027,1075.8686
RE1,PWRTRN,2028,1103.9352
RE1,PWRTRN,2029,1131.9835
RE1,PWRTRN,2030,1160.0134
RE1,PWRTRN,2031,1192.1402
RE1,PWRTRN,2032,1224.2461
RE1,PWRTRN,2033,1256.331
RE1,PWRTRN,2034,1288.3949
RE1,PWRTRN,2035,1320.438
RE1,PWRTRN,2036,1346.0583
RE1,PWRTRN,2037,1371.6619
RE1,PWRTRN,2038,1397.2488
RE1,PWRTRN,2039,1423.2076
RE1,PWRTRN,2040,1449.1494
RE1,PWRTRN,2041,1474.5262
RE1,PWRTRN,2042,1499.8866
RE1,PWRTRN,2043,1525.2304
RE1,PWRTRN,2044,1550.5578
RE1,PWRTRN,2045,1575.8686
RE1,PWRTRN,2046,1593.3258
RE1,PWRTRN,2047,1610.7716
RE1,PWRTRN,2048,1628.2061
RE1,PWRTRN,2049,1645.6292
RE1,PWRTRN,2050,1663.041
RE1,PWRTRN,2051,1681.592
RE1,PWRTRN,2052,1700.3499
RE1,PWRTRN,2053,1719.317
RE1,PWRTRN,2054,1738.4958
RE1,PWRTRN,2055,1757.8884
RE1,PWRTRN,2056,1777.4974
RE1,PWRTRN,2057,1797.3251
RE1,PWRTRN,2058,1817.374
RE1,PWRTRN,2059,1837.6465
RE1,PWRTRN,2060,1858.1452
RE1,PWRTRN,2061,1878.8725
RE1,PWRTRN,2062,1899.831
RE1,PWRTRN,2063,1921.0233
RE1,PWRTRN,2064,1942.4521
RE1,PWRTRN,2065,1964.1198
RE1,PWRTRN,2066,1986.0293
RE1,PWRTRN,2067,2008.1831
RE1,PWRTRN,2068,2030.5841
RE1,PWRTRN,2069,2053.2349
RE1,PWRTRN,2070,2076.1385
RE1,PWRDIST,2015,668.4143
RE1,PWRDIST,2016,706.2764
RE1,PWRDIST,2017,739.1412
RE1,PWRDIST,2018,772.1574
RE1,PWRDIST,2019,804.5514
RE1,PWRDIST,2020,836.9454
RE1,PWRDIST,2021,861.7236
RE1,PWRDIST,2022,886.5018
RE1,PWRDIST,2023,911.2799
RE1,PWRDIST,2024,936.0581
RE1,PWRDIST,2025,960.8363
RE1,PWRDIST,2026,987.6409
RE1,PWRDIST,2027,1014.4455
RE1,PWRDIST,2028,1041.2501
RE1,PWRDIST,2029,1068.0547
RE1,PWRDIST,2030,1094.8593
RE1,PWRDIST,2031,1125.5493
RE1,PWRDIST,2032,1156.2392
RE1,PWRDIST,2033,1186.9292
RE1,PWRDIST,2034,1217.6191
RE1,PWRDIST,2035,1248.3091
RE1,PWRDIST,2036,1272.9449
RE1,PWRDIST,2037,1297.5807
RE1,PWRDIST,2038,1322.2166
RE1,PWRDIST,2039,1347.2201
RE1,PWRDIST,2040,1372.2237
RE1,PWRDIST,2041,1396.7081
RE1,PWRDIST,2042,1421.1925
RE1,PWRDIST,2043,1445.6769
RE1,PWRDIST,2044,1470.1613
RE1,PWRDIST,2045,1494.6457
RE1,PWRDIST,2046,1511.6944
RE1,PWRDIST,2047,1528.743
RE1,PWRDIST,2048,1545.7917
RE1,PWRDIST,2049,1562.8403
RE1,PWRDIST,2050,1579.889
RE1,PWRDIST,2051,1597.5124
RE1,PWRDIST,2052,1615.3324
RE1,PWRDIST,2053,1633.3512
RE1,PWRDIST,2054,1651.571
RE1,PWRDIST,2055,1669.994
RE1,PWRDIST,2056,1688.6225
RE1,PWRDIST,2057,1707.4588
RE1,PWRDIST,2058,1726.5053
RE1,PWRDIST,2059,1745.7642
RE1,PWRDIST,2060,1765.2379
RE1,PWRDIST,2061,1784.9289
RE1,PWRDIST,2062,1804.8395
RE1,PWRDIST,2063,1824.9722
RE1,PWRDIST,2064,1845.3295
RE1,PWRDIST,2065,1865.9138
RE1,PWRDIST,2066,1886.7278
RE1,PWRDIST,2067,1907.774
RE1,PWRDIST,2068,1929.0549
RE1,PWRDIST,2069,1950.5732
RE1,PWRDIST,2070,1972.3315
RE1,PWRTRNEXP,2015,7.6
RE1,PWRTRNEXP,2016,4.75
RE1,PWRTRNEXP,2017,3.8
RE1,PWRTRNEXP,2018,3.8
RE1,PWRTRNEXP,2019,3.8
RE1,PWRTRNEXP,2020,3.8
RE1,PWRTRNEXP,2021,3.8
RE1,PWRTRNEXP,2022,3.8
RE1,PWRTRNEXP,2023,3.8
RE1,PWRTRNEXP,2024,3.8
RE1,PWRTRNEXP,2025,3.8
RE1,PWRTRNEXP,2026,3.8
RE1,PWRTRNEXP,2027,3.8
RE1,PWRTRNEXP,2028,3.8
RE1,PWRTRNEXP,2029,3.8
RE1,PWRTRNEXP,2030,3.8
RE1,PWRTRNEXP,2031,3.8
RE1,PWRTRNEXP,2032,3.8
RE1,PWRTRNEXP,2033,3.8
RE1,PWRTRNEXP,2034,3.8
RE1,PWRTRNEXP,2035,3.8
RE1,PWRTRNEXP,2036,3.8
RE1,PWRTRNEXP,2037,3.8
RE1,PWRTRNEXP,2038,3.8
RE1,PWRTRNEXP,2039,3.8
RE1,PWRTRNEXP,2040,3.8
RE1,PWRTRNEXP,2041,3.8
RE1,PWRTRNEXP,2042,3.8
RE1,PWRTRNEXP,2043,3.8
RE1,PWRTRNEXP,2044,3.8
RE1,PWRTRNEXP,2045,3.8
RE1,PWRTRNEXP,2046,3.8
RE1,PWRTRNEXP,2047,3.8
RE1,PWRTRNEXP,2048,3.8
RE1,PWRTRNEXP,2049,3.8
RE1,PWRTRNEXP,2050,3.8
RE1,PWRTRNEXP,2051,3.8
RE1,PWRTRNEXP,2052,3.8
RE1,PWRTRNEXP,2053,3.8
RE1,PWRTRNEXP,2054,3.8
RE1,PWRTRNEXP,2055,3.8
RE1,PWRTRNEXP,2056,3.8
RE1,PWRTRNEXP,2057,3.8
RE1,PWRTRNEXP,2058,3.8
RE1,PWRTRNEXP,2059,3.8
RE1,PWRTRNEXP,2060,3.8
RE1,PWRTRNEXP,2061,3.8
RE1,PWRTRNEXP,2062,3.8
RE1,PWRTRNEXP,2063,3.8
RE1,PWRTRNEXP,2064,3.8
RE1,PWRTRNEXP,2065,3.8
RE1,PWRTRNEXP,2066,3.8
RE1,PWRTRNEXP,2067,3.8
RE1,PWRTRNEXP,2068,3.8
RE1,PWRTRNEXP,2069,3.8
RE1,PWRTRNEXP,2070,3.8
RE1,DEMTRAMCYGSL,2015,229.6235
RE1,DEMTRAMCYGSL,2016,238.4248
RE1,DEMTRAMCYGSL,2017,243.9061
RE1,DEMTRAMCYGSL,2018,249.8175
RE1,DEMTRAMCYGSL,2019,255.529
RE1,DEMTRAMCYGSL,2020,261.2392
RE1,DEMTRAMCYGSL,2021,265.801
RE1,DEMTRAMCYGSL,2022,270.3619
RE1,DEMTRAMCYGSL,2023,274.9219
RE1,DEMTRAMCYGSL,2024,279.4811
RE1,DEMTRAMCYGSL,2025,284.0396
RE1,DEMTRAMCYGSL,2026,289.1168
RE1,DEMTRAMCYGSL,2027,294.1931
RE1,DEMTRAMCYGSL,2028,299.2687
RE1,DEMTRAMCYGSL,2029,304.3435
RE1,DEMTRAMCYGSL,2030,309.4175
RE1,DEMTRAMCYGSL,2031,313.6162
RE1,DEMTRAMCYGSL,2032,317.8138
RE1,DEMTRAMCYGSL,2033,322.0103
RE1,DEMTRAMCYGSL,2034,326.2057
RE1,DEMTRAMCYGSL,2035,330.4001
RE1,DEMTRAMCYGSL,2036,334.224
RE1,DEMTRAMCYGSL,2037,338.0472
RE1,DEMTRAMCYGSL,2038,341.8699
RE1,DEMTRAMCYGSL,2039,345.6921
RE1,DEMTRAMCYGSL,2040,349.5138
RE1,DEMTRAMCYGSL,2041,353.1503
RE1,DEMTRAMCYGSL,2042,356.7864
RE1,DEMTRAMCYGSL,2043,360.4222
RE1,DEMTRAMCYGSL,2044,364.0576
RE1,DEMTRAMCYGSL,2045,367.6927
RE1,DEMTRAMCYGSL,2046,370.5351
RE1,DEMTRAMCYGSL,2047,373.3773
RE1,DEMTRAMCYGSL,2048,376.2194
RE1,DEMTRAMCYGSL,2049,379.0613
RE1,DEMTRAMCYGSL,2050,381.9031
RE1,DEMTRAMCYGSL,2051,384.8114
RE1,DEMTRAMCYGSL,2052,387.7422
RE1,DEMTRAMCYGSL,2053,390.6957
RE1,DEMTRAMCYGSL,2054,393.6721
RE1,DEMTRAMCYGSL,2055,396.6715
RE1,DEMTRAMCYGSL,2056,399.6941
RE1,DEMTRAMCYGSL,2057,402.74
RE1,DEMTRAMCYGSL,2058,405.8096
RE1,DEMTRAMCYGSL,2059,408.9029
RE1,DEMTRAMCYGSL,2060,412.0201
RE1,DEMTRAMCYGSL,2061,415.1614
RE1,DEMTRAMCYGSL,2062,418.3271
RE1,DEMTRAMCYGSL,2063,421.5173
RE1,DEMTRAMCYGSL,2064,424.7321
RE1,DEMTRAMCYGSL,2065,427.9719
RE1,DEMTRAMCYGSL,2066,431.2367
RE1,DEMTRAMCYGSL,2067,434.5268
RE1,DEMTRAMCYGSL,2068,437.8424
RE1,DEMTRAMCYGSL,2069,441.1836
RE1,DEMTRAMCYGSL,2070,444.5507
RE1,DEMTRACARGSL,2015,493.6906
RE1,DEMTRACARGSL,2016,512.6133
RE1,DEMTRACARGSL,2017,524.3982
RE1,DEMTRACARGSL,2018,537.1075
RE1,DEMTRACARGSL,2019,549.3873
RE1,DEMTRACARGSL,2020,561.6643
RE1,DEMTRACARGSL,2021,571.4721
RE1,DEMTRACARGSL,2022,581.278
RE1,DEMTRACARGSL,2023,591.0821
RE1,DEMTRACARGSL,2024,600.8844
RE1,DEMTRACARGSL,2025,610.6851
RE1,DEMTRACARGSL,2026,621.601
RE1,DEMTRACARGSL,2027,632.5152
RE1,DEMTRACARGSL,2028,643.4276
RE1,DEMTRACARGSL,2029,654.3384
RE1,DEMTRACARGSL,2030,665.2477
RE1,DEMTRACARGSL,2031,674.2749
RE1,DEMTRACARGSL,2032,683.2997
RE1,DEMTRACARGSL,2033,692.3221
RE1,DEMTRACARGSL,2034,701.3422
RE1,DEMTRACARGSL,2035,710.3603
RE1,DEMTRACARGSL,2036,718.5815
RE1,DEMTRACARGSL,2037,726.8015
RE1,DEMTRACARGSL,2038,735.0203
RE1,DEMTRACARGSL,2039,743.238
RE1,DEMTRACARGSL,2040,751.4547
RE1,DEMTRACARGSL,2041,759.2732
RE1,DEMTRACARGSL,2042,767.0908
RE1,DEMTRACARGSL,2043,774.9077
RE1,DEMTRACARGSL,2044,782.7239
RE1,DEMTRACARGSL,2045,790.5394
RE1,DEMTRACARGSL,2046,796.6504
RE1,DEMTRACARGSL,2047,802.7612
RE1,DEMTRACARGSL,2048,808.8716
RE1,DEMTRACARGSL,2049,814.9818
RE1,DEMTRACARGSL,2050,821.0916
RE1,DEMTRACARGSL,2051,827.3445
RE1,DEMTRACARGSL,2052,833.6458
RE1,DEMTRACARGSL,2053,839.9959
RE1,DEMTRACARGSL,2054,846.395
RE1,DEMTRACARGSL,2055,852.8437
RE1,DEMTRACARGSL,2056,859.3422
RE1,DEMTRACARGSL,2057,865.8911
RE1,DEMTRACARGSL,2058,872.4906
RE1,DEMTRACARGSL,2059,879.1412
RE1,DEMTRACARGSL,2060,885.8432
RE1,DEMTRACARGSL,2061,892.5971
RE1,DEMTRACARGSL,2062,899.4033
RE1,DEMTRACARGSL,2063,906.2621
RE1,DEMTRACARGSL,2064,913.1741
RE1,DEMTRACARGSL,2065,920.1395
RE1,DEMTRACARGSL,2066,927.1589
RE1,DEMTRACARGSL,2067,934.2326
RE1,DEMTRACARGSL,2068,941.3611
RE1,DEMTRACARGSL,2069,948.5448
RE1,DEMTRACARGSL,2070,955.784
RE1,DEMTRABUSGSL,2015,424.8035
RE1,DEMTRABUSGSL,2016,441.0859
RE1,DEMTRABUSGSL,2017,451.2263
RE1,DEMTRABUSGSL,2018,462.1623
RE1,DEMTRABUSGSL,2019,472.7286
RE1,DEMTRABUSGSL,2020,483.2925
RE1,DEMTRABUSGSL,2021,491.7318
RE1,DEMTRABUSGSL,2022,500.1694
RE1,DEMTRABUSGSL,2023,508.6055
RE1,DEMTRABUSGSL,2024,517.04
RE1,DEMTRABUSGSL,2025,525.4732
RE1,DEMTRABUSGSL,2026,534.866
RE1,DEMTRABUSGSL,2027,544.2573
RE1,DEMTRABUSGSL,2028,553.647
RE1,DEMTRABUSGSL,2029,563.0354
RE1,DEMTRABUSGSL,2030,572.4224
RE1,DEMTRABUSGSL,2031,580.1901
RE1,DEMTRABUSGSL,2032,587.9555
RE1,DEMTRABUSGSL,2033,595.719
RE1,DEMTRABUSGSL,2034,603.4805
RE1,DEMTRABUSGSL,2035,611.2403
RE1,DEMTRABUSGSL,2036,618.3143
RE1,DEMTRABUSGSL,2037,625.3873
RE1,DEMTRABUSGSL,2038,632.4593
RE1,DEMTRABUSGSL,2039,639.5304
RE1,DEMTRABUSGSL,2040,646.6006
RE1,DEMTRABUSGSL,2041,653.3281
RE1,DEMTRABUSGSL,2042,660.0549
RE1,DEMTRABUSGSL,2043,666.7811
RE1,DEMTRABUSGSL,2044,673.5066
RE1,DEMTRABUSGSL,2045,680.2316
RE1,DEMTRABUSGSL,2046,685.4899
RE1,DEMTRABUSGSL,2047,690.748
RE1,DEMTRABUSGSL,2048,696.0058
RE1,DEMTRABUSGSL,2049,701.2634
RE1,DEMTRABUSGSL,2050,706.5207
RE1,DEMTRABUSGSL,2051,711.9011
RE1,DEMTRABUSGSL,2052,717.3232
RE1,DEMTRABUSGSL,2053,722.7871
RE1,DEMTRABUSGSL,2054,728.2934
RE1,DEMTRABUSGSL,2055,733.8422
RE1,DEMTRABUSGSL,2056,739.434
RE1,DEMTRABUSGSL,2057,745.0691
RE1,DEMTRABUSGSL,2058,750.7477
RE1,DEMTRABUSGSL,2059,756.4703
RE1,DEMTRABUSGSL,2060,762.2372
RE1,DEMTRABUSGSL,2061,768.0487
RE1,DEMTRABUSGSL,2062,773.9051
RE1,DEMTRABUSGSL,2063,779.807
RE1,DEMTRABUSGSL,2064,785.7544
RE1,DEMTRABUSGSL,2065,791.748
RE1,DEMTRABUSGSL,2066,797.7879
RE1,DEMTRABUSGSL,2067,803.8746
RE1,DEMTRABUSGSL,2068,810.0084
RE1,DEMTRABUSGSL,2069,816.1897
RE1,DEMTRABUSGSL,2070,822.4188
RE1,DEMINDELC,2015,328.0418
RE1,DEMINDELC,2016,347.0108
RE1,DEMINDELC,2017,363.2685
RE1,DEMINDELC,2018,379.5262
RE1,DEMINDELC,2019,395.7839
RE1,DEMINDELC,2020,412.0416
RE1,DEMINDELC,2021,424.52
RE1,DEMINDELC,2022,436.9984
RE1,DEMINDELC,2023,449.4768
RE1,DEMINDELC,2024,461.9553
RE1,DEMINDELC,2025,474.4337
RE1,DEMINDELC,2026,487.9177
RE1,DEMINDELC,2027,501.4017
RE1,DEMINDELC,2028,514.8857
RE1,DEMINDELC,2029,528.3698
RE1,DEMINDELC,2030,541.8538
RE1,DEMINDELC,2031,557.2658
RE1,DEMINDELC,2032,572.6779
RE1,DEMINDELC,2033,588.09
RE1,DEMINDELC,2034,603.5021
RE1,DEMINDELC,2035,618.9142
RE1,DEMINDELC,2036,631.322
RE1,DEMINDELC,2037,643.7298
RE1,DEMINDELC,2038,656.1376
RE1,DEMINDELC,2039,668.5453
RE1,DEMINDELC,2040,680.9531
RE1,DEMINDELC,2041,693.1033
RE1,DEMINDELC,2042,705.2534
RE1,DEMINDELC,2043,717.4036
RE1,DEMINDELC,2044,729.5538
RE1,DEMINDELC,2045,741.7039
RE1,DEMINDELC,2046,750.1641
RE1,DEMINDELC,2047,758.6244
RE1,DEMINDELC,2048,767.0846
RE1,DEMINDELC,2049,775.5448
RE1,DEMINDELC,2050,784.0051
RE1,DEMINDELC,2051,792.7505
RE1,DEMINDELC,2052,801.5935
RE1,DEMINDELC,2053,810.5352
RE1,DEMINDELC,2054,819.5766
RE1,DEMINDELC,2055,828.7188
RE1,DEMINDELC,2056,837.9631
RE1,DEMINDELC,2057,847.3104
RE1,DEMINDELC,2058,856.762
RE1,DEMINDELC,2059,866.3191
RE1,DEMINDELC,2060,875.9827
RE1,DEMINDELC,2061,885.7542
RE1,DEMINDELC,2062,895.6346
RE1,DEMINDELC,2063,905.6253
RE1,DEMINDELC,2064,915.7274
RE1,DEMINDELC,2065,925.9422
RE1,DEMINDELC,2066,936.2709
RE1,DEMINDELC,2067,946.7149
RE1,DEMINDELC,2068,957.2754
RE1,DEMINDELC,2069,967.9536
RE1,DEMINDELC,2070,978.751
RE1,DEMINDHEBIO,2015,426.6187
RE1,DEMINDHEBIO,2016,382.5919
RE1,DEMINDHEBIO,2017,389.2174
RE1,DEMINDHEBIO,2018,400.2481
RE1,DEMINDHEBIO,2019,409.232
RE1,DEMINDHEBIO,2020,418.2022
RE1,DEMINDHEBIO,2021,424.4265
RE1,DEMINDHEBIO,2022,430.6414
RE1,DEMINDHEBIO,2023,436.8476
RE1,DEMINDHEBIO,2024,443.0455
RE1,DEMINDHEBIO,2025,449.2357
RE1,DEMINDHEBIO,2026,456.0698
RE1,DEMINDHEBIO,2027,462.8953
RE1,DEMINDHEBIO,2028,469.7126
RE1,DEMINDHEBIO,2029,476.5222
RE1,DEMINDHEBIO,2030,483.3244
RE1,DEMINDHEBIO,2031,489.4573
RE1,DEMINDHEBIO,2032,495.5783
RE1,DEMINDHEBIO,2033,501.6882
RE1,DEMINDHEBIO,2034,507.7874
RE1,DEMINDHEBIO,2035,513.8767
RE1,DEMINDHEBIO,2036,519.2227
RE1,DEMINDHEBIO,2037,524.563
RE1,DEMINDHEBIO,2038,529.8978
RE1,DEMINDHEBIO,2039,535.2274
RE1,DEMINDHEBIO,2040,540.5518
RE1,DEMINDHEBIO,2041,546.0995
RE1,DEMINDHEBIO,2042,551.6435
RE1,DEMINDHEBIO,2043,557.1839
RE1,DEMINDHEBIO,2044,562.7208
RE1,DEMINDHEBIO,2045,568.2543
RE1,DEMINDHEBIO,2046,572.5085
RE1,DEMINDHEBIO,2047,576.7612
RE1,DEMINDHEBIO,2048,581.0124
RE1,DEMINDHEBIO,2049,585.2622
RE1,DEMINDHEBIO,2050,589.5105
RE1,DEMINDHEBIO,2051,593.8592
RE1,DEMINDHEBIO,2052,598.241
RE1,DEMINDHEBIO,2053,602.6561
RE1,DEMINDHEBIO,2054,607.1048
RE1,DEMINDHEBIO,2055,611.5873
RE1,DEMINDHEBIO,2056,616.1039
RE1,DEMINDHEBIO,2057,620.6549
RE1,DEMINDHEBIO,2058,625.2405
RE1,DEMINDHEBIO,2059,629.8611
RE1,DEMINDHEBIO,2060,634.5168
RE1,DEMINDHEBIO,2061,639.2079
RE1,DEMINDHEBIO,2062,643.9348
RE1,DEMINDHEBIO,2063,648.6976
RE1,DEMINDHEBIO,2064,653.4968
RE1,DEMINDHEBIO,2065,658.3324
RE1,DEMINDHEBIO,2066,663.205
RE1,DEMINDHEBIO,2067,668.1146
RE1,DEMINDHEBIO,2068,673.0617
RE1,DEMINDHEBIO,2069,678.0464
RE1,DEMINDHEBIO,2070,683.0692
RE1,DEMRESELC,2015,163.7593
RE1,DEMRESELC,2016,173.2287
RE1,DEMRESELC,2017,181.3446
RE1,DEMRESELC,2018,189.4604
RE1,DEMRESELC,2019,197.5763
RE1,DEMRESELC,2020,205.6922
RE1,DEMRESELC,2021,211.9215
RE1,DEMRESELC,2022,218.1507
RE1,DEMRESELC,2023,224.38
RE1,DEMRESELC,2024,230.6092
RE1,DEMRESELC,2025,236.8385
RE1,DEMRESELC,2026,243.5698
RE1,DEMRESELC,2027,250.301
RE1,DEMRESELC,2028,257.0323
RE1,DEMRESELC,2029,263.7635
RE1,DEMRESELC,2030,270.4948
RE1,DEMRESELC,2031,278.1885
RE1,DEMRESELC,2032,285.8823
RE1,DEMRESELC,2033,293.576
RE1,DEMRESELC,2034,301.2698
RE1,DEMRESELC,2035,308.9635
RE1,DEMRESELC,2036,315.1575
RE1,DEMRESELC,2037,321.3515
RE1,DEMRESELC,2038,327.5455
RE1,DEMRESELC,2039,333.7395
RE1,DEMRESELC,2040,339.9335
RE1,DEMRESELC,2041,345.9989
RE1,DEMRESELC,2042,352.0643
RE1,DEMRESELC,2043,358.1297
RE1,DEMRESELC,2044,364.1951
RE1,DEMRESELC,2045,370.2605
RE1,DEMRESELC,2046,374.4838
RE1,DEMRESELC,2047,378.7072
RE1,DEMRESELC,2048,382.9306
RE1,DEMRESELC,2049,387.154
RE1,DEMRESELC,2050,391.3773
RE1,DEMRESELC,2051,395.7431
RE1,DEMRESELC,2052,400.1575
RE1,DEMRESELC,2053,404.6212
RE1,DEMRESELC,2054,409.1347
RE1,DEMRESELC,2055,413.6986
RE1,DEMRESELC,2056,418.3133
RE1,DEMRESELC,2057,422.9795
RE1,DEMRESELC,2058,427.6978
RE1,DEMRESELC,2059,432.4687
RE1,DEMRESELC,2060,437.2928
RE1,DEMRESELC,2061,442.1707
RE1,DEMRESELC,2062,447.1031
RE1,DEMRESELC,2063,452.0905
RE1,DEMRESELC,2064,457.1335
RE1,DEMRESELC,2065,462.2327
RE1,DEMRESELC,2066,467.3888
RE1,DEMRESELC,2067,472.6025
RE1,DEMRESELC,2068,477.8743
RE1,DEMRESELC,2069,483.2049
RE1,DEMRESELC,2070,488.595
RE1,DEMRESCKNELC,2015,7.0099
RE1,DEMRESCKNELC,2016,6.6639
RE1,DEMRESCKNELC,2017,6.762
RE1,DEMRESCKNELC,2018,7.0044
RE1,DEMRESCKNELC,2019,6.6542
RE1,DEMRESCKNELC,2020,6.304
RE1,DEMRESCKNELC,2021,5.9538
RE1,DEMRESCKNELC,2022,5.6035
RE1,DEMRESCKNELC,2023,5.2533
RE1,DEMRESCKNELC,2024,4.9031
RE1,DEMRESCKNELC,2025,4.5529
RE1,DEMRESCKNELC,2026,4.2027
RE1,DEMRESCKNELC,2027,3.8524
RE1,DEMRESCKNELC,2028,3.5022
RE1,DEMRESCKNELC,2029,3.152
RE1,DEMRESCKNELC,2030,2.8018
RE1,DEMRESCKNELC,2031,2.4516
RE1,DEMRESCKNELC,2032,2.1013
RE1,DEMRESCKNELC,2033,1.7511
RE1,DEMRESCKNELC,2034,1.4009
RE1,DEMRESCKNELC,2035,1.0507
RE1,DEMRESCKNELC,2036,0.7004
RE1,DEMRESCKNELC,2037,0.3502
RE1,DEMRESCKNOIL,2015,117.5028
RE1,DEMRESCKNOIL,2016,111.7023
RE1,DEMRESCKNOIL,2017,113.3469
RE1,DEMRESCKNOIL,2018,117.4106
RE1,DEMRESCKNOIL,2019,120.876
RE1,DEMRESCKNOIL,2020,124.3333
RE1,DEMRESCKNOIL,2021,126.9942
RE1,DEMRESCKNOIL,2022,129.6497
RE1,DEMRESCKNOIL,2023,132.3
RE1,DEMRESCKNOIL,2024,134.9456
RE1,DEMRESCKNOIL,2025,137.5867
RE1,DEMRESCKNOIL,2026,140.4474
RE1,DEMRESCKNOIL,2027,143.3032
RE1,DEMRESCKNOIL,2028,146.1541
RE1,DEMRESCKNOIL,2029,149.0006
RE1,DEMRESCKNOIL,2030,151.8428
RE1,DEMRESCKNOIL,2031,154.4752
RE1,DEMRESCKNOIL,2032,157.1008
RE1,DEMRESCKNOIL,2033,159.7198
RE1,DEMRESCKNOIL,2034,162.3327
RE1,DEMRESCKNOIL,2035,164.9397
RE1,DEMRESCKNOIL,2036,167.254
RE1,DEMRESCKNOIL,2037,169.5649
RE1,DEMRESCKNOIL,2038,171.8726
RE1,DEMRESCKNOIL,2039,173.8271
RE1,DEMRESCKNOIL,2040,175.7786
RE1,DEMRESCKNOIL,2041,177.727
RE1,DEMRESCKNOIL,2042,179.6732
RE1,DEMRESCKNOIL,2043,181.6173
RE1,DEMRESCKNOIL,2044,183.5594
RE1,DEMRESCKNOIL,2045,185.4995
RE1,DEMRESCKNOIL,2046,186.9697
RE1,DEMRESCKNOIL,2047,188.439
RE1,DEMRESCKNOIL,2048,189.9074
RE1,DEMRESCKNOIL,2049,191.3751
RE1,DEMRESCKNOIL,2050,192.8419
RE1,DEMRESCKNOIL,2051,194.3449
RE1,DEMRESCKNOIL,2052,195.8596
RE1,DEMRESCKNOIL,2053,197.3861
RE1,DEMRESCKNOIL,2054,198.9246
RE1,DEMRESCKNOIL,2055,200.475
RE1,DEMRESCKNOIL,2056,202.0375
RE1,DEMRESCKNOIL,2057,203.6121
RE1,DEMRESCKNOIL,2058,205.1991
RE1,DEMRESCKNOIL,2059,206.7984
RE1,DEMRESCKNOIL,2060,208.4102
RE1,DEMRESCKNOIL,2061,210.0345
RE1,DEMRESCKNOIL,2062,211.6715
RE1,DEMRESCKNOIL,2063,213.3213
RE1,DEMRESCKNOIL,2064,214.9839
RE1,DEMRESCKNOIL,2065,216.6595
RE1,DEMRESCKNOIL,2066,218.3482
RE1,DEMRESCKNOIL,2067,220.05
RE1,DEMRESCKNOIL,2068,221.765
RE1,DEMRESCKNOIL,2069,223.4935
RE1,DEMRESCKNOIL,2070,225.2354
RE1,DEMRESCKNBIO,2015,72.8133
RE1,DEMRESCKNBIO,2016,69.2189
RE1,DEMRESCKNBIO,2017,70.238
RE1,DEMRESCKNBIO,2018,72.7562
RE1,DEMRESCKNBIO,2019,74.5779
RE1,DEMRESCKNBIO,2020,76.3949
RE1,DEMRESCKNBIO,2021,77.7461
RE1,DEMRESCKNBIO,2022,79.0942
RE1,DEMRESCKNBIO,2023,80.4393
RE1,DEMRESCKNBIO,2024,81.7816
RE1,DEMRESCKNBIO,2025,83.1212
RE1,DEMRESCKNBIO,2026,84.5894
RE1,DEMRESCKNBIO,2027,86.0545
RE1,DEMRESCKNBIO,2028,87.5169
RE1,DEMRESCKNBIO,2029,88.9767
RE1,DEMRESCKNBIO,2030,90.434
RE1,DEMRESCKNBIO,2031,91.7686
RE1,DEMRESCKNBIO,2032,93.0992
RE1,DEMRESCKNBIO,2033,94.4259
RE1,DEMRESCKNBIO,2034,95.7491
RE1,DEMRESCKNBIO,2035,97.0689
RE1,DEMRESCKNBIO,2036,98.2174
RE1,DEMRESCKNBIO,2037,99.364
RE1,DEMRESCKNBIO,2038,100.5087
RE1,DEMRESCKNBIO,2039,101.6517
RE1,DEMRESCKNBIO,2040,102.7929
RE1,DEMRESCKNBIO,2041,103.9322
RE1,DEMRESCKNBIO,2042,105.0704
RE1,DEMRESCKNBIO,2043,106.2072
RE1,DEMRESCKNBIO,2044,107.343
RE1,DEMRESCKNBIO,2045,108.4775
RE1,DEMRESCKNBIO,2046,109.3372
RE1,DEMRESCKNBIO,2047,110.1965
RE1,DEMRESCKNBIO,2048,111.0552
RE1,DEMRESCKNBIO,2049,111.9135
RE1,DEMRESCKNBIO,2050,112.7712
RE1,DEMRESCKNBIO,2051,113.6502
RE1,DEMRESCKNBIO,2052,114.536
RE1,DEMRESCKNBIO,2053,115.4287
RE1,DEMRESCKNBIO,2054,116.3283
RE1,DEMRESCKNBIO,2055,117.235
RE1,DEMRESCKNBIO,2056,118.1487
RE1,DEMRESCKNBIO,2057,119.0695
RE1,DEMRESCKNBIO,2058,119.9976
RE1,DEMRESCKNBIO,2059,120.9328
RE1,DEMRESCKNBIO,2060,121.8754
RE1,DEMRESCKNBIO,2061,122.8253
RE1,DEMRESCKNBIO,2062,123.7826
RE1,DEMRESCKNBIO,2063,124.7473
RE1,DEMRESCKNBIO,2064,125.7196
RE1,DEMRESCKNBIO,2065,126.6995
RE1,DEMRESCKNBIO,2066,127.687
RE1,DEMRESCKNBIO,2067,128.6822
RE1,DEMRESCKNBIO,2068,129.6851
RE1,DEMRESCKNBIO,2069,130.6959
RE1,DEMRESCKNBIO,2070,131.7145
RE1,DEMRESHEBIO,2015,84.5683
RE1,DEMRESHEBIO,2016,80.3936
RE1,DEMRESHEBIO,2017,81.5773
RE1,DEMRESHEBIO,2018,84.502
RE1,DEMRESHEBIO,2019,86.6177
RE1,DEMRESHEBIO,2020,88.7281
RE1,DEMRESHEBIO,2021,90.2975
RE1,DEMRESHEBIO,2022,91.8632
RE1,DEMRESHEBIO,2023,93.4254
RE1,DEMRESHEBIO,2024,94.9844
RE1,DEMRESHEBIO,2025,96.5403
RE1,DEMRESHEBIO,2026,98.2455
RE1,DEMRESHEBIO,2027,99.9472
RE1,DEMRESHEBIO,2028,101.6457
RE1,DEMRESHEBIO,2029,103.3411
RE1,DEMRESHEBIO,2030,105.0337
RE1,DEMRESHEBIO,2031,106.5837
RE1,DEMRESHEBIO,2032,108.1291
RE1,DEMRESHEBIO,2033,109.6701
RE1,DEMRESHEBIO,2034,111.2069
RE1,DEMRESHEBIO,2035,112.7397
RE1,DEMRESHEBIO,2036,114.0736
RE1,DEMRESHEBIO,2037,115.4053
RE1,DEMRESHEBIO,2038,116.7349
RE1,DEMRESHEBIO,2039,118.0623
RE1,DEMRESHEBIO,2040,119.3878
RE1,DEMRESHEBIO,2041,120.7111
RE1,DEMRESHEBIO,2042,122.033
RE1,DEMRESHEBIO,2043,123.3534
RE1,DEMRESHEBIO,2044,124.6724
RE1,DEMRESHEBIO,2045,125.9901
RE1,DEMRESHEBIO,2046,126.9887
RE1,DEMRESHEBIO,2047,127.9866
RE1,DEMRESHEBIO,2048,128.984
RE1,DEMRESHEBIO,2049,129.9808
RE1,DEMRESHEBIO,2050,130.9771
RE1,DEMRESHEBIO,2051,131.9979
RE1,DEMRESHEBIO,2052,133.0267
RE1,DEMRESHEBIO,2053,134.0635
RE1,DEMRESHEBIO,2054,135.1084
RE1,DEMRESHEBIO,2055,136.1614
RE1,DEMRESHEBIO,2056,137.2226
RE1,DEMRESHEBIO,2057,138.2922
RE1,DEMRESHEBIO,2058,139.37
RE1,DEMRESHEBIO,2059,140.4562
RE1,DEMRESHEBIO,2060,141.551
RE1,DEMRESHEBIO,2061,142.6542
RE1,DEMRESHEBIO,2062,143.766
RE1,DEMRESHEBIO,2063,144.8866
RE1,DEMRESHEBIO,2064,146.0158
RE1,DEMRESHEBIO,2065,147.1538
RE1,DEMRESHEBIO,2066,148.3008
RE1,DEMRESHEBIO,2067,149.4566
RE1,DEMRESHEBIO,2068,150.6215
RE1,DEMRESHEBIO,2069,151.7954
RE1,DEMRESHEBIO,2070,152.9785
RE1,DEMCOMELC,2015,169.2528
RE1,DEMCOMELC,2016,179.0399
RE1,DEMCOMELC,2017,187.428
RE1,DEMCOMELC,2018,195.8161
RE1,DEMCOMELC,2019,204.2043
RE1,DEMCOMELC,2020,212.5924
RE1,DEMCOMELC,2021,219.0306
RE1,DEMCOMELC,2022,225.4689
RE1,DEMCOMELC,2023,231.9071
RE1,DEMCOMELC,2024,238.3453
RE1,DEMCOMELC,2025,244.7836
RE1,DEMCOMELC,2026,251.7406
RE1,DEMCOMELC,2027,258.6977
RE1,DEMCOMELC,2028,265.6548
RE1,DEMCOMELC,2029,272.6118
RE1,DEMCOMELC,2030,279.5689
RE1,DEMCOMELC,2031,287.5207
RE1,DEMCOMELC,2032,295.4726
RE1,DEMCOMELC,2033,303.4244
RE1,DEMCOMELC,2034,311.3763
RE1,DEMCOMELC,2035,319.3281
RE1,DEMCOMELC,2036,325.7299
RE1,DEMCOMELC,2037,332.1317
RE1,DEMCOMELC,2038,338.5335
RE1,DEMCOMELC,2039,344.9353
RE1,DEMCOMELC,2040,351.3371
RE1,DEMCOMELC,2041,357.6059
RE1,DEMCOMELC,2042,363.8748
RE1,DEMCOMELC,2043,370.1436
RE1,DEMCOMELC,2044,376.4125
RE1,DEMCOMELC,2045,382.6814
RE1,DEMCOMELC,2046,387.0464
RE1,DEMCOMELC,2047,391.4115
RE1,DEMCOMELC,2048,395.7765
RE1,DEMCOMELC,2049,400.1416
RE1,DEMCOMELC,2050,404.5066
RE1,DEMCOMELC,2051,409.0188
RE1,DEMCOMELC,2052,413.5814
RE1,DEMCOMELC,2053,418.1948
RE1,DEMCOMELC,2054,422.8597
RE1,DEMCOMELC,2055,427.5766
RE1,DEMCOMELC,2056,432.3462
RE1,DEMCOMELC,2057,437.1689
RE1,DEMCOMELC,2058,442.0455
RE1,DEMCOMELC,2059,446.9764
RE1,DEMCOMELC,2060,451.9624
RE1,DEMCOMELC,2061,457.004
RE1,DEMCOMELC,2062,462.1018
RE1,DEMCOMELC,2063,467.2564
RE1,DEMCOMELC,2064,472.4686
RE1,DEMCOMELC,2065,477.7389
RE1,DEMCOMELC,2066,483.068
RE1,DEMCOMELC,2067,488.4566
RE1,DEMCOMELC,2068,493.9052
RE1,DEMCOMELC,2069,499.4147
RE1,DEMCOMELC,2070,504.9856
RE1,DEMCOMHEBIO,2015,37.209
RE1,DEMCOMHEBIO,2016,39.1015
RE1,DEMCOMHEBIO,2017,40.0453
RE1,DEMCOMHEBIO,2018,40.9891
RE1,DEMCOMHEBIO,2019,41.933
RE1,DEMCOMHEBIO,2020,42.8768
RE1,DEMCOMHEBIO,2021,43.6453
RE1,DEMCOMHEBIO,2022,44.4138
RE1,DEMCOMHEBIO,2023,45.1824
RE1,DEMCOMHEBIO,2024,45.9509
RE1,DEMCOMHEBIO,2025,46.7194
RE1,DEMCOMHEBIO,2026,47.5908
RE1,DEMCOMHEBIO,2027,48.4622
RE1,DEMCOMHEBIO,2028,49.3335
RE1,DEMCOMHEBIO,2029,50.2049
RE1,DEMCOMHEBIO,2030,51.0763
RE1,DEMCOMHEBIO,2031,51.7934
RE1,DEMCOMHEBIO,2032,52.5105
RE1,DEMCOMHEBIO,2033,53.2276
RE1,DEMCOMHEBIO,2034,53.9447
RE1,DEMCOMHEBIO,2035,54.6618
RE1,DEMCOMHEBIO,2036,55.3222
RE1,DEMCOMHEBIO,2037,55.9825
RE1,DEMCOMHEBIO,2038,56.6429
RE1,DEMCOMHEBIO,2039,57.3033
RE1,DEMCOMHEBIO,2040,57.9637
RE1,DEMCOMHEBIO,2041,58.5837
RE1,DEMCOMHEBIO,2042,59.2037
RE1,DEMCOMHEBIO,2043,59.8237
RE1,DEMCOMHEBIO,2044,60.4437
RE1,DEMCOMHEBIO,2045,61.0637
RE1,DEMCOMHEBIO,2046,61.552
RE1,DEMCOMHEBIO,2047,62.0404
RE1,DEMCOMHEBIO,2048,62.5287
RE1,DEMCOMHEBIO,2049,63.017
RE1,DEMCOMHEBIO,2050,63.5053
RE1,DEMCOMHEBIO,2051,64.0052
RE1,DEMCOMHEBIO,2052,64.5091
RE1,DEMCOMHEBIO,2053,65.0169
RE1,DEMCOMHEBIO,2054,65.5287
RE1,DEMCOMHEBIO,2055,66.0445
RE1,DEMCOMHEBIO,2056,66.5644
RE1,DEMCOMHEBIO,2057,67.0884
RE1,DEMCOMHEBIO,2058,67.6165
RE1,DEMCOMHEBIO,2059,68.1488
RE1,DEMCOMHEBIO,2060,68.6853
RE1,DEMCOMHEBIO,2061,69.226
RE1,DEMCOMHEBIO,2062,69.7709
RE1,DEMCOMHEBIO,2063,70.3201
RE1,DEMCOMHEBIO,2064,70.8737
RE1,DEMCOMHEBIO,2065,71.4316
RE1,DEMCOMHEBIO,2066,71.9939
RE1,DEMCOMHEBIO,2067,72.5606
RE1,DEMCOMHEBIO,2068,73.1318
RE1,DEMCOMHEBIO,2069,73.7075
RE1,DEMCOMHEBIO,2070,74.2877
RE1,DEMINDHECOA,2015,639.928
RE1,DEMINDHECOA,2016,573.8878
RE1,DEMINDHECOA,2017,583.8262
RE1,DEMINDHECOA,2018,600.3722
RE1,DEMINDHECOA,2019,613.848
RE1,DEMINDHECOA,2020,627.3034
RE1,DEMINDHECOA,2021,636.6397
RE1,DEMINDHECOA,2022,645.9621
RE1,DEMINDHECOA,2023,655.2714
RE1,DEMINDHECOA,2024,664.5683
RE1,DEMINDHECOA,2025,673.8536
RE1,DEMINDHECOA,2026,684.1048
RE1,DEMINDHECOA,2027,694.343
RE1,DEMINDHECOA,2028,704.5689
RE1,DEMINDHECOA,2029,714.7833
RE1,DEMINDHECOA,2030,724.9866
RE1,DEMINDHECOA,2031,734.1859
RE1,DEMINDHECOA,2032,743.3675
RE1,DEMINDHECOA,2033,752.5323
RE1,DEMINDHECOA,2034,761.6812
RE1,DEMINDHECOA,2035,770.815
RE1,DEMINDHECOA,2036,778.834
RE1,DEMINDHECOA,2037,786.8445
RE1,DEMINDHECOA,2038,794.8467
RE1,DEMINDHECOA,2039,802.841
RE1,DEMINDHECOA,2040,810.8277
RE1,DEMINDHECOA,2041,819.1493
RE1,DEMINDHECOA,2042,827.4653
RE1,DEMINDHECOA,2043,835.7759
RE1,DEMINDHECOA,2044,844.0812
RE1,DEMINDHECOA,2045,852.3815
RE1,DEMINDHECOA,2046,858.7627
RE1,DEMINDHECOA,2047,865.1418
RE1,DEMINDHECOA,2048,871.5186
RE1,DEMINDHECOA,2049,877.8932
RE1,DEMINDHECOA,2050,884.2658
RE1,DEMINDHECOA,2051,890.7889
RE1,DEMINDHECOA,2052,897.3615
RE1,DEMINDHECOA,2053,903.9841
RE1,DEMINDHECOA,2054,910.6572
RE1,DEMINDHECOA,2055,917.3809
RE1,DEMINDHECOA,2056,924.1559
RE1,DEMINDHECOA,2057,930.9824
RE1,DEMINDHECOA,2058,937.8608
RE1,DEMINDHECOA,2059,944.7916
RE1,DEMINDHECOA,2060,951.7751
RE1,DEMINDHECOA,2061,958.8119
RE1,DEMINDHECOA,2062,965.9022
RE1,DEMINDHECOA,2063,973.0464
RE1,DEMINDHECOA,2064,980.2452
RE1,DEMINDHECOA,2065,987.4987
RE1,DEMINDHECOA,2066,994.8075
RE1,DEMINDHECOA,2067,1002.1719
RE1,DEMINDHECOA,2068,1009.5925
RE1,DEMINDHECOA,2069,1017.0697
RE1,DEMINDHECOA,2070,1024.6038
