r,t,y,TotalCapacityAnnual
RE1,MINOIL,2024,2141.6499
RE1,MINBIO,2015,997.3838
RE1,MINBIO,2016,1010.0058
RE1,MINBIO,2017,1037.9333
RE1,MINBIO,2018,1058.4991
RE1,MINBIO,2019,1064.5653
RE1,MINBIO,2020,1083.0271
RE1,MINBIO,2021,1099.8225
RE1,MINBIO,2022,1212.6691
RE1,MINBIO,2023,1227.5592
RE1,MINBIO,2024,1242.4259
RE1,MINBIO,2025,1257.2706
RE1,MINBIO,2026,1273.6359
RE1,MINBIO,2027,1289.9767
RE1,MINBIO,2028,1306.2942
RE1,MINBIO,2029,1322.5898
RE1,MINBIO,2030,1338.8647
RE1,MINBIO,2031,1181.6437
RE1,MINBIO,2032,1196.2983
RE1,MINBIO,2033,1210.9212
RE1,MINBIO,2034,1225.5141
RE1,MINBIO,2035,1240.0786
RE1,MINBIO,2036,1252.8549
RE1,MINBIO,2037,1265.615
RE1,MINBIO,2038,1278.3595
RE1,MINBIO,2039,1291.0891
RE1,MINBIO,2040,1303.8042
RE1,MINBIO,2041,1316.7339
RE1,MINBIO,2042,1329.653
RE1,MINBIO,2043,1342.5617
RE1,MINBIO,2044,1355.4606
RE1,MINBIO,2045,1368.3499
RE1,MINBIO,2046,1353.6227
RE1,MINBIO,2047,1338.9489
RE1,MINBIO,2048,1336.6245
RE1,MINBIO,2049,1346.4763
RE1,MINBIO,2050,1343.9129
RE1,MINBIO,2051,1341.7018
RE1,MINBIO,2052,1351.8642
RE1,MINBIO,2053,1362.1048
RE1,MINBIO,2054,1372.4242
RE1,MINBIO,2055,1382.8231
RE1,MINBIO,2056,1393.3021
RE1,MINBIO,2057,1403.8619
RE1,MINBIO,2058,1414.5029
RE1,MINBIO,2059,1425.2259
RE1,MINBIO,2060,1436.0315
RE1,MINBIO,2061,1446.9204
RE1,MINBIO,2062,1457.8931
RE1,MINBIO,2063,1468.9504
RE1,MINBIO,2064,1480.0929
RE1,MINBIO,2065,1491.3212
RE1,MINBIO,2066,1502.6361
RE1,MINBIO,2067,1514.0382
RE1,MINBIO,2068,1525.5282
RE1,MINBIO,2069,1537.1067
RE1,MINBIO,2070,1548.7745
RE1,IMPCOA,2028,3052.2819
RE1,IMPCOA,2029,3832.8728
RE1,IMPCOA,2030,3938.8091
RE1,IMPCOA,2031,4274.8132
RE1,IMPCOA,2032,4393.0609
RE1,IMPCOA,2033,4511.2181
RE1,IMPCOA,2034,4629.2861
RE1,IMPCOA,2035,4775.5845
RE1,IMPCOA,2036,4896.1147
RE1,IMPCOA,2037,4996.2892
RE1,IMPCOA,2038,5096.6784
RE1,IMPCOA,2039,5106.5479
RE1,IMPCOA,2040,5116.408
RE1,IMPCOA,2041,5202.2061
RE1,IMPCOA,2042,5296.9227
RE1,IMPCOA,2043,5391.5776
RE1,IMPCOA,2044,5578.1481
RE1,IMPCOA,2045,5764.5662
RE1,IMPCOA,2046,5861.7133
RE1,IMPCOA,2047,5971.5344
RE1,IMPCOA,2048,6054.6745
RE1,IMPCOA,2049,6120.5636
RE1,IMPCOA,2050,6209.0917
RE1,IMPCOA,2051,6403.1689
RE1,IMPCOA,2052,6474.5176
RE1,IMPCOA,2053,6546.6334
RE1,IMPCOA,2054,6619.5246
RE1,IMPCOA,2055,6693.3487
RE1,IMPCOA,2056,6768.4971
RE1,IMPCOA,2057,6844.4542
RE1,IMPCOA,2058,6921.2286
RE1,IMPCOA,2059,6998.8293
RE1,IMPCOA,2060,7077.2654
RE1,IMPCOA,2061,7156.5458
RE1,IMPCOA,2062,7236.6799
RE1,IMPCOA,2063,7317.6768
RE1,IMPCOA,2064,7399.5461
RE1,IMPCOA,2065,7482.2972
RE1,IMPCOA,2066,7565.9396
RE1,IMPCOA,2067,7650.4832
RE1,IMPCOA,2068,7735.9377
RE1,IMPCOA,2069,7822.313
RE1,IMPCOA,2070,7909.6192
RE1,MINCOA,2015,1123.7542
RE1,MINCOA,2016,1123.7542
RE1,MINCOA,2017,1123.7542
RE1,MINCOA,2018,1123.7542
RE1,MINCOA,2019,1123.7542
RE1,MINCOA,2020,2341.1269
RE1,MINCOA,2021,2341.1269
RE1,MINCOA,2022,3114.3237
RE1,MINCOA,2023,3212.4117
RE1,MINCOA,2024,3310.4278
RE1,MINCOA,2025,3408.3729
RE1,MINCOA,2026,3514.6128
RE1,MINCOA,2027,3620.7755
RE1,MINCOA,2028,674.5799
RE1,IMPLFO,2015,4957.7864
RE1,IMPLFO,2016,4965.6674
RE1,IMPLFO,2017,4963.4328
RE1,IMPLFO,2018,4957.9116
RE1,IMPLFO,2019,4954.9687
RE1,IMPLFO,2020,4952.0351
RE1,IMPLFO,2021,4950.0331
RE1,IMPLFO,2022,6518.1763
RE1,IMPLFO,2023,6629.0416
RE1,IMPLFO,2024,4812.3938
RE1,IMPLFO,2025,6850.6893
RE1,IMPLFO,2026,6973.9478
RE1,IMPLFO,2027,7097.1767
RE1,IMPLFO,2028,7220.3776
RE1,IMPLFO,2029,7343.5521
RE1,IMPLFO,2030,7466.7014
RE1,IMPLFO,2031,7569.1664
RE1,IMPLFO,2032,7671.5908
RE1,IMPLFO,2033,7773.977
RE1,IMPLFO,2034,7876.3269
RE1,IMPLFO,2035,7978.6425
RE1,IMPLFO,2036,8071.7921
RE1,IMPLFO,2037,8164.9222
RE1,IMPLFO,2038,8258.0335
RE1,IMPLFO,2039,8350.4263
RE1,IMPLFO,2040,8442.8016
RE1,IMPLFO,2041,8530.8832
RE1,IMPLFO,2042,8618.952
RE1,IMPLFO,2043,8707.0083
RE1,IMPLFO,2044,8795.0527
RE1,IMPLFO,2045,8883.0856
RE1,IMPLFO,2046,8951.8264
RE1,IMPLFO,2047,9020.5621
RE1,IMPLFO,2048,9089.2927
RE1,IMPLFO,2049,9158.0185
RE1,IMPLFO,2050,9226.7394
RE1,IMPLFO,2051,9297.0735
RE1,IMPLFO,2052,9367.9518
RE1,IMPLFO,2053,9439.3785
RE1,IMPLFO,2054,9511.358
RE1,IMPLFO,2055,9583.8944
RE1,IMPLFO,2056,9656.9922
RE1,IMPLFO,2057,9730.6558
RE1,IMPLFO,2058,9804.8895
RE1,IMPLFO,2059,9879.6978
RE1,IMPLFO,2060,9955.0851
RE1,IMPLFO,2061,10031.056
RE1,IMPLFO,2062,10107.615
RE1,IMPLFO,2063,10184.767
RE1,IMPLFO,2064,10262.516
RE1,IMPLFO,2065,10340.868
RE1,IMPLFO,2066,10419.825
RE1,IMPLFO,2067,10499.395
RE1,IMPLFO,2068,10579.58
RE1,IMPLFO,2069,10660.387
RE1,IMPLFO,2070,10741.82
RE1,UPSREF001,2015,2876.6643
RE1,UPSREF001,2016,2876.6643
RE1,UPSREF001,2017,2876.6643
RE1,UPSREF001,2018,2876.6643
RE1,UPSREF001,2019,2876.6643
RE1,UPSREF001,2020,2876.6643
RE1,UPSREF001,2021,2876.6643
RE1,UPSREF001,2022,2876.6643
RE1,UPSREF001,2023,2876.6643
RE1,UPSREF001,2024,2876.6643
RE1,UPSREF001,2025,2876.6643
RE1,UPSREF001,2026,2876.6643
RE1,UPSREF001,2027,2876.6643
RE1,UPSREF001,2028,2876.6643
RE1,UPSREF001,2029,2876.6643
RE1,UPSREF001,2030,2876.6643
RE1,UPSREF001,2031,2876.6643
RE1,UPSREF001,2032,2876.6643
RE1,UPSREF001,2033,2876.6643
RE1,UPSREF001,2034,2876.6643
RE1,UPSREF001,2035,2876.6643
RE1,UPSREF001,2036,2876.6643
RE1,UPSREF001,2037,2876.6643
RE1,UPSREF001,2038,2876.6643
RE1,UPSREF001,2039,2876.6643
RE1,UPSREF001,2040,2876.6643
RE1,UPSREF001,2041,2876.6643
RE1,UPSREF001,2042,2876.6643
RE1,UPSREF001,2043,2876.6643
RE1,UPSREF001,2044,2876.6643
RE1,UPSREF001,2045,2876.6643
RE1,MINNGS,2015,842.0383
RE1,MINNGS,2016,770.6678
RE1,MINNGS,2017,717.2238
RE1,MINNGS,2018,687.2143
RE1,MINNGS,2019,682.1699
RE1,MINNGS,2020,10.7889
RE1,MINNGS,2039,47.2138
RE1,MINNGS,2040,94.1685
RE1,MINNGS,2041,99.8877
RE1,MINNGS,2042,99.8877
RE1,MINNGS,2043,99.8877
RE1,MINNGS,2044,49.9438
RE1,MINSOL,2015,19.2273
RE1,MINSOL,2016,33.282
RE1,MINSOL,2017,36.6855
RE1,MINSOL,2018,40.2789
RE1,MINSOL,2019,40.5636
RE1,MINSOL,2020,40.5636
RE1,MINSOL,2021,41.6077
RE1,MINSOL,2022,41.6077
RE1,MINSOL,2023,41.6077
RE1,MINSOL,2024,41.6077
RE1,MINSOL,2025,41.6077
RE1,MINSOL,2026,41.6077
RE1,MINSOL,2027,41.6077
RE1,MINSOL,2028,41.6077
RE1,MINSOL,2029,41.6077
RE1,MINSOL,2030,41.6077
RE1,MINSOL,2031,41.6077
RE1,MINSOL,2032,41.6077
RE1,MINSOL,2033,41.6077
RE1,MINSOL,2034,41.6077
RE1,MINSOL,2035,22.4274
RE1,MINSOL,2036,8.3727
RE1,MINSOL,2037,4.9692
RE1,MINSOL,2038,1.3759
RE1,MINSOL,2039,1.0911
RE1,MINSOL,2040,1.0911
RE1,MINSOL,2041,0.047
RE1,MINSOL,2042,0.047
RE1,MINSOL,2043,0.047
RE1,MINWND,2015,1.5132
RE1,MINWND,2016,3.2785
RE1,MINWND,2017,4.061
RE1,MINWND,2018,7.1325
RE1,MINWND,2019,9.745
RE1,MINWND,2020,9.745
RE1,MINWND,2021,9.9907
RE1,MINWND,2022,9.9907
RE1,MINWND,2023,9.9907
RE1,MINWND,2024,9.9907
RE1,MINWND,2025,9.9907
RE1,MINWND,2026,9.9907
RE1,MINWND,2027,9.9907
RE1,MINWND,2028,9.9907
RE1,MINWND,2029,9.9907
RE1,MINWND,2030,9.9907
RE1,MINWND,2031,9.9907
RE1,MINWND,2032,9.9907
RE1,MINWND,2033,9.9907
RE1,MINWND,2034,9.9907
RE1,MINWND,2035,9.9907
RE1,MINWND,2036,8.2254
RE1,MINWND,2037,8.2254
RE1,MINWND,2038,8.2254
RE1,MINWND,2039,8.2254
RE1,MINWND,2040,8.2254
RE1,MINWND,2041,8.2254
RE1,MINWND,2042,8.2254
RE1,MINWND,2043,8.2254
RE1,MINWND,2044,8.2254
RE1,MINWND,2045,8.2254
RE1,MINWND,2046,8.2254
RE1,MINWND,2047,3.2785
RE1,MINWND,2048,2.5866
RE1,MINWND,2049,2.5866
RE1,MINHYD,2015,51.7481
RE1,MINHYD,2016,51.7481
RE1,MINHYD,2017,51.7481
RE1,MINHYD,2018,51.7481
RE1,MINHYD,2019,51.7481
RE1,MINHYD,2020,51.7481
RE1,MINHYD,2021,51.7481
RE1,MINHYD,2022,51.7481
RE1,MINHYD,2023,51.7481
RE1,MINHYD,2024,51.7481
RE1,MINHYD,2025,51.7481
RE1,MINHYD,2026,51.7481
RE1,MINHYD,2027,51.7481
RE1,MINHYD,2028,51.7481
RE1,MINHYD,2029,51.7481
RE1,MINHYD,2030,51.7481
RE1,MINHYD,2031,51.7481
RE1,MINHYD,2032,51.7481
RE1,MINHYD,2033,51.7481
RE1,MINHYD,2034,51.7481
RE1,MINHYD,2035,51.7481
RE1,MINHYD,2036,51.7481
RE1,MINHYD,2037,51.7481
RE1,MINHYD,2038,51.7481
RE1,MINHYD,2039,51.7481
RE1,MINHYD,2040,51.7481
RE1,MINHYD,2041,51.7481
RE1,MINHYD,2042,51.7481
RE1,MINHYD,2043,51.7481
RE1,MINHYD,2044,51.7481
RE1,MINHYD,2045,51.7481
RE1,MINHYD,2046,51.7481
RE1,MINHYD,2047,51.7481
RE1,MINHYD,2048,51.7481
RE1,MINHYD,2049,51.7481
RE1,MINHYD,2050,51.7481
RE1,PWRBIO001,2015,2.978
RE1,PWRBIO001,2016,3.404
RE1,PWRBIO001,2017,3.829
RE1,PWRBIO001,2018,4.04
RE1,PWRBIO001,2019,4.04
RE1,PWRBIO001,2020,4.255
RE1,PWRBIO001,2021,4.468
RE1,PWRBIO001,2022,4.468
RE1,PWRBIO001,2023,4.468
RE1,PWRBIO001,2024,4.468
RE1,PWRBIO001,2025,4.468
RE1,PWRBIO001,2026,4.468
RE1,PWRBIO001,2027,4.468
RE1,PWRBIO001,2028,4.468
RE1,PWRBIO001,2029,4.468
RE1,PWRBIO001,2030,4.468
RE1,PWRBIO001,2031,1.49
RE1,PWRBIO001,2032,1.49
RE1,PWRBIO001,2033,1.49
RE1,PWRBIO001,2034,1.49
RE1,PWRBIO001,2035,1.49
RE1,PWRBIO001,2036,1.49
RE1,PWRBIO001,2037,1.49
RE1,PWRBIO001,2038,1.49
RE1,PWRBIO001,2039,1.49
RE1,PWRBIO001,2040,1.49
RE1,PWRBIO001,2041,1.49
RE1,PWRBIO001,2042,1.49
RE1,PWRBIO001,2043,1.49
RE1,PWRBIO001,2044,1.49
RE1,PWRBIO001,2045,1.49
RE1,PWRBIO001,2046,1.064
RE1,PWRBIO001,2047,0.639
RE1,PWRBIO001,2048,0.428
RE1,PWRBIO001,2049,0.428
RE1,PWRBIO001,2050,0.213
RE1,PWRCOA001,2015,5.259
RE1,PWRCOA001,2016,5.259
RE1,PWRCOA001,2017,5.259
RE1,PWRCOA001,2018,5.259
RE1,PWRCOA001,2019,5.259
RE1,PWRCOA001,2020,20.8042
RE1,PWRCOA001,2021,20.8042
RE1,PWRCOA001,2022,29.5849
RE1,PWRCOA001,2023,30.6907
RE1,PWRCOA001,2024,31.7957
RE1,PWRCOA001,2025,32.9
RE1,PWRCOA001,2026,34.0951
RE1,PWRCOA001,2027,35.2893
RE1,PWRCOA001,2028,36.4828
RE1,PWRCOA001,2029,37.6754
RE1,PWRCOA001,2030,38.8673
RE1,PWRCOA001,2031,43.0129
RE1,PWRCOA001,2032,44.3781
RE1,PWRCOA001,2033,45.7425
RE1,PWRCOA001,2034,47.1059
RE1,PWRCOA001,2035,48.8301
RE1,PWRCOA001,2036,50.2428
RE1,PWRCOA001,2037,51.3957
RE1,PWRCOA001,2038,52.5514
RE1,PWRCOA001,2039,52.5514
RE1,PWRCOA001,2040,52.5514
RE1,PWRCOA001,2041,53.5158
RE1,PWRCOA001,2042,54.5942
RE1,PWRCOA001,2043,55.6719
RE1,PWRCOA001,2044,57.9234
RE1,PWRCOA001,2045,60.173
RE1,PWRCOA001,2046,61.3129
RE1,PWRCOA001,2047,62.6147
RE1,PWRCOA001,2048,63.5758
RE1,PWRCOA001,2049,64.3167
RE1,PWRCOA001,2050,65.3467
RE1,PWRCOA001,2051,67.7221
RE1,PWRCOA001,2052,68.5296
RE1,PWRCOA001,2053,69.3461
RE1,PWRCOA001,2054,70.1717
RE1,PWRCOA001,2055,71.0084
RE1,PWRCOA001,2056,71.8612
RE1,PWRCOA001,2057,72.7235
RE1,PWRCOA001,2058,73.5954
RE1,PWRCOA001,2059,74.4771
RE1,PWRCOA001,2060,75.3686
RE1,PWRCOA001,2061,76.27
RE1,PWRCOA001,2062,77.1815
RE1,PWRCOA001,2063,78.1032
RE1,PWRCOA001,2064,79.0351
RE1,PWRCOA001,2065,79.9775
RE1,PWRCOA001,2066,80.9303
RE1,PWRCOA001,2067,81.8938
RE1,PWRCOA001,2068,82.868
RE1,PWRCOA001,2069,83.8531
RE1,PWRCOA001,2070,84.8492
RE1,PWRNGS001,2015,27.132
RE1,PWRNGS001,2016,27.132
RE1,PWRNGS001,2017,27.132
RE1,PWRNGS001,2018,27.132
RE1,PWRNGS001,2019,27.132
RE1,PWRNGS001,2020,27.132
RE1,PWRNGS001,2021,27.132
RE1,PWRNGS001,2022,27.132
RE1,PWRNGS001,2023,27.132
RE1,PWRNGS001,2024,10.764
RE1,PWRNGS001,2025,10.764
RE1,PWRNGS001,2026,10.016
RE1,PWRNGS001,2027,10.016
RE1,PWRNGS001,2028,9.892
RE1,PWRNGS001,2029,9.77
RE1,PWRNGS001,2030,8.594
RE1,PWRNGS001,2031,8.35
RE1,PWRNGS001,2032,8.35
RE1,PWRNGS001,2033,7.524
RE1,PWRNGS001,2034,7.184
RE1,PWRNGS001,2035,7.184
RE1,PWRNGS001,2036,7.184
RE1,PWRNGS001,2037,7.184
RE1,PWRNGS001,2038,4.316
RE1,PWRNGS001,2039,4.316
RE1,PWRNGS001,2040,3.612
RE1,PWRNGS001,2041,3.2
RE1,PWRNGS001,2042,3.2
RE1,PWRNGS001,2043,3.2
RE1,PWRNGS001,2044,1.6
RE1,PWRSOL001,2015,1.4145
RE1,PWRSOL001,2016,2.451
RE1,PWRSOL001,2017,2.702
RE1,PWRSOL001,2018,2.967
RE1,PWRSOL001,2019,2.988
RE1,PWRSOL001,2020,2.988
RE1,PWRSOL001,2021,3.065
RE1,PWRSOL001,2022,3.065
RE1,PWRSOL001,2023,3.065
RE1,PWRSOL001,2024,3.065
RE1,PWRSOL001,2025,3.065
RE1,PWRSOL001,2026,3.065
RE1,PWRSOL001,2027,3.065
RE1,PWRSOL001,2028,3.065
RE1,PWRSOL001,2029,3.065
RE1,PWRSOL001,2030,3.065
RE1,PWRSOL001,2031,3.065
RE1,PWRSOL001,2032,3.065
RE1,PWRSOL001,2033,3.065
RE1,PWRSOL001,2034,3.065
RE1,PWRSOL001,2035,1.6505
RE1,PWRSOL001,2036,0.614
RE1,PWRSOL001,2037,0.363
RE1,PWRSOL001,2038,0.098
RE1,PWRSOL001,2039,0.077
RE1,PWRSOL001,2040,0.077
RE1,PWRCSP002,2015,0.005
RE1,PWRCSP002,2016,0.005
RE1,PWRCSP002,2017,0.005
RE1,PWRCSP002,2018,0.005
RE1,PWRCSP002,2019,0.005
RE1,PWRCSP002,2020,0.005
RE1,PWRCSP002,2021,0.005
RE1,PWRCSP002,2022,0.005
RE1,PWRCSP002,2023,0.005
RE1,PWRCSP002,2024,0.005
RE1,PWRCSP002,2025,0.005
RE1,PWRCSP002,2026,0.005
RE1,PWRCSP002,2027,0.005
RE1,PWRCSP002,2028,0.005
RE1,PWRCSP002,2029,0.005
RE1,PWRCSP002,2030,0.005
RE1,PWRCSP002,2031,0.005
RE1,PWRCSP002,2032,0.005
RE1,PWRCSP002,2033,0.005
RE1,PWRCSP002,2034,0.005
RE1,PWRCSP002,2035,0.005
RE1,PWRCSP002,2036,0.005
RE1,PWRCSP002,2037,0.005
RE1,PWRCSP002,2038,0.005
RE1,PWRCSP002,2039,0.005
RE1,PWRCSP002,2040,0.005
RE1,PWRCSP002,2041,0.005
RE1,PWRCSP002,2042,0.005
RE1,PWRCSP002,2043,0.005
RE1,PWRHYD001,2015,3.639
RE1,PWRHYD001,2016,3.639
RE1,PWRHYD001,2017,3.639
RE1,PWRHYD001,2018,3.639
RE1,PWRHYD001,2019,3.639
RE1,PWRHYD001,2020,3.639
RE1,PWRHYD001,2021,3.639
RE1,PWRHYD001,2022,3.639
RE1,PWRHYD001,2023,3.639
RE1,PWRHYD001,2024,3.639
RE1,PWRHYD001,2025,3.639
RE1,PWRHYD001,2026,3.639
RE1,PWRHYD001,2027,3.639
RE1,PWRHYD001,2028,3.639
RE1,PWRHYD001,2029,3.639
RE1,PWRHYD001,2030,3.639
RE1,PWRHYD001,2031,3.639
RE1,PWRHYD001,2032,3.639
RE1,PWRHYD001,2033,3.639
RE1,PWRHYD001,2034,3.639
RE1,PWRHYD001,2035,3.639
RE1,PWRHYD001,2036,3.639
RE1,PWRHYD001,2037,3.639
RE1,PWRHYD001,2038,3.639
RE1,PWRHYD001,2039,3.639
RE1,PWRHYD001,2040,3.639
RE1,PWRHYD001,2041,3.639
RE1,PWRHYD001,2042,3.639
RE1,PWRHYD001,2043,3.639
RE1,PWRHYD001,2044,3.639
RE1,PWRHYD001,2045,3.639
RE1,PWRHYD001,2046,3.639
RE1,PWRHYD001,2047,3.639
RE1,PWRHYD001,2048,3.639
RE1,PWRHYD001,2049,3.639
RE1,PWRHYD001,2050,3.639
RE1,PWRHYD002,2015,0.148
RE1,PWRHYD002,2016,0.148
RE1,PWRHYD002,2017,0.148
RE1,PWRHYD002,2018,0.148
RE1,PWRHYD002,2019,0.148
RE1,PWRHYD002,2020,0.148
RE1,PWRHYD002,2021,0.148
RE1,PWRHYD002,2022,0.148
RE1,PWRHYD002,2023,0.148
RE1,PWRHYD002,2024,0.148
RE1,PWRHYD002,2025,0.148
RE1,PWRHYD002,2026,0.148
RE1,PWRHYD002,2027,0.148
RE1,PWRHYD002,2028,0.148
RE1,PWRHYD002,2029,0.148
RE1,PWRHYD002,2030,0.148
RE1,PWRHYD002,2031,0.148
RE1,PWRHYD002,2032,0.148
RE1,PWRHYD002,2033,0.148
RE1,PWRHYD002,2034,0.148
RE1,PWRHYD002,2035,0.148
RE1,PWRHYD002,2036,0.148
RE1,PWRHYD002,2037,0.148
RE1,PWRHYD002,2038,0.148
RE1,PWRHYD002,2039,0.148
RE1,PWRHYD002,2040,0.148
RE1,PWRHYD002,2041,0.148
RE1,PWRHYD002,2042,0.148
RE1,PWRHYD002,2043,0.148
RE1,PWRHYD002,2044,0.148
RE1,PWRHYD002,2045,0.148
RE1,PWRHYD002,2046,0.148
RE1,PWRHYD002,2047,0.148
RE1,PWRHYD002,2048,0.148
RE1,PWRHYD002,2049,0.148
RE1,PWRHYD002,2050,0.148
RE1,PWRWND001,2015,0.234
RE1,PWRWND001,2016,0.507
RE1,PWRWND001,2017,0.628
RE1,PWRWND001,2018,1.103
RE1,PWRWND001,2019,1.507
RE1,PWRWND001,2020,1.507
RE1,PWRWND001,2021,1.545
RE1,PWRWND001,2022,1.545
RE1,PWRWND001,2023,1.545
RE1,PWRWND001,2024,1.545
RE1,PWRWND001,2025,1.545
RE1,PWRWND001,2026,1.545
RE1,PWRWND001,2027,1.545
RE1,PWRWND001,2028,1.545
RE1,PWRWND001,2029,1.545
RE1,PWRWND001,2030,1.545
RE1,PWRWND001,2031,1.545
RE1,PWRWND001,2032,1.545
RE1,PWRWND001,2033,1.545
RE1,PWRWND001,2034,1.545
RE1,PWRWND001,2035,1.545
RE1,PWRWND001,2036,1.272
RE1,PWRWND001,2037,1.272
RE1,PWRWND001,2038,1.272
RE1,PWRWND001,2039,1.272
RE1,PWRWND001,2040,1.272
RE1,PWRWND001,2041,1.272
RE1,PWRWND001,2042,1.272
RE1,PWRWND001,2043,1.272
RE1,PWRWND001,2044,1.272
RE1,PWRWND001,2045,1.272
RE1,PWRWND001,2046,1.272
RE1,PWRWND001,2047,0.507
RE1,PWRWND001,2048,0.4
RE1,PWRWND001,2049,0.4
RE1,PWRTRNIMP,2015,3.1967
RE1,PWRTRNIMP,2016,3.6996
RE1,PWRTRNIMP,2017,4.2285
RE1,PWRTRNIMP,2018,4.4612
RE1,PWRTRNIMP,2019,4.4838
RE1,PWRTRNIMP,2020,4.4833
RE1,PWRTRNIMP,2021,4.4695
RE1,PWRTRNIMP,2022,4.9576
RE1,PWRTRNIMP,2023,5.0199
RE1,PWRTRNIMP,2024,5.0822
RE1,PWRTRNIMP,2025,5.1444
RE1,PWRTRNIMP,2026,5.2116
RE1,PWRTRNIMP,2027,5.2788
RE1,PWRTRNIMP,2028,5.3459
RE1,PWRTRNIMP,2029,5.413
RE1,PWRTRNIMP,2030,5.48
RE1,PWRTRNIMP,2031,5.5568
RE1,PWRTRNIMP,2032,5.6334
RE1,PWRTRNIMP,2033,5.71
RE1,PWRTRNIMP,2034,5.7866
RE1,PWRTRNIMP,2035,6.1523
RE1,PWRTRNIMP,2036,6.407
RE1,PWRTRNIMP,2037,6.5197
RE1,PWRTRNIMP,2038,6.6351
RE1,PWRTRNIMP,2039,6.7007
RE1,PWRTRNIMP,2040,6.7619
RE1,PWRTRNIMP,2041,6.8375
RE1,PWRTRNIMP,2042,6.8973
RE1,PWRTRNIMP,2043,6.9571
RE1,PWRTRNIMP,2044,7.0175
RE1,PWRTRNIMP,2045,7.0772
RE1,PWRTRNIMP,2046,7.1184
RE1,PWRTRNIMP,2047,7.1075
RE1,PWRTRNIMP,2048,7.1413
RE1,PWRTRNIMP,2049,7.1824
RE1,PWRTRNIMP,2050,7.1936
RE1,PWRTRNIMP,2051,6.9155
RE1,PWRTRNIMP,2052,6.9536
RE1,PWRTRNIMP,2053,6.9922
RE1,PWRTRNIMP,2054,7.0311
RE1,PWRTRNIMP,2055,7.0691
RE1,PWRTRNIMP,2056,7.1024
RE1,PWRTRNIMP,2057,7.1361
RE1,PWRTRNIMP,2058,7.1702
RE1,PWRTRNIMP,2059,7.2046
RE1,PWRTRNIMP,2060,7.2395
RE1,PWRTRNIMP,2061,7.2747
RE1,PWRTRNIMP,2062,7.3103
RE1,PWRTRNIMP,2063,7.3463
RE1,PWRTRNIMP,2064,7.3827
RE1,PWRTRNIMP,2065,7.4195
RE1,PWRTRNIMP,2066,7.4568
RE1,PWRTRNIMP,2067,7.4944
RE1,PWRTRNIMP,2068,7.5325
RE1,PWRTRNIMP,2069,7.5709
RE1,PWRTRNIMP,2070,7.6099
RE1,PWRTRN,2015,42.88
RE1,PWRTRN,2016,42.88
RE1,PWRTRN,2017,42.88
RE1,PWRTRN,2018,42.88
RE1,PWRTRN,2019,42.88
RE1,PWRTRN,2020,42.88
RE1,PWRTRN,2021,42.88
RE1,PWRTRN,2022,42.88
RE1,PWRTRN,2023,42.88
RE1,PWRTRN,2024,42.88
RE1,PWRTRN,2025,42.88
RE1,PWRTRN,2026,42.88
RE1,PWRTRN,2027,42.88
RE1,PWRTRN,2028,42.88
RE1,PWRTRN,2029,42.88
RE1,PWRTRN,2030,42.88
RE1,PWRTRN,2031,42.88
RE1,PWRTRN,2032,42.88
RE1,PWRTRN,2033,43.1087
RE1,PWRTRN,2034,44.21
RE1,PWRTRN,2035,45.3106
RE1,PWRTRN,2036,46.1907
RE1,PWRTRN,2037,47.0703
RE1,PWRTRN,2038,47.9493
RE1,PWRTRN,2039,48.8402
RE1,PWRTRN,2040,49.7304
RE1,PWRTRN,2041,50.6013
RE1,PWRTRN,2042,51.4715
RE1,PWRTRN,2043,52.3413
RE1,PWRTRN,2044,53.2104
RE1,PWRTRN,2045,54.079
RE1,PWRTRN,2046,54.6781
RE1,PWRTRN,2047,55.2768
RE1,PWRTRN,2048,55.8751
RE1,PWRTRN,2049,56.473
RE1,PWRTRN,2050,57.0705
RE1,PWRTRN,2051,57.7071
RE1,PWRTRN,2052,58.3508
RE1,PWRTRN,2053,59.0017
RE1,PWRTRN,2054,59.6599
RE1,PWRTRN,2055,60.3254
RE1,PWRTRN,2056,60.9983
RE1,PWRTRN,2057,61.6787
RE1,PWRTRN,2058,62.3667
RE1,PWRTRN,2059,63.0624
RE1,PWRTRN,2060,63.7659
RE1,PWRTRN,2061,64.4772
RE1,PWRTRN,2062,65.1964
RE1,PWRTRN,2063,65.9237
RE1,PWRTRN,2064,66.659
RE1,PWRTRN,2065,67.4026
RE1,PWRTRN,2066,68.1545
RE1,PWRTRN,2067,68.9147
RE1,PWRTRN,2068,69.6835
RE1,PWRTRN,2069,70.4608
RE1,PWRTRN,2070,71.2468
RE1,PWRDIST,2015,42.88
RE1,PWRDIST,2016,42.88
RE1,PWRDIST,2017,42.88
RE1,PWRDIST,2018,42.88
RE1,PWRDIST,2019,42.88
RE1,PWRDIST,2020,42.88
RE1,PWRDIST,2021,42.88
RE1,PWRDIST,2022,42.88
RE1,PWRDIST,2023,42.88
RE1,PWRDIST,2024,42.88
RE1,PWRDIST,2025,42.88
RE1,PWRDIST,2026,42.88
RE1,PWRDIST,2027,42.88
RE1,PWRDIST,2028,42.88
RE1,PWRDIST,2029,42.88
RE1,PWRDIST,2030,42.88
RE1,PWRDIST,2031,42.88
RE1,PWRDIST,2032,42.88
RE1,PWRDIST,2033,42.88
RE1,PWRDIST,2034,42.88
RE1,PWRDIST,2035,42.88
RE1,PWRDIST,2036,43.6818
RE1,PWRDIST,2037,44.5281
RE1,PWRDIST,2038,45.3744
RE1,PWRDIST,2039,46.2325
RE1,PWRDIST,2040,47.0905
RE1,PWRDIST,2041,47.9308
RE1,PWRDIST,2042,48.771
RE1,PWRDIST,2043,49.6112
RE1,PWRDIST,2044,50.4515
RE1,PWRDIST,2045,51.2917
RE1,PWRDIST,2046,51.8767
RE1,PWRDIST,2047,52.4618
RE1,PWRDIST,2048,53.0469
RE1,PWRDIST,2049,53.6319
RE1,PWRDIST,2050,54.217
RE1,PWRDIST,2051,54.8218
RE1,PWRDIST,2052,55.4333
RE1,PWRDIST,2053,56.0516
RE1,PWRDIST,2054,56.6769
RE1,PWRDIST,2055,57.3091
RE1,PWRDIST,2056,57.9484
RE1,PWRDIST,2057,58.5948
RE1,PWRDIST,2058,59.2484
RE1,PWRDIST,2059,59.9093
RE1,PWRDIST,2060,60.5776
RE1,PWRDIST,2061,61.2533
RE1,PWRDIST,2062,61.9366
RE1,PWRDIST,2063,62.6275
RE1,PWRDIST,2064,63.3261
RE1,PWRDIST,2065,64.0325
RE1,PWRDIST,2066,64.7468
RE1,PWRDIST,2067,65.469
RE1,PWRDIST,2068,66.1993
RE1,PWRDIST,2069,66.9377
RE1,PWRDIST,2070,67.6844
RE1,PWRTRNEXP,2015,0.277
RE1,PWRTRNEXP,2016,0.1731
RE1,PWRTRNEXP,2017,0.1385
RE1,PWRTRNEXP,2018,0.1385
RE1,PWRTRNEXP,2019,0.1385
RE1,PWRTRNEXP,2020,0.1385
RE1,PWRTRNEXP,2021,0.1385
RE1,PWRTRNEXP,2022,0.1385
RE1,PWRTRNEXP,2023,0.1385
RE1,PWRTRNEXP,2024,0.1385
RE1,PWRTRNEXP,2025,0.1385
RE1,PWRTRNEXP,2026,0.1385
RE1,PWRTRNEXP,2027,0.1385
RE1,PWRTRNEXP,2028,0.1385
RE1,PWRTRNEXP,2029,0.1385
RE1,PWRTRNEXP,2030,0.1385
RE1,PWRTRNEXP,2031,0.1385
RE1,PWRTRNEXP,2032,0.1385
RE1,PWRTRNEXP,2033,0.1385
RE1,PWRTRNEXP,2034,0.1385
RE1,PWRTRNEXP,2035,0.1385
RE1,PWRTRNEXP,2036,0.1385
RE1,PWRTRNEXP,2037,0.1385
RE1,PWRTRNEXP,2038,0.2566
RE1,PWRTRNEXP,2039,0.3322
RE1,PWRTRNEXP,2040,0.4036
RE1,PWRTRNEXP,2041,0.4883
RE1,PWRTRNEXP,2042,0.5581
RE1,PWRTRNEXP,2043,0.6279
RE1,PWRTRNEXP,2044,0.697
RE1,PWRTRNEXP,2045,0.7667
RE1,PWRTRNEXP,2046,0.8148
RE1,PWRTRNEXP,2047,0.8283
RE1,PWRTRNEXP,2048,0.8714
RE1,PWRTRNEXP,2049,0.9194
RE1,PWRTRNEXP,2050,0.9306
RE1,PWRTRNEXP,2051,0.9695
RE1,PWRTRNEXP,2052,0.9695
RE1,PWRTRNEXP,2053,0.9695
RE1,PWRTRNEXP,2054,0.9695
RE1,PWRTRNEXP,2055,0.9595
RE1,PWRTRNEXP,2056,0.9139
RE1,PWRTRNEXP,2057,0.8677
RE1,PWRTRNEXP,2058,0.821
RE1,PWRTRNEXP,2059,0.7739
RE1,PWRTRNEXP,2060,0.7261
RE1,PWRTRNEXP,2061,0.6779
RE1,PWRTRNEXP,2062,0.6291
RE1,PWRTRNEXP,2063,0.5798
RE1,PWRTRNEXP,2064,0.5299
RE1,PWRTRNEXP,2065,0.4848
RE1,PWRTRNEXP,2066,0.4848
RE1,PWRTRNEXP,2067,0.4848
RE1,PWRTRNEXP,2068,0.4848
RE1,PWRTRNEXP,2069,0.4848
RE1,PWRTRNEXP,2070,0.4848
RE1,DEMTRAMCYGSL,2015,6.6437
RE1,DEMTRAMCYGSL,2016,6.6437
RE1,DEMTRAMCYGSL,2017,6.6437
RE1,DEMTRAMCYGSL,2018,6.6437
RE1,DEMTRAMCYGSL,2019,6.6437
RE1,DEMTRAMCYGSL,2020,6.6437
RE1,DEMTRAMCYGSL,2021,6.6437
RE1,DEMTRAMCYGSL,2022,8.6223
RE1,DEMTRAMCYGSL,2023,8.7678
RE1,DEMTRAMCYGSL,2024,8.9132
RE1,DEMTRAMCYGSL,2025,9.0585
RE1,DEMTRAMCYGSL,2026,9.2205
RE1,DEMTRAMCYGSL,2027,9.3824
RE1,DEMTRAMCYGSL,2028,9.5442
RE1,DEMTRAMCYGSL,2029,9.7061
RE1,DEMTRAMCYGSL,2030,9.8679
RE1,DEMTRAMCYGSL,2031,10.0018
RE1,DEMTRAMCYGSL,2032,10.1357
RE1,DEMTRAMCYGSL,2033,10.2695
RE1,DEMTRAMCYGSL,2034,13.2942
RE1,DEMTRAMCYGSL,2035,13.2942
RE1,DEMTRAMCYGSL,2036,13.2942
RE1,DEMTRAMCYGSL,2037,11.3156
RE1,DEMTRAMCYGSL,2038,11.1702
RE1,DEMTRAMCYGSL,2039,11.0248
RE1,DEMTRAMCYGSL,2040,11.1466
RE1,DEMTRAMCYGSL,2041,11.2626
RE1,DEMTRAMCYGSL,2042,11.3786
RE1,DEMTRAMCYGSL,2043,11.4945
RE1,DEMTRAMCYGSL,2044,11.6105
RE1,DEMTRAMCYGSL,2045,11.7264
RE1,DEMTRAMCYGSL,2046,11.817
RE1,DEMTRAMCYGSL,2047,11.9077
RE1,DEMTRAMCYGSL,2048,11.9983
RE1,DEMTRAMCYGSL,2049,12.089
RE1,DEMTRAMCYGSL,2050,12.1796
RE1,DEMTRAMCYGSL,2051,12.2723
RE1,DEMTRAMCYGSL,2052,12.3658
RE1,DEMTRAMCYGSL,2053,12.46
RE1,DEMTRAMCYGSL,2054,12.5549
RE1,DEMTRAMCYGSL,2055,12.6506
RE1,DEMTRAMCYGSL,2056,12.747
RE1,DEMTRAMCYGSL,2057,12.8441
RE1,DEMTRAMCYGSL,2058,12.942
RE1,DEMTRAMCYGSL,2059,13.0407
RE1,DEMTRAMCYGSL,2060,13.1401
RE1,DEMTRAMCYGSL,2061,13.2403
RE1,DEMTRAMCYGSL,2062,13.3412
RE1,DEMTRAMCYGSL,2063,13.443
RE1,DEMTRAMCYGSL,2064,13.5455
RE1,DEMTRAMCYGSL,2065,13.6488
RE1,DEMTRAMCYGSL,2066,13.7529
RE1,DEMTRAMCYGSL,2067,13.8579
RE1,DEMTRAMCYGSL,2068,13.9636
RE1,DEMTRAMCYGSL,2069,14.0701
RE1,DEMTRAMCYGSL,2070,14.1775
RE1,DEMTRACARGSL,2015,15.117
RE1,DEMTRACARGSL,2016,20.5201
RE1,DEMTRACARGSL,2017,20.5201
RE1,DEMTRACARGSL,2018,20.5201
RE1,DEMTRACARGSL,2019,20.5201
RE1,DEMTRACARGSL,2020,20.5201
RE1,DEMTRACARGSL,2021,20.5201
RE1,DEMTRACARGSL,2022,20.5201
RE1,DEMTRACARGSL,2023,20.5201
RE1,DEMTRACARGSL,2024,20.5201
RE1,DEMTRACARGSL,2025,20.5201
RE1,DEMTRACARGSL,2026,20.5201
RE1,DEMTRACARGSL,2027,20.5201
RE1,DEMTRACARGSL,2028,20.5201
RE1,DEMTRACARGSL,2029,44.4853
RE1,DEMTRACARGSL,2030,44.4853
RE1,DEMTRACARGSL,2031,44.4853
RE1,DEMTRACARGSL,2032,44.4853
RE1,DEMTRACARGSL,2033,44.4853
RE1,DEMTRACARGSL,2034,44.4853
RE1,DEMTRACARGSL,2035,29.3683
RE1,DEMTRACARGSL,2036,23.9653
RE1,DEMTRACARGSL,2037,23.9653
RE1,DEMTRACARGSL,2038,23.9653
RE1,DEMTRACARGSL,2039,23.9653
RE1,DEMTRACARGSL,2040,23.9653
RE1,DEMTRACARGSL,2041,24.2146
RE1,DEMTRACARGSL,2042,24.4639
RE1,DEMTRACARGSL,2043,24.7132
RE1,DEMTRACARGSL,2044,24.9625
RE1,DEMTRACARGSL,2045,25.2117
RE1,DEMTRACARGSL,2046,25.4066
RE1,DEMTRACARGSL,2047,25.6015
RE1,DEMTRACARGSL,2048,25.7964
RE1,DEMTRACARGSL,2049,26.5865
RE1,DEMTRACARGSL,2050,26.5865
RE1,DEMTRACARGSL,2051,26.5865
RE1,DEMTRACARGSL,2052,26.5865
RE1,DEMTRACARGSL,2053,26.789
RE1,DEMTRACARGSL,2054,26.9931
RE1,DEMTRACARGSL,2055,27.1987
RE1,DEMTRACARGSL,2056,27.406
RE1,DEMTRACARGSL,2057,27.6148
RE1,DEMTRACARGSL,2058,27.8253
RE1,DEMTRACARGSL,2059,28.0374
RE1,DEMTRACARGSL,2060,28.2512
RE1,DEMTRACARGSL,2061,28.4665
RE1,DEMTRACARGSL,2062,28.6836
RE1,DEMTRACARGSL,2063,28.9024
RE1,DEMTRACARGSL,2064,29.1228
RE1,DEMTRACARGSL,2065,29.3449
RE1,DEMTRACARGSL,2066,29.5688
RE1,DEMTRACARGSL,2067,29.7944
RE1,DEMTRACARGSL,2068,30.0217
RE1,DEMTRACARGSL,2069,30.2508
RE1,DEMTRACARGSL,2070,30.4817
RE1,DEMTRABUSGSL,2015,12.2909
RE1,DEMTRABUSGSL,2016,12.2909
RE1,DEMTRABUSGSL,2017,12.2909
RE1,DEMTRABUSGSL,2018,12.2909
RE1,DEMTRABUSGSL,2019,12.2909
RE1,DEMTRABUSGSL,2020,12.2909
RE1,DEMTRABUSGSL,2021,12.2909
RE1,DEMTRABUSGSL,2022,16.2154
RE1,DEMTRABUSGSL,2023,16.2204
RE1,DEMTRABUSGSL,2024,16.8
RE1,DEMTRABUSGSL,2025,17.2626
RE1,DEMTRABUSGSL,2026,17.2626
RE1,DEMTRABUSGSL,2027,17.3574
RE1,DEMTRABUSGSL,2028,17.6568
RE1,DEMTRABUSGSL,2029,17.9562
RE1,DEMTRABUSGSL,2030,18.2556
RE1,DEMTRABUSGSL,2031,18.5033
RE1,DEMTRABUSGSL,2032,18.751
RE1,DEMTRABUSGSL,2033,18.9986
RE1,DEMTRABUSGSL,2034,19.2461
RE1,DEMTRABUSGSL,2035,20.3803
RE1,DEMTRABUSGSL,2036,20.3851
RE1,DEMTRABUSGSL,2037,20.3851
RE1,DEMTRABUSGSL,2038,20.3851
RE1,DEMTRABUSGSL,2039,20.3958
RE1,DEMTRABUSGSL,2040,20.6213
RE1,DEMTRABUSGSL,2041,20.8358
RE1,DEMTRABUSGSL,2042,21.0504
RE1,DEMTRABUSGSL,2043,21.2649
RE1,DEMTRABUSGSL,2044,21.4794
RE1,DEMTRABUSGSL,2045,21.6938
RE1,DEMTRABUSGSL,2046,21.8615
RE1,DEMTRABUSGSL,2047,22.0292
RE1,DEMTRABUSGSL,2048,22.1969
RE1,DEMTRABUSGSL,2049,22.3646
RE1,DEMTRABUSGSL,2050,22.5322
RE1,DEMTRABUSGSL,2051,22.7038
RE1,DEMTRABUSGSL,2052,22.8767
RE1,DEMTRABUSGSL,2053,23.051
RE1,DEMTRABUSGSL,2054,23.2266
RE1,DEMTRABUSGSL,2055,23.4036
RE1,DEMTRABUSGSL,2056,23.5819
RE1,DEMTRABUSGSL,2057,23.7616
RE1,DEMTRABUSGSL,2058,23.9427
RE1,DEMTRABUSGSL,2059,24.1252
RE1,DEMTRABUSGSL,2060,24.3091
RE1,DEMTRABUSGSL,2061,24.4945
RE1,DEMTRABUSGSL,2062,24.6812
RE1,DEMTRABUSGSL,2063,24.8695
RE1,DEMTRABUSGSL,2064,25.0591
RE1,DEMTRABUSGSL,2065,25.2503
RE1,DEMTRABUSGSL,2066,25.4429
RE1,DEMTRABUSGSL,2067,25.637
RE1,DEMTRABUSGSL,2068,25.8326
RE1,DEMTRABUSGSL,2069,26.0298
RE1,DEMTRABUSGSL,2070,26.2284
RE1,DEMINDELC,2015,13.1955
RE1,DEMINDELC,2016,13.1955
RE1,DEMINDELC,2017,13.1955
RE1,DEMINDELC,2018,13.1955
RE1,DEMINDELC,2019,13.1955
RE1,DEMINDELC,2020,13.1955
RE1,DEMINDELC,2021,13.1955
RE1,DEMINDELC,2022,14.9965
RE1,DEMINDELC,2023,15.4247
RE1,DEMINDELC,2024,15.8529
RE1,DEMINDELC,2025,16.2811
RE1,DEMINDELC,2026,16.7438
RE1,DEMINDELC,2027,17.2066
RE1,DEMINDELC,2028,17.6693
RE1,DEMINDELC,2029,18.132
RE1,DEMINDELC,2030,18.5948
RE1,DEMINDELC,2031,19.1237
RE1,DEMINDELC,2032,19.6526
RE1,DEMINDELC,2033,20.1815
RE1,DEMINDELC,2034,20.7104
RE1,DEMINDELC,2035,21.2393
RE1,DEMINDELC,2036,21.665
RE1,DEMINDELC,2037,22.0908
RE1,DEMINDELC,2038,22.5166
RE1,DEMINDELC,2039,22.9424
RE1,DEMINDELC,2040,23.3682
RE1,DEMINDELC,2041,23.7852
RE1,DEMINDELC,2042,24.2022
RE1,DEMINDELC,2043,24.6191
RE1,DEMINDELC,2044,25.0361
RE1,DEMINDELC,2045,25.453
RE1,DEMINDELC,2046,25.7433
RE1,DEMINDELC,2047,26.0337
RE1,DEMINDELC,2048,26.324
RE1,DEMINDELC,2049,26.6143
RE1,DEMINDELC,2050,26.9047
RE1,DEMINDELC,2051,27.2048
RE1,DEMINDELC,2052,27.5082
RE1,DEMINDELC,2053,27.8151
RE1,DEMINDELC,2054,28.1254
RE1,DEMINDELC,2055,28.4391
RE1,DEMINDELC,2056,28.7563
RE1,DEMINDELC,2057,29.0771
RE1,DEMINDELC,2058,29.4015
RE1,DEMINDELC,2059,29.7294
RE1,DEMINDELC,2060,30.0611
RE1,DEMINDELC,2061,30.3964
RE1,DEMINDELC,2062,30.7355
RE1,DEMINDELC,2063,31.0783
RE1,DEMINDELC,2064,31.425
RE1,DEMINDELC,2065,31.7755
RE1,DEMINDELC,2066,32.13
RE1,DEMINDELC,2067,32.4884
RE1,DEMINDELC,2068,32.8508
RE1,DEMINDELC,2069,33.2172
RE1,DEMINDELC,2070,33.5878
RE1,DEMINDHEBIO,2015,15.3253
RE1,DEMINDHEBIO,2016,15.3253
RE1,DEMINDHEBIO,2017,15.3253
RE1,DEMINDHEBIO,2018,15.3253
RE1,DEMINDHEBIO,2019,15.3253
RE1,DEMINDHEBIO,2020,15.3253
RE1,DEMINDHEBIO,2021,15.3253
RE1,DEMINDHEBIO,2022,17.1674
RE1,DEMINDHEBIO,2023,17.4148
RE1,DEMINDHEBIO,2024,17.6619
RE1,DEMINDHEBIO,2025,17.9087
RE1,DEMINDHEBIO,2026,18.1811
RE1,DEMINDHEBIO,2027,18.4532
RE1,DEMINDHEBIO,2028,18.725
RE1,DEMINDHEBIO,2029,18.9964
RE1,DEMINDHEBIO,2030,19.2676
RE1,DEMINDHEBIO,2031,19.5121
RE1,DEMINDHEBIO,2032,19.7561
RE1,DEMINDHEBIO,2033,19.9997
RE1,DEMINDHEBIO,2034,20.2428
RE1,DEMINDHEBIO,2035,20.4856
RE1,DEMINDHEBIO,2036,20.6987
RE1,DEMINDHEBIO,2037,20.9116
RE1,DEMINDHEBIO,2038,21.1243
RE1,DEMINDHEBIO,2039,21.3367
RE1,DEMINDHEBIO,2040,21.549
RE1,DEMINDHEBIO,2041,21.7701
RE1,DEMINDHEBIO,2042,21.9911
RE1,DEMINDHEBIO,2043,22.212
RE1,DEMINDHEBIO,2044,22.4327
RE1,DEMINDHEBIO,2045,22.6533
RE1,DEMINDHEBIO,2046,22.8229
RE1,DEMINDHEBIO,2047,22.9925
RE1,DEMINDHEBIO,2048,23.1619
RE1,DEMINDHEBIO,2049,23.3313
RE1,DEMINDHEBIO,2050,23.5007
RE1,DEMINDHEBIO,2051,23.6741
RE1,DEMINDHEBIO,2052,23.8487
RE1,DEMINDHEBIO,2053,24.0248
RE1,DEMINDHEBIO,2054,24.2021
RE1,DEMINDHEBIO,2055,24.3808
RE1,DEMINDHEBIO,2056,24.5608
RE1,DEMINDHEBIO,2057,24.7423
RE1,DEMINDHEBIO,2058,24.9251
RE1,DEMINDHEBIO,2059,25.1093
RE1,DEMINDHEBIO,2060,25.2949
RE1,DEMINDHEBIO,2061,25.4819
RE1,DEMINDHEBIO,2062,25.6703
RE1,DEMINDHEBIO,2063,25.8602
RE1,DEMINDHEBIO,2064,26.0515
RE1,DEMINDHEBIO,2065,26.2443
RE1,DEMINDHEBIO,2066,26.4385
RE1,DEMINDHEBIO,2067,26.6342
RE1,DEMINDHEBIO,2068,26.8315
RE1,DEMINDHEBIO,2069,27.0302
RE1,DEMINDHEBIO,2070,27.2304
RE1,DEMRESELC,2015,5.0879
RE1,DEMRESELC,2016,5.0879
RE1,DEMRESELC,2017,5.0879
RE1,DEMRESELC,2018,5.0879
RE1,DEMRESELC,2019,5.0879
RE1,DEMRESELC,2020,5.0879
RE1,DEMRESELC,2021,5.0879
RE1,DEMRESELC,2022,7.4863
RE1,DEMRESELC,2023,7.7
RE1,DEMRESELC,2024,7.9138
RE1,DEMRESELC,2025,8.1276
RE1,DEMRESELC,2026,8.3586
RE1,DEMRESELC,2027,8.5896
RE1,DEMRESELC,2028,8.8206
RE1,DEMRESELC,2029,9.0516
RE1,DEMRESELC,2030,9.2826
RE1,DEMRESELC,2031,9.5466
RE1,DEMRESELC,2032,9.8106
RE1,DEMRESELC,2033,10.0746
RE1,DEMRESELC,2034,10.3387
RE1,DEMRESELC,2035,10.6027
RE1,DEMRESELC,2036,10.8152
RE1,DEMRESELC,2037,11.0278
RE1,DEMRESELC,2038,11.2404
RE1,DEMRESELC,2039,11.4529
RE1,DEMRESELC,2040,11.6655
RE1,DEMRESELC,2041,11.8736
RE1,DEMRESELC,2042,12.0818
RE1,DEMRESELC,2043,12.2899
RE1,DEMRESELC,2044,12.4981
RE1,DEMRESELC,2045,12.7062
RE1,DEMRESELC,2046,12.8511
RE1,DEMRESELC,2047,12.9961
RE1,DEMRESELC,2048,13.141
RE1,DEMRESELC,2049,13.2859
RE1,DEMRESELC,2050,13.4309
RE1,DEMRESELC,2051,13.5807
RE1,DEMRESELC,2052,13.7322
RE1,DEMRESELC,2053,13.8854
RE1,DEMRESELC,2054,14.0403
RE1,DEMRESELC,2055,14.1969
RE1,DEMRESELC,2056,14.3552
RE1,DEMRESELC,2057,14.5154
RE1,DEMRESELC,2058,14.6773
RE1,DEMRESELC,2059,14.841
RE1,DEMRESELC,2060,15.0066
RE1,DEMRESELC,2061,15.174
RE1,DEMRESELC,2062,15.3432
RE1,DEMRESELC,2063,15.5144
RE1,DEMRESELC,2064,15.6874
RE1,DEMRESELC,2065,15.8624
RE1,DEMRESELC,2066,16.0394
RE1,DEMRESELC,2067,16.2183
RE1,DEMRESELC,2068,16.3992
RE1,DEMRESELC,2069,16.5821
RE1,DEMRESELC,2070,16.7671
RE1,DEMRESCKNELC,2015,1.7885
RE1,DEMRESCKNELC,2016,1.7002
RE1,DEMRESCKNELC,2017,1.7252
RE1,DEMRESCKNELC,2018,1.7871
RE1,DEMRESCKNELC,2019,1.6977
RE1,DEMRESCKNELC,2020,1.6084
RE1,DEMRESCKNELC,2021,1.519
RE1,DEMRESCKNELC,2022,1.4297
RE1,DEMRESCKNELC,2023,1.3403
RE1,DEMRESCKNELC,2024,1.251
RE1,DEMRESCKNELC,2025,1.1616
RE1,DEMRESCKNELC,2026,1.0722
RE1,DEMRESCKNELC,2027,0.9829
RE1,DEMRESCKNELC,2028,0.8935
RE1,DEMRESCKNELC,2029,0.8042
RE1,DEMRESCKNELC,2030,0.7148
RE1,DEMRESCKNELC,2031,0.6255
RE1,DEMRESCKNELC,2032,0.5361
RE1,DEMRESCKNELC,2033,0.4468
RE1,DEMRESCKNELC,2034,0.3574
RE1,DEMRESCKNELC,2035,0.2681
RE1,DEMRESCKNELC,2036,0.1787
RE1,DEMRESCKNELC,2037,0.0894
RE1,DEMRESCKNOIL,2015,59.8163
RE1,DEMRESCKNOIL,2016,56.8634
RE1,DEMRESCKNOIL,2017,57.7007
RE1,DEMRESCKNOIL,2018,59.7694
RE1,DEMRESCKNOIL,2019,56.7809
RE1,DEMRESCKNOIL,2020,53.7924
RE1,DEMRESCKNOIL,2021,50.804
RE1,DEMRESCKNOIL,2022,47.8155
RE1,DEMRESCKNOIL,2023,44.827
RE1,DEMRESCKNOIL,2024,41.8386
RE1,DEMRESCKNOIL,2025,38.8501
RE1,DEMRESCKNOIL,2026,35.8616
RE1,DEMRESCKNOIL,2027,36.5616
RE1,DEMRESCKNOIL,2028,37.289
RE1,DEMRESCKNOIL,2029,38.0152
RE1,DEMRESCKNOIL,2030,38.7404
RE1,DEMRESCKNOIL,2031,39.412
RE1,DEMRESCKNOIL,2032,40.0818
RE1,DEMRESCKNOIL,2033,40.75
RE1,DEMRESCKNOIL,2034,41.4167
RE1,DEMRESCKNOIL,2035,42.0818
RE1,DEMRESCKNOIL,2036,42.6723
RE1,DEMRESCKNOIL,2037,43.2619
RE1,DEMRESCKNOIL,2038,43.8507
RE1,DEMRESCKNOIL,2039,44.3493
RE1,DEMRESCKNOIL,2040,44.8472
RE1,DEMRESCKNOIL,2041,45.3443
RE1,DEMRESCKNOIL,2042,45.8408
RE1,DEMRESCKNOIL,2043,46.3368
RE1,DEMRESCKNOIL,2044,46.8323
RE1,DEMRESCKNOIL,2045,47.3273
RE1,DEMRESCKNOIL,2046,47.7024
RE1,DEMRESCKNOIL,2047,48.0773
RE1,DEMRESCKNOIL,2048,48.452
RE1,DEMRESCKNOIL,2049,48.8264
RE1,DEMRESCKNOIL,2050,49.2006
RE1,DEMRESCKNOIL,2051,49.5841
RE1,DEMRESCKNOIL,2052,49.9706
RE1,DEMRESCKNOIL,2053,50.36
RE1,DEMRESCKNOIL,2054,50.7525
RE1,DEMRESCKNOIL,2055,51.1481
RE1,DEMRESCKNOIL,2056,51.5467
RE1,DEMRESCKNOIL,2057,51.9485
RE1,DEMRESCKNOIL,2058,52.3534
RE1,DEMRESCKNOIL,2059,52.7614
RE1,DEMRESCKNOIL,2060,53.1726
RE1,DEMRESCKNOIL,2061,53.5871
RE1,DEMRESCKNOIL,2062,54.0047
RE1,DEMRESCKNOIL,2063,54.4256
RE1,DEMRESCKNOIL,2064,54.8498
RE1,DEMRESCKNOIL,2065,55.2773
RE1,DEMRESCKNOIL,2066,55.7082
RE1,DEMRESCKNOIL,2067,56.1424
RE1,DEMRESCKNOIL,2068,56.5799
RE1,DEMRESCKNOIL,2069,57.0209
RE1,DEMRESCKNOIL,2070,57.4653
RE1,DEMRESCKNBIO,2015,55.4578
RE1,DEMRESCKNBIO,2016,52.7201
RE1,DEMRESCKNBIO,2017,53.4964
RE1,DEMRESCKNBIO,2018,55.4143
RE1,DEMRESCKNBIO,2019,52.6436
RE1,DEMRESCKNBIO,2020,49.8729
RE1,DEMRESCKNBIO,2021,47.1022
RE1,DEMRESCKNBIO,2022,44.3314
RE1,DEMRESCKNBIO,2023,41.5607
RE1,DEMRESCKNBIO,2024,38.79
RE1,DEMRESCKNBIO,2025,36.0193
RE1,DEMRESCKNBIO,2026,33.2486
RE1,DEMRESCKNBIO,2027,30.4779
RE1,DEMRESCKNBIO,2028,27.7072
RE1,DEMRESCKNBIO,2029,24.9364
RE1,DEMRESCKNBIO,2030,23.0728
RE1,DEMRESCKNBIO,2031,23.4133
RE1,DEMRESCKNBIO,2032,23.7528
RE1,DEMRESCKNBIO,2033,24.0913
RE1,DEMRESCKNBIO,2034,24.4289
RE1,DEMRESCKNBIO,2035,24.7656
RE1,DEMRESCKNBIO,2036,25.0587
RE1,DEMRESCKNBIO,2037,25.3512
RE1,DEMRESCKNBIO,2038,25.6433
RE1,DEMRESCKNBIO,2039,25.9349
RE1,DEMRESCKNBIO,2040,26.226
RE1,DEMRESCKNBIO,2041,26.5167
RE1,DEMRESCKNBIO,2042,26.8071
RE1,DEMRESCKNBIO,2043,27.0971
RE1,DEMRESCKNBIO,2044,27.3869
RE1,DEMRESCKNBIO,2045,27.6764
RE1,DEMRESCKNBIO,2046,27.8957
RE1,DEMRESCKNBIO,2047,28.1149
RE1,DEMRESCKNBIO,2048,28.334
RE1,DEMRESCKNBIO,2049,28.553
RE1,DEMRESCKNBIO,2050,28.7718
RE1,DEMRESCKNBIO,2051,28.9961
RE1,DEMRESCKNBIO,2052,29.2221
RE1,DEMRESCKNBIO,2053,29.4498
RE1,DEMRESCKNBIO,2054,29.6794
RE1,DEMRESCKNBIO,2055,29.9107
RE1,DEMRESCKNBIO,2056,30.1438
RE1,DEMRESCKNBIO,2057,30.3788
RE1,DEMRESCKNBIO,2058,30.6155
RE1,DEMRESCKNBIO,2059,30.8541
RE1,DEMRESCKNBIO,2060,31.0946
RE1,DEMRESCKNBIO,2061,31.337
RE1,DEMRESCKNBIO,2062,31.5812
RE1,DEMRESCKNBIO,2063,31.8274
RE1,DEMRESCKNBIO,2064,32.0754
RE1,DEMRESCKNBIO,2065,32.3254
RE1,DEMRESCKNBIO,2066,32.5774
RE1,DEMRESCKNBIO,2067,32.8313
RE1,DEMRESCKNBIO,2068,33.0872
RE1,DEMRESCKNBIO,2069,33.345
RE1,DEMRESCKNBIO,2070,33.6049
RE1,DEMRESHEBIO,2015,2.5184
RE1,DEMRESHEBIO,2016,2.5184
RE1,DEMRESHEBIO,2017,2.5184
RE1,DEMRESHEBIO,2018,2.5184
RE1,DEMRESHEBIO,2019,2.5184
RE1,DEMRESHEBIO,2020,2.5184
RE1,DEMRESHEBIO,2021,2.5184
RE1,DEMRESHEBIO,2022,3.6621
RE1,DEMRESHEBIO,2023,3.7244
RE1,DEMRESHEBIO,2024,3.7865
RE1,DEMRESHEBIO,2025,3.8486
RE1,DEMRESHEBIO,2026,3.9165
RE1,DEMRESHEBIO,2027,3.9844
RE1,DEMRESHEBIO,2028,4.0521
RE1,DEMRESHEBIO,2029,4.1197
RE1,DEMRESHEBIO,2030,4.1871
RE1,DEMRESHEBIO,2031,4.2489
RE1,DEMRESHEBIO,2032,4.3105
RE1,DEMRESHEBIO,2033,4.372
RE1,DEMRESHEBIO,2034,4.4332
RE1,DEMRESHEBIO,2035,4.4943
RE1,DEMRESHEBIO,2036,4.5475
RE1,DEMRESHEBIO,2037,4.6006
RE1,DEMRESHEBIO,2038,4.6536
RE1,DEMRESHEBIO,2039,4.7065
RE1,DEMRESHEBIO,2040,4.7594
RE1,DEMRESHEBIO,2041,4.8121
RE1,DEMRESHEBIO,2042,4.8648
RE1,DEMRESHEBIO,2043,4.9175
RE1,DEMRESHEBIO,2044,4.97
RE1,DEMRESHEBIO,2045,5.0226
RE1,DEMRESHEBIO,2046,5.0624
RE1,DEMRESHEBIO,2047,5.1022
RE1,DEMRESHEBIO,2048,5.1419
RE1,DEMRESHEBIO,2049,5.1817
RE1,DEMRESHEBIO,2050,5.2214
RE1,DEMRESHEBIO,2051,5.2621
RE1,DEMRESHEBIO,2052,5.3031
RE1,DEMRESHEBIO,2053,5.3444
RE1,DEMRESHEBIO,2054,5.3861
RE1,DEMRESHEBIO,2055,5.428
RE1,DEMRESHEBIO,2056,5.4703
RE1,DEMRESHEBIO,2057,5.513
RE1,DEMRESHEBIO,2058,5.556
RE1,DEMRESHEBIO,2059,5.5993
RE1,DEMRESHEBIO,2060,5.6429
RE1,DEMRESHEBIO,2061,5.6869
RE1,DEMRESHEBIO,2062,5.7312
RE1,DEMRESHEBIO,2063,5.7759
RE1,DEMRESHEBIO,2064,5.8209
RE1,DEMRESHEBIO,2065,5.8663
RE1,DEMRESHEBIO,2066,5.912
RE1,DEMRESHEBIO,2067,5.9581
RE1,DEMRESHEBIO,2068,6.0045
RE1,DEMRESHEBIO,2069,6.0513
RE1,DEMRESHEBIO,2070,6.0985
RE1,DEMCOMELC,2015,5.2456
RE1,DEMCOMELC,2016,5.2456
RE1,DEMCOMELC,2017,5.2456
RE1,DEMCOMELC,2018,5.2456
RE1,DEMCOMELC,2019,5.2456
RE1,DEMCOMELC,2020,5.2456
RE1,DEMCOMELC,2021,5.2456
RE1,DEMCOMELC,2022,7.7374
RE1,DEMCOMELC,2023,7.9583
RE1,DEMCOMELC,2024,8.1793
RE1,DEMCOMELC,2025,8.4002
RE1,DEMCOMELC,2026,8.639
RE1,DEMCOMELC,2027,8.8777
RE1,DEMCOMELC,2028,9.1165
RE1,DEMCOMELC,2029,9.3552
RE1,DEMCOMELC,2030,9.594
RE1,DEMCOMELC,2031,9.8668
RE1,DEMCOMELC,2032,10.1397
RE1,DEMCOMELC,2033,10.4126
RE1,DEMCOMELC,2034,10.6855
RE1,DEMCOMELC,2035,10.9584
RE1,DEMCOMELC,2036,11.1781
RE1,DEMCOMELC,2037,11.3977
RE1,DEMCOMELC,2038,11.6174
RE1,DEMCOMELC,2039,11.8371
RE1,DEMCOMELC,2040,12.0568
RE1,DEMCOMELC,2041,12.2719
RE1,DEMCOMELC,2042,12.4871
RE1,DEMCOMELC,2043,12.7022
RE1,DEMCOMELC,2044,12.9173
RE1,DEMCOMELC,2045,13.1325
RE1,DEMCOMELC,2046,13.2823
RE1,DEMCOMELC,2047,13.432
RE1,DEMCOMELC,2048,13.5818
RE1,DEMCOMELC,2049,13.7316
RE1,DEMCOMELC,2050,13.8814
RE1,DEMCOMELC,2051,14.0363
RE1,DEMCOMELC,2052,14.1929
RE1,DEMCOMELC,2053,14.3512
RE1,DEMCOMELC,2054,14.5113
RE1,DEMCOMELC,2055,14.6731
RE1,DEMCOMELC,2056,14.8368
RE1,DEMCOMELC,2057,15.0023
RE1,DEMCOMELC,2058,15.1697
RE1,DEMCOMELC,2059,15.3389
RE1,DEMCOMELC,2060,15.51
RE1,DEMCOMELC,2061,15.683
RE1,DEMCOMELC,2062,15.8579
RE1,DEMCOMELC,2063,16.0348
RE1,DEMCOMELC,2064,16.2137
RE1,DEMCOMELC,2065,16.3945
RE1,DEMCOMELC,2066,16.5774
RE1,DEMCOMELC,2067,16.7623
RE1,DEMCOMELC,2068,16.9493
RE1,DEMCOMELC,2069,17.1384
RE1,DEMCOMELC,2070,17.3296
RE1,DEMCOMHEBIO,2015,1.2142
RE1,DEMCOMHEBIO,2016,1.2142
RE1,DEMCOMHEBIO,2017,1.2142
RE1,DEMCOMHEBIO,2018,1.2142
RE1,DEMCOMHEBIO,2019,1.2142
RE1,DEMCOMHEBIO,2020,1.2142
RE1,DEMCOMHEBIO,2021,1.2142
RE1,DEMCOMHEBIO,2022,1.7705
RE1,DEMCOMHEBIO,2023,1.8012
RE1,DEMCOMHEBIO,2024,1.8318
RE1,DEMCOMHEBIO,2025,1.8625
RE1,DEMCOMHEBIO,2026,1.8972
RE1,DEMCOMHEBIO,2027,1.9319
RE1,DEMCOMHEBIO,2028,1.9667
RE1,DEMCOMHEBIO,2029,2.0014
RE1,DEMCOMHEBIO,2030,2.0361
RE1,DEMCOMHEBIO,2031,2.0647
RE1,DEMCOMHEBIO,2032,2.0933
RE1,DEMCOMHEBIO,2033,2.1219
RE1,DEMCOMHEBIO,2034,2.1505
RE1,DEMCOMHEBIO,2035,2.1791
RE1,DEMCOMHEBIO,2036,2.2054
RE1,DEMCOMHEBIO,2037,2.2317
RE1,DEMCOMHEBIO,2038,2.2581
RE1,DEMCOMHEBIO,2039,2.2844
RE1,DEMCOMHEBIO,2040,2.3107
RE1,DEMCOMHEBIO,2041,2.3354
RE1,DEMCOMHEBIO,2042,2.3601
RE1,DEMCOMHEBIO,2043,2.3849
RE1,DEMCOMHEBIO,2044,2.4096
RE1,DEMCOMHEBIO,2045,2.4343
RE1,DEMCOMHEBIO,2046,2.4538
RE1,DEMCOMHEBIO,2047,2.4732
RE1,DEMCOMHEBIO,2048,2.4927
RE1,DEMCOMHEBIO,2049,2.5122
RE1,DEMCOMHEBIO,2050,2.5316
RE1,DEMCOMHEBIO,2051,2.5516
RE1,DEMCOMHEBIO,2052,2.5716
RE1,DEMCOMHEBIO,2053,2.5919
RE1,DEMCOMHEBIO,2054,2.6123
RE1,DEMCOMHEBIO,2055,2.6329
RE1,DEMCOMHEBIO,2056,2.6536
RE1,DEMCOMHEBIO,2057,2.6745
RE1,DEMCOMHEBIO,2058,2.6955
RE1,DEMCOMHEBIO,2059,2.7167
RE1,DEMCOMHEBIO,2060,2.7381
RE1,DEMCOMHEBIO,2061,2.7597
RE1,DEMCOMHEBIO,2062,2.7814
RE1,DEMCOMHEBIO,2063,2.8033
RE1,DEMCOMHEBIO,2064,2.8254
RE1,DEMCOMHEBIO,2065,2.8476
RE1,DEMCOMHEBIO,2066,2.87
RE1,DEMCOMHEBIO,2067,2.8926
RE1,DEMCOMHEBIO,2068,2.9154
RE1,DEMCOMHEBIO,2069,2.9383
RE1,DEMCOMHEBIO,2070,2.9615
RE1,DEMINDHECOA,2015,22.988
RE1,DEMINDHECOA,2016,22.988
RE1,DEMINDHECOA,2017,22.988
RE1,DEMINDHECOA,2018,22.988
RE1,DEMINDHECOA,2019,22.988
RE1,DEMINDHECOA,2020,22.988
RE1,DEMINDHECOA,2021,22.988
RE1,DEMINDHECOA,2022,25.7511
RE1,DEMINDHECOA,2023,26.1222
RE1,DEMINDHECOA,2024,26.4929
RE1,DEMINDHECOA,2025,26.863
RE1,DEMINDHECOA,2026,27.2717
RE1,DEMINDHECOA,2027,27.6798
RE1,DEMINDHECOA,2028,28.0875
RE1,DEMINDHECOA,2029,28.4947
RE1,DEMINDHECOA,2030,28.9014
RE1,DEMINDHECOA,2031,29.2682
RE1,DEMINDHECOA,2032,29.6342
RE1,DEMINDHECOA,2033,29.9995
RE1,DEMINDHECOA,2034,30.3642
RE1,DEMINDHECOA,2035,30.7284
RE1,DEMINDHECOA,2036,31.048
RE1,DEMINDHECOA,2037,31.3674
RE1,DEMINDHECOA,2038,31.6864
RE1,DEMINDHECOA,2039,32.0051
RE1,DEMINDHECOA,2040,32.3235
RE1,DEMINDHECOA,2041,32.6552
RE1,DEMINDHECOA,2042,32.9867
RE1,DEMINDHECOA,2043,33.318
RE1,DEMINDHECOA,2044,33.6491
RE1,DEMINDHECOA,2045,33.98
RE1,DEMINDHECOA,2046,34.2344
RE1,DEMINDHECOA,2047,34.4887
RE1,DEMINDHECOA,2048,34.7429
RE1,DEMINDHECOA,2049,34.997
RE1,DEMINDHECOA,2050,35.2511
RE1,DEMINDHECOA,2051,35.5111
RE1,DEMINDHECOA,2052,35.7731
RE1,DEMINDHECOA,2053,36.0371
RE1,DEMINDHECOA,2054,36.3031
RE1,DEMINDHECOA,2055,36.5712
RE1,DEMINDHECOA,2056,36.8413
RE1,DEMINDHECOA,2057,37.1134
RE1,DEMINDHECOA,2058,37.3876
RE1,DEMINDHECOA,2059,37.6639
RE1,DEMINDHECOA,2060,37.9423
RE1,DEMINDHECOA,2061,38.2228
RE1,DEMINDHECOA,2062,38.5055
RE1,DEMINDHECOA,2063,38.7903
RE1,DEMINDHECOA,2064,39.0773
RE1,DEMINDHECOA,2065,39.3664
RE1,DEMINDHECOA,2066,39.6578
RE1,DEMINDHECOA,2067,39.9514
RE1,DEMINDHECOA,2068,40.2472
RE1,DEMINDHECOA,2069,40.5453
RE1,DEMINDHECOA,2070,40.8456
