r,t,f,y,UseByTechnologyAnnual
RE1,DEMCOMELC,ELC003,2015,152.8569
RE1,DEMCOMELC,ELC003,2016,152.8569
RE1,DEMCOMELC,ELC003,2017,152.8569
RE1,DEMCOMELC,ELC003,2018,152.8569
RE1,DEMCOMELC,ELC003,2019,152.8569
RE1,DEMCOMELC,ELC003,2020,152.8569
RE1,DEMCOMELC,ELC003,2021,152.8569
RE1,DEMCOMELC,ELC003,2022,225.4689
RE1,DEMCOMELC,ELC003,2023,231.9071
RE1,DEMCOMELC,ELC003,2024,238.3453
RE1,DEMCOMELC,ELC003,2025,244.7836
RE1,DEMCOMELC,ELC003,2026,251.7406
RE1,DEMCOMELC,ELC003,2027,258.6977
RE1,DEMCOMELC,ELC003,2028,265.6548
RE1,DEMCOMELC,ELC003,2029,272.6118
RE1,DEMCOMELC,ELC003,2030,279.5689
RE1,DEMCOMELC,ELC003,2031,287.5207
RE1,DEMCOMELC,ELC003,2032,295.4726
RE1,DEMCOMELC,ELC003,2033,303.4244
RE1,DEMCOMELC,ELC003,2034,311.3763
RE1,DEMCOMELC,ELC003,2035,319.3281
RE1,DEMCOMELC,ELC003,2036,325.7299
RE1,DEMCOMELC,ELC003,2037,332.1317
RE1,DEMCOMELC,ELC003,2038,338.5335
RE1,DEMCOMELC,ELC003,2039,344.9353
RE1,DEMCOMELC,ELC003,2040,351.3371
RE1,DEMCOMELC,ELC003,2041,357.6059
RE1,DEMCOMELC,ELC003,2042,363.8748
RE1,DEMCOMELC,ELC003,2043,370.1436
RE1,DEMCOMELC,ELC003,2044,376.4125
RE1,DEMCOMELC,ELC003,2045,382.6814
RE1,DEMCOMELC,ELC003,2046,387.0464
RE1,DEMCOMELC,ELC003,2047,391.4115
RE1,DEMCOMELC,ELC003,2048,395.7765
RE1,DEMCOMELC,ELC003,2049,400.1416
RE1,DEMCOMELC,ELC003,2050,404.5066
RE1,DEMCOMELC,ELC003,2051,409.0188
RE1,DEMCOMELC,ELC003,2052,413.5814
RE1,DEMCOMELC,ELC003,2053,418.1948
RE1,DEMCOMELC,ELC003,2054,422.8597
RE1,DEMCOMELC,ELC003,2055,427.5766
RE1,DEMCOMELC,ELC003,2056,432.3462
RE1,DEMCOMELC,ELC003,2057,437.1689
RE1,DEMCOMELC,ELC003,2058,442.0455
RE1,DEMCOMELC,ELC003,2059,446.9764
RE1,DEMCOMELC,ELC003,2060,451.9624
RE1,DEMCOMELC,ELC003,2061,457.004
RE1,DEMCOMELC,ELC003,2062,462.1018
RE1,DEMCOMELC,ELC003,2063,467.2564
RE1,DEMCOMELC,ELC003,2064,472.4686
RE1,DEMCOMELC,ELC003,2065,477.7389
RE1,DEMCOMELC,ELC003,2066,483.068
RE1,DEMCOMELC,ELC003,2067,488.4566
RE1,DEMCOMELC,ELC003,2068,493.9052
RE1,DEMCOMELC,ELC003,2069,499.4147
RE1,DEMCOMELC,ELC003,2070,504.9856
RE1,DEMCOMHEBIO,BIO,2015,37.1452
RE1,DEMCOMHEBIO,BIO,2016,37.1452
RE1,DEMCOMHEBIO,BIO,2017,37.1452
RE1,DEMCOMHEBIO,BIO,2018,37.1452
RE1,DEMCOMHEBIO,BIO,2019,37.1452
RE1,DEMCOMHEBIO,BIO,2020,37.1452
RE1,DEMCOMHEBIO,BIO,2021,37.1452
RE1,DEMCOMHEBIO,BIO,2022,54.1632
RE1,DEMCOMHEBIO,BIO,2023,55.1005
RE1,DEMCOMHEBIO,BIO,2024,56.0377
RE1,DEMCOMHEBIO,BIO,2025,56.9749
RE1,DEMCOMHEBIO,BIO,2026,58.0376
RE1,DEMCOMHEBIO,BIO,2027,59.1002
RE1,DEMCOMHEBIO,BIO,2028,60.1628
RE1,DEMCOMHEBIO,BIO,2029,61.2255
RE1,DEMCOMHEBIO,BIO,2030,62.2882
RE1,DEMCOMHEBIO,BIO,2031,63.1627
RE1,DEMCOMHEBIO,BIO,2032,64.0372
RE1,DEMCOMHEBIO,BIO,2033,64.9117
RE1,DEMCOMHEBIO,BIO,2034,65.7862
RE1,DEMCOMHEBIO,BIO,2035,66.6607
RE1,DEMCOMHEBIO,BIO,2036,67.4661
RE1,DEMCOMHEBIO,BIO,2037,68.2713
RE1,DEMCOMHEBIO,BIO,2038,69.0767
RE1,DEMCOMHEBIO,BIO,2039,69.8821
RE1,DEMCOMHEBIO,BIO,2040,70.6874
RE1,DEMCOMHEBIO,BIO,2041,71.4435
RE1,DEMCOMHEBIO,BIO,2042,72.1996
RE1,DEMCOMHEBIO,BIO,2043,72.9557
RE1,DEMCOMHEBIO,BIO,2044,73.7118
RE1,DEMCOMHEBIO,BIO,2045,74.4679
RE1,DEMCOMHEBIO,BIO,2046,75.0634
RE1,DEMCOMHEBIO,BIO,2047,75.659
RE1,DEMCOMHEBIO,BIO,2048,76.2545
RE1,DEMCOMHEBIO,BIO,2049,76.85
RE1,DEMCOMHEBIO,BIO,2050,77.4455
RE1,DEMCOMHEBIO,BIO,2051,78.0551
RE1,DEMCOMHEBIO,BIO,2052,78.6696
RE1,DEMCOMHEBIO,BIO,2053,79.2889
RE1,DEMCOMHEBIO,BIO,2054,79.9131
RE1,DEMCOMHEBIO,BIO,2055,80.5421
RE1,DEMCOMHEBIO,BIO,2056,81.1761
RE1,DEMCOMHEBIO,BIO,2057,81.8151
RE1,DEMCOMHEBIO,BIO,2058,82.4591
RE1,DEMCOMHEBIO,BIO,2059,83.1083
RE1,DEMCOMHEBIO,BIO,2060,83.7626
RE1,DEMCOMHEBIO,BIO,2061,84.422
RE1,DEMCOMHEBIO,BIO,2062,85.0865
RE1,DEMCOMHEBIO,BIO,2063,85.7562
RE1,DEMCOMHEBIO,BIO,2064,86.4313
RE1,DEMCOMHEBIO,BIO,2065,87.1117
RE1,DEMCOMHEBIO,BIO,2066,87.7974
RE1,DEMCOMHEBIO,BIO,2067,88.4885
RE1,DEMCOMHEBIO,BIO,2068,89.1851
RE1,DEMCOMHEBIO,BIO,2069,89.8872
RE1,DEMCOMHEBIO,BIO,2070,90.5948
RE1,DEMINDELC,ELC003,2015,384.5179
RE1,DEMINDELC,ELC003,2016,384.5179
RE1,DEMINDELC,ELC003,2017,384.5179
RE1,DEMINDELC,ELC003,2018,384.5179
RE1,DEMINDELC,ELC003,2019,384.5179
RE1,DEMINDELC,ELC003,2020,384.5179
RE1,DEMINDELC,ELC003,2021,384.5179
RE1,DEMINDELC,ELC003,2022,436.9984
RE1,DEMINDELC,ELC003,2023,449.4769
RE1,DEMINDELC,ELC003,2024,461.9553
RE1,DEMINDELC,ELC003,2025,474.4337
RE1,DEMINDELC,ELC003,2026,487.9177
RE1,DEMINDELC,ELC003,2027,501.4017
RE1,DEMINDELC,ELC003,2028,514.8857
RE1,DEMINDELC,ELC003,2029,528.3698
RE1,DEMINDELC,ELC003,2030,541.8538
RE1,DEMINDELC,ELC003,2031,557.2659
RE1,DEMINDELC,ELC003,2032,572.6779
RE1,DEMINDELC,ELC003,2033,588.09
RE1,DEMINDELC,ELC003,2034,603.5021
RE1,DEMINDELC,ELC003,2035,618.9142
RE1,DEMINDELC,ELC003,2036,631.322
RE1,DEMINDELC,ELC003,2037,643.7298
RE1,DEMINDELC,ELC003,2038,656.1375
RE1,DEMINDELC,ELC003,2039,668.5453
RE1,DEMINDELC,ELC003,2040,680.9531
RE1,DEMINDELC,ELC003,2041,693.1033
RE1,DEMINDELC,ELC003,2042,705.2534
RE1,DEMINDELC,ELC003,2043,717.4036
RE1,DEMINDELC,ELC003,2044,729.5537
RE1,DEMINDELC,ELC003,2045,741.7039
RE1,DEMINDELC,ELC003,2046,750.1641
RE1,DEMINDELC,ELC003,2047,758.6244
RE1,DEMINDELC,ELC003,2048,767.0846
RE1,DEMINDELC,ELC003,2049,775.5448
RE1,DEMINDELC,ELC003,2050,784.0051
RE1,DEMINDELC,ELC003,2051,792.7505
RE1,DEMINDELC,ELC003,2052,801.5935
RE1,DEMINDELC,ELC003,2053,810.5352
RE1,DEMINDELC,ELC003,2054,819.5766
RE1,DEMINDELC,ELC003,2055,828.7188
RE1,DEMINDELC,ELC003,2056,837.9631
RE1,DEMINDELC,ELC003,2057,847.3104
RE1,DEMINDELC,ELC003,2058,856.762
RE1,DEMINDELC,ELC003,2059,866.3191
RE1,DEMINDELC,ELC003,2060,875.9827
RE1,DEMINDELC,ELC003,2061,885.7542
RE1,DEMINDELC,ELC003,2062,895.6346
RE1,DEMINDELC,ELC003,2063,905.6253
RE1,DEMINDELC,ELC003,2064,915.7274
RE1,DEMINDELC,ELC003,2065,925.9422
RE1,DEMINDELC,ELC003,2066,936.2709
RE1,DEMINDELC,ELC003,2067,946.7149
RE1,DEMINDELC,ELC003,2068,957.2754
RE1,DEMINDELC,ELC003,2069,967.9536
RE1,DEMINDELC,ELC003,2070,978.751
RE1,DEMINDHEBIO,BIO,2015,468.821
RE1,DEMINDHEBIO,BIO,2016,468.821
RE1,DEMINDHEBIO,BIO,2017,468.821
RE1,DEMINDHEBIO,BIO,2018,468.821
RE1,DEMINDHEBIO,BIO,2019,468.821
RE1,DEMINDHEBIO,BIO,2020,468.821
RE1,DEMINDHEBIO,BIO,2021,468.821
RE1,DEMINDHEBIO,BIO,2022,525.1725
RE1,DEMINDHEBIO,BIO,2023,532.741
RE1,DEMINDHEBIO,BIO,2024,540.2994
RE1,DEMINDHEBIO,BIO,2025,547.8484
RE1,DEMINDHEBIO,BIO,2026,556.1827
RE1,DEMINDHEBIO,BIO,2027,564.5065
RE1,DEMINDHEBIO,BIO,2028,572.8203
RE1,DEMINDHEBIO,BIO,2029,581.1247
RE1,DEMINDHEBIO,BIO,2030,589.42
RE1,DEMINDHEBIO,BIO,2031,596.8992
RE1,DEMINDHEBIO,BIO,2032,604.3638
RE1,DEMINDHEBIO,BIO,2033,611.8149
RE1,DEMINDHEBIO,BIO,2034,619.2529
RE1,DEMINDHEBIO,BIO,2035,626.6788
RE1,DEMINDHEBIO,BIO,2036,633.1984
RE1,DEMINDHEBIO,BIO,2037,639.711
RE1,DEMINDHEBIO,BIO,2038,646.2168
RE1,DEMINDHEBIO,BIO,2039,652.7162
RE1,DEMINDHEBIO,BIO,2040,659.2095
RE1,DEMINDHEBIO,BIO,2041,665.975
RE1,DEMINDHEBIO,BIO,2042,672.736
RE1,DEMINDHEBIO,BIO,2043,679.4926
RE1,DEMINDHEBIO,BIO,2044,686.2449
RE1,DEMINDHEBIO,BIO,2045,692.9931
RE1,DEMINDHEBIO,BIO,2046,698.1811
RE1,DEMINDHEBIO,BIO,2047,703.3673
RE1,DEMINDHEBIO,BIO,2048,708.5517
RE1,DEMINDHEBIO,BIO,2049,713.7343
RE1,DEMINDHEBIO,BIO,2050,718.9153
RE1,DEMINDHEBIO,BIO,2051,724.2186
RE1,DEMINDHEBIO,BIO,2052,729.5622
RE1,DEMINDHEBIO,BIO,2053,734.9465
RE1,DEMINDHEBIO,BIO,2054,740.3717
RE1,DEMINDHEBIO,BIO,2055,745.8382
RE1,DEMINDHEBIO,BIO,2056,751.3462
RE1,DEMINDHEBIO,BIO,2057,756.8962
RE1,DEMINDHEBIO,BIO,2058,762.4884
RE1,DEMINDHEBIO,BIO,2059,768.1232
RE1,DEMINDHEBIO,BIO,2060,773.8009
RE1,DEMINDHEBIO,BIO,2061,779.5219
RE1,DEMINDHEBIO,BIO,2062,785.2864
RE1,DEMINDHEBIO,BIO,2063,791.0947
RE1,DEMINDHEBIO,BIO,2064,796.9472
RE1,DEMINDHEBIO,BIO,2065,802.8444
RE1,DEMINDHEBIO,BIO,2066,808.7866
RE1,DEMINDHEBIO,BIO,2067,814.7739
RE1,DEMINDHEBIO,BIO,2068,820.807
RE1,DEMINDHEBIO,BIO,2069,826.8859
RE1,DEMINDHEBIO,BIO,2070,833.0112
RE1,DEMINDHECOA,COA,2015,711.9134
RE1,DEMINDHECOA,COA,2016,711.9134
RE1,DEMINDHECOA,COA,2017,711.9134
RE1,DEMINDHECOA,COA,2018,711.9134
RE1,DEMINDHECOA,COA,2019,711.9134
RE1,DEMINDHECOA,COA,2020,711.9134
RE1,DEMINDHECOA,COA,2021,711.9134
RE1,DEMINDHECOA,COA,2022,797.4842
RE1,DEMINDHECOA,COA,2023,808.9771
RE1,DEMINDHECOA,COA,2024,820.4548
RE1,DEMINDHECOA,COA,2025,831.918
RE1,DEMINDHECOA,COA,2026,844.5738
RE1,DEMINDHECOA,COA,2027,857.2136
RE1,DEMINDHECOA,COA,2028,869.8382
RE1,DEMINDHECOA,COA,2029,882.4485
RE1,DEMINDHECOA,COA,2030,895.0453
RE1,DEMINDHECOA,COA,2031,906.4024
RE1,DEMINDHECOA,COA,2032,917.7378
RE1,DEMINDHECOA,COA,2033,929.0522
RE1,DEMINDHECOA,COA,2034,940.3471
RE1,DEMINDHECOA,COA,2035,951.6236
RE1,DEMINDHECOA,COA,2036,961.5236
RE1,DEMINDHECOA,COA,2037,971.4131
RE1,DEMINDHECOA,COA,2038,981.2923
RE1,DEMINDHECOA,COA,2039,991.1618
RE1,DEMINDHECOA,COA,2040,1001.022
RE1,DEMINDHECOA,COA,2041,1011.2955
RE1,DEMINDHECOA,COA,2042,1021.5622
RE1,DEMINDHECOA,COA,2043,1031.8221
RE1,DEMINDHECOA,COA,2044,1042.0757
RE1,DEMINDHECOA,COA,2045,1052.3228
RE1,DEMINDHECOA,COA,2046,1060.201
RE1,DEMINDHECOA,COA,2047,1068.0763
RE1,DEMINDHECOA,COA,2048,1075.949
RE1,DEMINDHECOA,COA,2049,1083.8189
RE1,DEMINDHECOA,COA,2050,1091.6863
RE1,DEMINDHECOA,COA,2051,1099.7394
RE1,DEMINDHECOA,COA,2052,1107.8538
RE1,DEMINDHECOA,COA,2053,1116.0299
RE1,DEMINDHECOA,COA,2054,1124.2682
RE1,DEMINDHECOA,COA,2055,1132.5691
RE1,DEMINDHECOA,COA,2056,1140.9332
RE1,DEMINDHECOA,COA,2057,1149.361
RE1,DEMINDHECOA,COA,2058,1157.853
RE1,DEMINDHECOA,COA,2059,1166.4095
RE1,DEMINDHECOA,COA,2060,1175.0311
RE1,DEMINDHECOA,COA,2061,1183.7184
RE1,DEMINDHECOA,COA,2062,1192.4719
RE1,DEMINDHECOA,COA,2063,1201.292
RE1,DEMINDHECOA,COA,2064,1210.1793
RE1,DEMINDHECOA,COA,2065,1219.1342
RE1,DEMINDHECOA,COA,2066,1228.1574
RE1,DEMINDHECOA,COA,2067,1237.2494
RE1,DEMINDHECOA,COA,2068,1246.4106
RE1,DEMINDHECOA,COA,2069,1255.6416
RE1,DEMINDHECOA,COA,2070,1264.9431
RE1,DEMRESCKNBIO,BIO,2015,242.4683
RE1,DEMRESCKNBIO,BIO,2016,230.4989
RE1,DEMRESCKNBIO,BIO,2017,233.8925
RE1,DEMRESCKNBIO,BIO,2018,242.2782
RE1,DEMRESCKNBIO,BIO,2019,248.3444
RE1,DEMRESCKNBIO,BIO,2020,254.395
RE1,DEMRESCKNBIO,BIO,2021,258.8945
RE1,DEMRESCKNBIO,BIO,2022,263.3837
RE1,DEMRESCKNBIO,BIO,2023,267.8629
RE1,DEMRESCKNBIO,BIO,2024,272.3327
RE1,DEMRESCKNBIO,BIO,2025,276.7936
RE1,DEMRESCKNBIO,BIO,2026,281.6827
RE1,DEMRESCKNBIO,BIO,2027,286.5615
RE1,DEMRESCKNBIO,BIO,2028,291.4313
RE1,DEMRESCKNBIO,BIO,2029,296.2924
RE1,DEMRESCKNBIO,BIO,2030,301.1452
RE1,DEMRESCKNBIO,BIO,2031,305.5894
RE1,DEMRESCKNBIO,BIO,2032,310.0203
RE1,DEMRESCKNBIO,BIO,2033,314.4383
RE1,DEMRESCKNBIO,BIO,2034,318.8445
RE1,DEMRESCKNBIO,BIO,2035,323.2394
RE1,DEMRESCKNBIO,BIO,2036,327.064
RE1,DEMRESCKNBIO,BIO,2037,330.8821
RE1,DEMRESCKNBIO,BIO,2038,334.694
RE1,DEMRESCKNBIO,BIO,2039,338.5002
RE1,DEMRESCKNBIO,BIO,2040,342.3
RE1,DEMRESCKNBIO,BIO,2041,346.0942
RE1,DEMRESCKNBIO,BIO,2042,349.8844
RE1,DEMRESCKNBIO,BIO,2043,353.67
RE1,DEMRESCKNBIO,BIO,2044,357.4522
RE1,DEMRESCKNBIO,BIO,2045,361.2301
RE1,DEMRESCKNBIO,BIO,2046,364.0929
RE1,DEMRESCKNBIO,BIO,2047,366.9544
RE1,DEMRESCKNBIO,BIO,2048,369.8138
RE1,DEMRESCKNBIO,BIO,2049,372.672
RE1,DEMRESCKNBIO,BIO,2050,375.5281
RE1,DEMRESCKNBIO,BIO,2051,378.4552
RE1,DEMRESCKNBIO,BIO,2052,381.4049
RE1,DEMRESCKNBIO,BIO,2053,384.3773
RE1,DEMRESCKNBIO,BIO,2054,387.3733
RE1,DEMRESCKNBIO,BIO,2055,390.3926
RE1,DEMRESCKNBIO,BIO,2056,393.4352
RE1,DEMRESCKNBIO,BIO,2057,396.5014
RE1,DEMRESCKNBIO,BIO,2058,399.592
RE1,DEMRESCKNBIO,BIO,2059,402.7062
RE1,DEMRESCKNBIO,BIO,2060,405.8451
RE1,DEMRESCKNBIO,BIO,2061,409.0083
RE1,DEMRESCKNBIO,BIO,2062,412.1961
RE1,DEMRESCKNBIO,BIO,2063,415.4085
RE1,DEMRESCKNBIO,BIO,2064,418.6463
RE1,DEMRESCKNBIO,BIO,2065,421.9093
RE1,DEMRESCKNBIO,BIO,2066,425.1977
RE1,DEMRESCKNBIO,BIO,2067,428.5114
RE1,DEMRESCKNBIO,BIO,2068,431.8514
RE1,DEMRESCKNBIO,BIO,2069,435.2174
RE1,DEMRESCKNBIO,BIO,2070,438.6093
RE1,DEMRESCKNELC,ELC003,2015,7.3604
RE1,DEMRESCKNELC,ELC003,2016,6.9971
RE1,DEMRESCKNELC,ELC003,2017,7.1001
RE1,DEMRESCKNELC,ELC003,2018,7.3546
RE1,DEMRESCKNELC,ELC003,2019,6.9869
RE1,DEMRESCKNELC,ELC003,2020,6.6192
RE1,DEMRESCKNELC,ELC003,2021,6.2515
RE1,DEMRESCKNELC,ELC003,2022,5.8837
RE1,DEMRESCKNELC,ELC003,2023,5.516
RE1,DEMRESCKNELC,ELC003,2024,5.1483
RE1,DEMRESCKNELC,ELC003,2025,4.7805
RE1,DEMRESCKNELC,ELC003,2026,4.4128
RE1,DEMRESCKNELC,ELC003,2027,4.045
RE1,DEMRESCKNELC,ELC003,2028,3.6773
RE1,DEMRESCKNELC,ELC003,2029,3.3096
RE1,DEMRESCKNELC,ELC003,2030,2.9419
RE1,DEMRESCKNELC,ELC003,2031,2.5742
RE1,DEMRESCKNELC,ELC003,2032,2.2064
RE1,DEMRESCKNELC,ELC003,2033,1.8387
RE1,DEMRESCKNELC,ELC003,2034,1.4709
RE1,DEMRESCKNELC,ELC003,2035,1.1032
RE1,DEMRESCKNELC,ELC003,2036,0.7354
RE1,DEMRESCKNELC,ELC003,2037,0.3677
RE1,DEMRESCKNOIL,LFO,2015,135.16
RE1,DEMRESCKNOIL,LFO,2016,143.041
RE1,DEMRESCKNOIL,LFO,2017,140.8064
RE1,DEMRESCKNOIL,LFO,2018,135.2852
RE1,DEMRESCKNOIL,LFO,2019,132.3423
RE1,DEMRESCKNOIL,LFO,2020,129.4087
RE1,DEMRESCKNOIL,LFO,2021,127.4067
RE1,DEMRESCKNOIL,LFO,2022,259.2993
RE1,DEMRESCKNOIL,LFO,2023,264.6001
RE1,DEMRESCKNOIL,LFO,2024,269.8912
RE1,DEMRESCKNOIL,LFO,2025,275.1733
RE1,DEMRESCKNOIL,LFO,2026,280.8949
RE1,DEMRESCKNOIL,LFO,2027,286.6064
RE1,DEMRESCKNOIL,LFO,2028,292.3082
RE1,DEMRESCKNOIL,LFO,2029,298.0012
RE1,DEMRESCKNOIL,LFO,2030,303.6856
RE1,DEMRESCKNOIL,LFO,2031,308.9504
RE1,DEMRESCKNOIL,LFO,2032,314.2016
RE1,DEMRESCKNOIL,LFO,2033,319.4396
RE1,DEMRESCKNOIL,LFO,2034,324.6654
RE1,DEMRESCKNOIL,LFO,2035,329.8794
RE1,DEMRESCKNOIL,LFO,2036,334.508
RE1,DEMRESCKNOIL,LFO,2037,339.1298
RE1,DEMRESCKNOIL,LFO,2038,343.7452
RE1,DEMRESCKNOIL,LFO,2039,347.6542
RE1,DEMRESCKNOIL,LFO,2040,351.5572
RE1,DEMRESCKNOIL,LFO,2041,355.454
RE1,DEMRESCKNOIL,LFO,2042,359.3464
RE1,DEMRESCKNOIL,LFO,2043,363.2346
RE1,DEMRESCKNOIL,LFO,2044,367.1188
RE1,DEMRESCKNOIL,LFO,2045,370.999
RE1,DEMRESCKNOIL,LFO,2046,373.9392
RE1,DEMRESCKNOIL,LFO,2047,376.878
RE1,DEMRESCKNOIL,LFO,2048,379.8148
RE1,DEMRESCKNOIL,LFO,2049,382.7502
RE1,DEMRESCKNOIL,LFO,2050,385.6838
RE1,DEMRESCKNOIL,LFO,2051,388.6898
RE1,DEMRESCKNOIL,LFO,2052,391.7192
RE1,DEMRESCKNOIL,LFO,2053,394.7722
RE1,DEMRESCKNOIL,LFO,2054,397.8492
RE1,DEMRESCKNOIL,LFO,2055,400.95
RE1,DEMRESCKNOIL,LFO,2056,404.075
RE1,DEMRESCKNOIL,LFO,2057,407.2242
RE1,DEMRESCKNOIL,LFO,2058,410.3982
RE1,DEMRESCKNOIL,LFO,2059,413.5968
RE1,DEMRESCKNOIL,LFO,2060,416.8204
RE1,DEMRESCKNOIL,LFO,2061,420.069
RE1,DEMRESCKNOIL,LFO,2062,423.343
RE1,DEMRESCKNOIL,LFO,2063,426.6426
RE1,DEMRESCKNOIL,LFO,2064,429.9678
RE1,DEMRESCKNOIL,LFO,2065,433.319
RE1,DEMRESCKNOIL,LFO,2066,436.6964
RE1,DEMRESCKNOIL,LFO,2067,440.1
RE1,DEMRESCKNOIL,LFO,2068,443.53
RE1,DEMRESCKNOIL,LFO,2069,446.987
RE1,DEMRESCKNOIL,LFO,2070,450.4708
RE1,DEMRESELC,ELC003,2015,148.2619
RE1,DEMRESELC,ELC003,2016,148.2619
RE1,DEMRESELC,ELC003,2017,148.2619
RE1,DEMRESELC,ELC003,2018,148.2619
RE1,DEMRESELC,ELC003,2019,148.2619
RE1,DEMRESELC,ELC003,2020,148.2619
RE1,DEMRESELC,ELC003,2021,148.2619
RE1,DEMRESELC,ELC003,2022,218.1507
RE1,DEMRESELC,ELC003,2023,224.38
RE1,DEMRESELC,ELC003,2024,230.6092
RE1,DEMRESELC,ELC003,2025,236.8385
RE1,DEMRESELC,ELC003,2026,243.5698
RE1,DEMRESELC,ELC003,2027,250.301
RE1,DEMRESELC,ELC003,2028,257.0323
RE1,DEMRESELC,ELC003,2029,263.7635
RE1,DEMRESELC,ELC003,2030,270.4948
RE1,DEMRESELC,ELC003,2031,278.1885
RE1,DEMRESELC,ELC003,2032,285.8823
RE1,DEMRESELC,ELC003,2033,293.5761
RE1,DEMRESELC,ELC003,2034,301.2698
RE1,DEMRESELC,ELC003,2035,308.9635
RE1,DEMRESELC,ELC003,2036,315.1575
RE1,DEMRESELC,ELC003,2037,321.3515
RE1,DEMRESELC,ELC003,2038,327.5455
RE1,DEMRESELC,ELC003,2039,333.7395
RE1,DEMRESELC,ELC003,2040,339.9335
RE1,DEMRESELC,ELC003,2041,345.9989
RE1,DEMRESELC,ELC003,2042,352.0643
RE1,DEMRESELC,ELC003,2043,358.1297
RE1,DEMRESELC,ELC003,2044,364.1951
RE1,DEMRESELC,ELC003,2045,370.2605
RE1,DEMRESELC,ELC003,2046,374.4838
RE1,DEMRESELC,ELC003,2047,378.7072
RE1,DEMRESELC,ELC003,2048,382.9306
RE1,DEMRESELC,ELC003,2049,387.154
RE1,DEMRESELC,ELC003,2050,391.3773
RE1,DEMRESELC,ELC003,2051,395.7431
RE1,DEMRESELC,ELC003,2052,400.1575
RE1,DEMRESELC,ELC003,2053,404.6212
RE1,DEMRESELC,ELC003,2054,409.1347
RE1,DEMRESELC,ELC003,2055,413.6986
RE1,DEMRESELC,ELC003,2056,418.3133
RE1,DEMRESELC,ELC003,2057,422.9795
RE1,DEMRESELC,ELC003,2058,427.6978
RE1,DEMRESELC,ELC003,2059,432.4687
RE1,DEMRESELC,ELC003,2060,437.2928
RE1,DEMRESELC,ELC003,2061,442.1707
RE1,DEMRESELC,ELC003,2062,447.1031
RE1,DEMRESELC,ELC003,2063,452.0905
RE1,DEMRESELC,ELC003,2064,457.1335
RE1,DEMRESELC,ELC003,2065,462.2327
RE1,DEMRESELC,ELC003,2066,467.3888
RE1,DEMRESELC,ELC003,2067,472.6025
RE1,DEMRESELC,ELC003,2068,477.8743
RE1,DEMRESELC,ELC003,2069,483.2049
RE1,DEMRESELC,ELC003,2070,488.595
RE1,DEMRESHEBIO,BIO,2015,77.04
RE1,DEMRESHEBIO,BIO,2016,77.04
RE1,DEMRESHEBIO,BIO,2017,77.04
RE1,DEMRESHEBIO,BIO,2018,77.04
RE1,DEMRESHEBIO,BIO,2019,77.04
RE1,DEMRESHEBIO,BIO,2020,77.04
RE1,DEMRESHEBIO,BIO,2021,77.04
RE1,DEMRESHEBIO,BIO,2022,112.0283
RE1,DEMRESHEBIO,BIO,2023,113.9334
RE1,DEMRESHEBIO,BIO,2024,115.8346
RE1,DEMRESHEBIO,BIO,2025,117.7321
RE1,DEMRESHEBIO,BIO,2026,119.8116
RE1,DEMRESHEBIO,BIO,2027,121.8868
RE1,DEMRESHEBIO,BIO,2028,123.9582
RE1,DEMRESHEBIO,BIO,2029,126.0257
RE1,DEMRESHEBIO,BIO,2030,128.0899
RE1,DEMRESHEBIO,BIO,2031,129.9801
RE1,DEMRESHEBIO,BIO,2032,131.8648
RE1,DEMRESHEBIO,BIO,2033,133.744
RE1,DEMRESHEBIO,BIO,2034,135.6182
RE1,DEMRESHEBIO,BIO,2035,137.4874
RE1,DEMRESHEBIO,BIO,2036,139.1142
RE1,DEMRESHEBIO,BIO,2037,140.7382
RE1,DEMRESHEBIO,BIO,2038,142.3596
RE1,DEMRESHEBIO,BIO,2039,143.9784
RE1,DEMRESHEBIO,BIO,2040,145.5949
RE1,DEMRESHEBIO,BIO,2041,147.2087
RE1,DEMRESHEBIO,BIO,2042,148.8207
RE1,DEMRESHEBIO,BIO,2043,150.431
RE1,DEMRESHEBIO,BIO,2044,152.0395
RE1,DEMRESHEBIO,BIO,2045,153.6465
RE1,DEMRESHEBIO,BIO,2046,154.8643
RE1,DEMRESHEBIO,BIO,2047,156.0812
RE1,DEMRESHEBIO,BIO,2048,157.2976
RE1,DEMRESHEBIO,BIO,2049,158.5132
RE1,DEMRESHEBIO,BIO,2050,159.7282
RE1,DEMRESHEBIO,BIO,2051,160.9731
RE1,DEMRESHEBIO,BIO,2052,162.2277
RE1,DEMRESHEBIO,BIO,2053,163.4921
RE1,DEMRESHEBIO,BIO,2054,164.7663
RE1,DEMRESHEBIO,BIO,2055,166.0505
RE1,DEMRESHEBIO,BIO,2056,167.3446
RE1,DEMRESHEBIO,BIO,2057,168.6489
RE1,DEMRESHEBIO,BIO,2058,169.9634
RE1,DEMRESHEBIO,BIO,2059,171.2881
RE1,DEMRESHEBIO,BIO,2060,172.6232
RE1,DEMRESHEBIO,BIO,2061,173.9685
RE1,DEMRESHEBIO,BIO,2062,175.3244
RE1,DEMRESHEBIO,BIO,2063,176.691
RE1,DEMRESHEBIO,BIO,2064,178.0681
RE1,DEMRESHEBIO,BIO,2065,179.4559
RE1,DEMRESHEBIO,BIO,2066,180.8546
RE1,DEMRESHEBIO,BIO,2067,182.2642
RE1,DEMRESHEBIO,BIO,2068,183.6848
RE1,DEMRESHEBIO,BIO,2069,185.1163
RE1,DEMRESHEBIO,BIO,2070,186.5592
RE1,DEMTRABUSGSL,LFO,2015,1541.574
RE1,DEMTRABUSGSL,LFO,2016,1541.574
RE1,DEMTRABUSGSL,LFO,2017,1541.574
RE1,DEMTRABUSGSL,LFO,2018,1541.574
RE1,DEMTRABUSGSL,LFO,2019,1541.574
RE1,DEMTRABUSGSL,LFO,2020,1541.574
RE1,DEMTRABUSGSL,LFO,2021,1541.574
RE1,DEMTRABUSGSL,LFO,2022,2000.6777
RE1,DEMTRABUSGSL,LFO,2023,2034.4221
RE1,DEMTRABUSGSL,LFO,2024,2068.1603
RE1,DEMTRABUSGSL,LFO,2025,2101.8929
RE1,DEMTRABUSGSL,LFO,2026,2139.4641
RE1,DEMTRABUSGSL,LFO,2027,2177.0289
RE1,DEMTRABUSGSL,LFO,2028,2214.5881
RE1,DEMTRABUSGSL,LFO,2029,2252.1417
RE1,DEMTRABUSGSL,LFO,2030,2289.6897
RE1,DEMTRABUSGSL,LFO,2031,2320.7601
RE1,DEMTRABUSGSL,LFO,2032,2351.8221
RE1,DEMTRABUSGSL,LFO,2033,2382.8761
RE1,DEMTRABUSGSL,LFO,2034,2413.9221
RE1,DEMTRABUSGSL,LFO,2035,2444.9611
RE1,DEMTRABUSGSL,LFO,2036,2473.2571
RE1,DEMTRABUSGSL,LFO,2037,2501.5492
RE1,DEMTRABUSGSL,LFO,2038,2529.8373
RE1,DEMTRABUSGSL,LFO,2039,2558.1217
RE1,DEMTRABUSGSL,LFO,2040,2586.4021
RE1,DEMTRABUSGSL,LFO,2041,2613.3121
RE1,DEMTRABUSGSL,LFO,2042,2640.2197
RE1,DEMTRABUSGSL,LFO,2043,2667.1245
RE1,DEMTRABUSGSL,LFO,2044,2694.0265
RE1,DEMTRABUSGSL,LFO,2045,2720.9265
RE1,DEMTRABUSGSL,LFO,2046,2741.9597
RE1,DEMTRABUSGSL,LFO,2047,2762.9921
RE1,DEMTRABUSGSL,LFO,2048,2784.0233
RE1,DEMTRABUSGSL,LFO,2049,2805.0533
RE1,DEMTRABUSGSL,LFO,2050,2826.0825
RE1,DEMTRABUSGSL,LFO,2051,2847.6045
RE1,DEMTRABUSGSL,LFO,2052,2869.2925
RE1,DEMTRABUSGSL,LFO,2053,2891.1485
RE1,DEMTRABUSGSL,LFO,2054,2913.1737
RE1,DEMTRABUSGSL,LFO,2055,2935.3689
RE1,DEMTRABUSGSL,LFO,2056,2957.7361
RE1,DEMTRABUSGSL,LFO,2057,2980.2761
RE1,DEMTRABUSGSL,LFO,2058,3002.9909
RE1,DEMTRABUSGSL,LFO,2059,3025.8813
RE1,DEMTRABUSGSL,LFO,2060,3048.9485
RE1,DEMTRABUSGSL,LFO,2061,3072.1945
RE1,DEMTRABUSGSL,LFO,2062,3095.6205
RE1,DEMTRABUSGSL,LFO,2063,3119.2277
RE1,DEMTRABUSGSL,LFO,2064,3143.0177
RE1,DEMTRABUSGSL,LFO,2065,3166.9917
RE1,DEMTRABUSGSL,LFO,2066,3191.1517
RE1,DEMTRABUSGSL,LFO,2067,3215.4981
RE1,DEMTRABUSGSL,LFO,2068,3240.0333
RE1,DEMTRABUSGSL,LFO,2069,3264.7585
RE1,DEMTRABUSGSL,LFO,2070,3289.6753
RE1,DEMTRACARGSL,LFO,2015,2239.4486
RE1,DEMTRACARGSL,LFO,2016,2239.4486
RE1,DEMTRACARGSL,LFO,2017,2239.4487
RE1,DEMTRACARGSL,LFO,2018,2239.4488
RE1,DEMTRACARGSL,LFO,2019,2239.4487
RE1,DEMTRACARGSL,LFO,2020,2239.4484
RE1,DEMTRACARGSL,LFO,2021,2239.4484
RE1,DEMTRACARGSL,LFO,2022,2906.3902
RE1,DEMTRACARGSL,LFO,2023,2955.4101
RE1,DEMTRACARGSL,LFO,2024,3004.4218
RE1,DEMTRACARGSL,LFO,2025,3053.4254
RE1,DEMTRACARGSL,LFO,2026,3108.0051
RE1,DEMTRACARGSL,LFO,2027,3162.5761
RE1,DEMTRACARGSL,LFO,2028,3217.1381
RE1,DEMTRACARGSL,LFO,2029,3271.6921
RE1,DEMTRACARGSL,LFO,2030,3326.2386
RE1,DEMTRACARGSL,LFO,2031,3371.3746
RE1,DEMTRACARGSL,LFO,2032,3416.4981
RE1,DEMTRACARGSL,LFO,2033,3461.6101
RE1,DEMTRACARGSL,LFO,2034,3506.7112
RE1,DEMTRACARGSL,LFO,2035,3551.8015
RE1,DEMTRACARGSL,LFO,2036,3592.9075
RE1,DEMTRACARGSL,LFO,2037,3634.0074
RE1,DEMTRACARGSL,LFO,2038,3675.1016
RE1,DEMTRACARGSL,LFO,2039,3716.1901
RE1,DEMTRACARGSL,LFO,2040,3757.2736
RE1,DEMTRACARGSL,LFO,2041,3796.3656
RE1,DEMTRACARGSL,LFO,2042,3835.4541
RE1,DEMTRACARGSL,LFO,2043,3874.5386
RE1,DEMTRACARGSL,LFO,2044,3913.6196
RE1,DEMTRACARGSL,LFO,2045,3952.6971
RE1,DEMTRACARGSL,LFO,2046,3983.2521
RE1,DEMTRACARGSL,LFO,2047,4013.8061
RE1,DEMTRACARGSL,LFO,2048,4044.3581
RE1,DEMTRACARGSL,LFO,2049,4074.9086
RE1,DEMTRACARGSL,LFO,2050,4105.4581
RE1,DEMTRACARGSL,LFO,2051,4136.7226
RE1,DEMTRACARGSL,LFO,2052,4168.2291
RE1,DEMTRACARGSL,LFO,2053,4199.9791
RE1,DEMTRACARGSL,LFO,2054,4231.9751
RE1,DEMTRACARGSL,LFO,2055,4264.2186
RE1,DEMTRACARGSL,LFO,2056,4296.7111
RE1,DEMTRACARGSL,LFO,2057,4329.4551
RE1,DEMTRACARGSL,LFO,2058,4362.4531
RE1,DEMTRACARGSL,LFO,2059,4395.7056
RE1,DEMTRACARGSL,LFO,2060,4429.2161
RE1,DEMTRACARGSL,LFO,2061,4462.9856
RE1,DEMTRACARGSL,LFO,2062,4497.0161
RE1,DEMTRACARGSL,LFO,2063,4531.3106
RE1,DEMTRACARGSL,LFO,2064,4565.8701
RE1,DEMTRACARGSL,LFO,2065,4600.6976
RE1,DEMTRACARGSL,LFO,2066,4635.7946
RE1,DEMTRACARGSL,LFO,2067,4671.1631
RE1,DEMTRACARGSL,LFO,2068,4706.8057
RE1,DEMTRACARGSL,LFO,2069,4742.7237
RE1,DEMTRACARGSL,LFO,2070,4778.9202
RE1,DEMTRAMCYGSL,LFO,2015,1041.604
RE1,DEMTRAMCYGSL,LFO,2016,1041.604
RE1,DEMTRAMCYGSL,LFO,2017,1041.604
RE1,DEMTRAMCYGSL,LFO,2018,1041.604
RE1,DEMTRAMCYGSL,LFO,2019,1041.604
RE1,DEMTRAMCYGSL,LFO,2020,1041.604
RE1,DEMTRAMCYGSL,LFO,2021,1041.604
RE1,DEMTRAMCYGSL,LFO,2022,1351.809
RE1,DEMTRAMCYGSL,LFO,2023,1374.6095
RE1,DEMTRAMCYGSL,LFO,2024,1397.4055
RE1,DEMTRAMCYGSL,LFO,2025,1420.198
RE1,DEMTRAMCYGSL,LFO,2026,1445.584
RE1,DEMTRAMCYGSL,LFO,2027,1470.9655
RE1,DEMTRAMCYGSL,LFO,2028,1496.343
RE1,DEMTRAMCYGSL,LFO,2029,1521.717
RE1,DEMTRAMCYGSL,LFO,2030,1547.0875
RE1,DEMTRAMCYGSL,LFO,2031,1568.0811
RE1,DEMTRAMCYGSL,LFO,2032,1589.0691
RE1,DEMTRAMCYGSL,LFO,2033,1610.0511
RE1,DEMTRAMCYGSL,LFO,2034,1631.0284
RE1,DEMTRAMCYGSL,LFO,2035,1652.0007
RE1,DEMTRAMCYGSL,LFO,2036,1671.1199
RE1,DEMTRAMCYGSL,LFO,2037,1690.2362
RE1,DEMTRAMCYGSL,LFO,2038,1709.3495
RE1,DEMTRAMCYGSL,LFO,2039,1728.4606
RE1,DEMTRAMCYGSL,LFO,2040,1747.5691
RE1,DEMTRAMCYGSL,LFO,2041,1765.7516
RE1,DEMTRAMCYGSL,LFO,2042,1783.9321
RE1,DEMTRAMCYGSL,LFO,2043,1802.1111
RE1,DEMTRAMCYGSL,LFO,2044,1820.2881
RE1,DEMTRAMCYGSL,LFO,2045,1838.4636
RE1,DEMTRAMCYGSL,LFO,2046,1852.6756
RE1,DEMTRAMCYGSL,LFO,2047,1866.8866
RE1,DEMTRAMCYGSL,LFO,2048,1881.0966
RE1,DEMTRAMCYGSL,LFO,2049,1895.3066
RE1,DEMTRAMCYGSL,LFO,2050,1909.5151
RE1,DEMTRAMCYGSL,LFO,2051,1924.0571
RE1,DEMTRAMCYGSL,LFO,2052,1938.7111
RE1,DEMTRAMCYGSL,LFO,2053,1953.4786
RE1,DEMTRAMCYGSL,LFO,2054,1968.3606
RE1,DEMTRAMCYGSL,LFO,2055,1983.3576
RE1,DEMTRAMCYGSL,LFO,2056,1998.4701
RE1,DEMTRAMCYGSL,LFO,2057,2013.7001
RE1,DEMTRAMCYGSL,LFO,2058,2029.0481
RE1,DEMTRAMCYGSL,LFO,2059,2044.5141
RE1,DEMTRAMCYGSL,LFO,2060,2060.1006
RE1,DEMTRAMCYGSL,LFO,2061,2075.8071
RE1,DEMTRAMCYGSL,LFO,2062,2091.6356
RE1,DEMTRAMCYGSL,LFO,2063,2107.5866
RE1,DEMTRAMCYGSL,LFO,2064,2123.6606
RE1,DEMTRAMCYGSL,LFO,2065,2139.8596
RE1,DEMTRAMCYGSL,LFO,2066,2156.1836
RE1,DEMTRAMCYGSL,LFO,2067,2172.6341
RE1,DEMTRAMCYGSL,LFO,2068,2189.2121
RE1,DEMTRAMCYGSL,LFO,2069,2205.9181
RE1,DEMTRAMCYGSL,LFO,2070,2222.7536
RE1,PWRBIO001,BIO,2015,171.9092
RE1,PWRBIO001,BIO,2016,196.5007
RE1,PWRBIO001,BIO,2017,221.0344
RE1,PWRBIO001,BIO,2018,233.2147
RE1,PWRBIO001,BIO,2019,233.2147
RE1,PWRBIO001,BIO,2020,245.6257
RE1,PWRBIO001,BIO,2021,257.9215
RE1,PWRBIO001,BIO,2022,257.9215
RE1,PWRBIO001,BIO,2023,257.9215
RE1,PWRBIO001,BIO,2024,257.9215
RE1,PWRBIO001,BIO,2025,257.9215
RE1,PWRBIO001,BIO,2026,257.9215
RE1,PWRBIO001,BIO,2027,257.9215
RE1,PWRBIO001,BIO,2028,257.9215
RE1,PWRBIO001,BIO,2029,257.9215
RE1,PWRBIO001,BIO,2030,257.9215
RE1,PWRBIO001,BIO,2031,86.0123
RE1,PWRBIO001,BIO,2032,86.0123
RE1,PWRBIO001,BIO,2033,86.0123
RE1,PWRBIO001,BIO,2034,86.0123
RE1,PWRBIO001,BIO,2035,86.0123
RE1,PWRBIO001,BIO,2036,86.0123
RE1,PWRBIO001,BIO,2037,86.0123
RE1,PWRBIO001,BIO,2038,86.0123
RE1,PWRBIO001,BIO,2039,86.0123
RE1,PWRBIO001,BIO,2040,86.0123
RE1,PWRBIO001,BIO,2041,86.0123
RE1,PWRBIO001,BIO,2042,86.0123
RE1,PWRBIO001,BIO,2043,86.0123
RE1,PWRBIO001,BIO,2044,86.0123
RE1,PWRBIO001,BIO,2045,86.0123
RE1,PWRBIO001,BIO,2046,61.4208
RE1,PWRBIO001,BIO,2047,36.8871
RE1,PWRBIO001,BIO,2048,24.707
RE1,PWRBIO001,BIO,2049,24.707
RE1,PWRBIO001,BIO,2050,12.2958
RE1,PWRCOA001,COA,2015,411.8408
RE1,PWRCOA001,COA,2016,411.8408
RE1,PWRCOA001,COA,2017,411.8408
RE1,PWRCOA001,COA,2018,411.8408
RE1,PWRCOA001,COA,2019,411.8408
RE1,PWRCOA001,COA,2020,1629.2135
RE1,PWRCOA001,COA,2021,1629.2135
RE1,PWRCOA001,COA,2022,2316.8396
RE1,PWRCOA001,COA,2023,2403.4349
RE1,PWRCOA001,COA,2024,2489.9733
RE1,PWRCOA001,COA,2025,2576.455
RE1,PWRCOA001,COA,2026,2670.039
RE1,PWRCOA001,COA,2027,2763.5621
RE1,PWRCOA001,COA,2028,2857.0235
RE1,PWRCOA001,COA,2029,2950.4244
RE1,PWRCOA001,COA,2030,3043.764
RE1,PWRCOA001,COA,2031,3368.411
RE1,PWRCOA001,COA,2032,3475.3233
RE1,PWRCOA001,COA,2033,3582.166
RE1,PWRCOA001,COA,2034,3688.9392
RE1,PWRCOA001,COA,2035,3823.961
RE1,PWRCOA001,COA,2036,3934.5913
RE1,PWRCOA001,COA,2037,4024.8762
RE1,PWRCOA001,COA,2038,4115.3863
RE1,PWRCOA001,COA,2039,4115.3863
RE1,PWRCOA001,COA,2040,4115.3863
RE1,PWRCOA001,COA,2041,4190.9107
RE1,PWRCOA001,COA,2042,4275.3605
RE1,PWRCOA001,COA,2043,4359.7557
RE1,PWRCOA001,COA,2044,4536.0725
RE1,PWRCOA001,COA,2045,4712.2435
RE1,PWRCOA001,COA,2046,4801.5125
RE1,PWRCOA001,COA,2047,4903.4581
RE1,PWRCOA001,COA,2048,4978.7258
RE1,PWRCOA001,COA,2049,5036.7447
RE1,PWRCOA001,COA,2050,5117.1271
RE1,PWRCOA001,COA,2051,5292.6755
RE1,PWRCOA001,COA,2052,5355.1393
RE1,PWRCOA001,COA,2053,5418.2999
RE1,PWRCOA001,COA,2054,5482.165
RE1,PWRCOA001,COA,2055,5546.7424
RE1,PWRCOA001,COA,2056,5612.0402
RE1,PWRCOA001,COA,2057,5678.0666
RE1,PWRCOA001,COA,2058,5744.8292
RE1,PWRCOA001,COA,2059,5812.3367
RE1,PWRCOA001,COA,2060,5880.5973
RE1,PWRCOA001,COA,2061,5949.6195
RE1,PWRCOA001,COA,2062,6019.4113
RE1,PWRCOA001,COA,2063,6089.9817
RE1,PWRCOA001,COA,2064,6161.3393
RE1,PWRCOA001,COA,2065,6233.493
RE1,PWRCOA001,COA,2066,6306.4515
RE1,PWRCOA001,COA,2067,6380.2237
RE1,PWRCOA001,COA,2068,6454.8189
RE1,PWRCOA001,COA,2069,6530.2464
RE1,PWRCOA001,COA,2070,6606.5151
RE1,PWRCSP002,SOL,2015,0.0274
RE1,PWRCSP002,SOL,2016,0.0274
RE1,PWRCSP002,SOL,2017,0.0274
RE1,PWRCSP002,SOL,2018,0.0274
RE1,PWRCSP002,SOL,2019,0.0274
RE1,PWRCSP002,SOL,2020,0.0274
RE1,PWRCSP002,SOL,2021,0.0274
RE1,PWRCSP002,SOL,2022,0.0274
RE1,PWRCSP002,SOL,2023,0.0274
RE1,PWRCSP002,SOL,2024,0.0274
RE1,PWRCSP002,SOL,2025,0.0274
RE1,PWRCSP002,SOL,2026,0.0274
RE1,PWRCSP002,SOL,2027,0.0274
RE1,PWRCSP002,SOL,2028,0.0274
RE1,PWRCSP002,SOL,2029,0.0274
RE1,PWRCSP002,SOL,2030,0.0274
RE1,PWRCSP002,SOL,2031,0.0274
RE1,PWRCSP002,SOL,2032,0.0274
RE1,PWRCSP002,SOL,2033,0.0274
RE1,PWRCSP002,SOL,2034,0.0274
RE1,PWRCSP002,SOL,2035,0.0274
RE1,PWRCSP002,SOL,2036,0.0274
RE1,PWRCSP002,SOL,2037,0.0274
RE1,PWRCSP002,SOL,2038,0.0274
RE1,PWRCSP002,SOL,2039,0.0274
RE1,PWRCSP002,SOL,2040,0.0274
RE1,PWRCSP002,SOL,2041,0.0274
RE1,PWRCSP002,SOL,2042,0.0274
RE1,PWRCSP002,SOL,2043,0.0274
RE1,PWRDIST,ELC002,2015,692.9971
RE1,PWRDIST,ELC002,2016,692.6338
RE1,PWRDIST,ELC002,2017,692.7368
RE1,PWRDIST,ELC002,2018,692.9914
RE1,PWRDIST,ELC002,2019,692.6236
RE1,PWRDIST,ELC002,2020,692.2559
RE1,PWRDIST,ELC002,2021,691.8882
RE1,PWRDIST,ELC002,2022,886.5018
RE1,PWRDIST,ELC002,2023,911.2799
RE1,PWRDIST,ELC002,2024,936.0581
RE1,PWRDIST,ELC002,2025,960.8363
RE1,PWRDIST,ELC002,2026,987.6409
RE1,PWRDIST,ELC002,2027,1014.4455
RE1,PWRDIST,ELC002,2028,1041.2501
RE1,PWRDIST,ELC002,2029,1068.0547
RE1,PWRDIST,ELC002,2030,1094.8593
RE1,PWRDIST,ELC002,2031,1125.5492
RE1,PWRDIST,ELC002,2032,1156.2392
RE1,PWRDIST,ELC002,2033,1186.9292
RE1,PWRDIST,ELC002,2034,1217.6191
RE1,PWRDIST,ELC002,2035,1248.3091
RE1,PWRDIST,ELC002,2036,1272.9449
RE1,PWRDIST,ELC002,2037,1297.5807
RE1,PWRDIST,ELC002,2038,1322.2166
RE1,PWRDIST,ELC002,2039,1347.2201
RE1,PWRDIST,ELC002,2040,1372.2237
RE1,PWRDIST,ELC002,2041,1396.7081
RE1,PWRDIST,ELC002,2042,1421.1925
RE1,PWRDIST,ELC002,2043,1445.6769
RE1,PWRDIST,ELC002,2044,1470.1613
RE1,PWRDIST,ELC002,2045,1494.6457
RE1,PWRDIST,ELC002,2046,1511.6944
RE1,PWRDIST,ELC002,2047,1528.743
RE1,PWRDIST,ELC002,2048,1545.7917
RE1,PWRDIST,ELC002,2049,1562.8403
RE1,PWRDIST,ELC002,2050,1579.889
RE1,PWRDIST,ELC002,2051,1597.5124
RE1,PWRDIST,ELC002,2052,1615.3324
RE1,PWRDIST,ELC002,2053,1633.3512
RE1,PWRDIST,ELC002,2054,1651.571
RE1,PWRDIST,ELC002,2055,1669.994
RE1,PWRDIST,ELC002,2056,1688.6225
RE1,PWRDIST,ELC002,2057,1707.4588
RE1,PWRDIST,ELC002,2058,1726.5053
RE1,PWRDIST,ELC002,2059,1745.7642
RE1,PWRDIST,ELC002,2060,1765.2379
RE1,PWRDIST,ELC002,2061,1784.9289
RE1,PWRDIST,ELC002,2062,1804.8395
RE1,PWRDIST,ELC002,2063,1824.9722
RE1,PWRDIST,ELC002,2064,1845.3295
RE1,PWRDIST,ELC002,2065,1865.9138
RE1,PWRDIST,ELC002,2066,1886.7278
RE1,PWRDIST,ELC002,2067,1907.7739
RE1,PWRDIST,ELC002,2068,1929.0549
RE1,PWRDIST,ELC002,2069,1950.5732
RE1,PWRDIST,ELC002,2070,1972.3315
RE1,PWRHYD001,HYD,2015,28.3385
RE1,PWRHYD001,HYD,2016,28.3385
RE1,PWRHYD001,HYD,2017,28.3385
RE1,PWRHYD001,HYD,2018,28.3385
RE1,PWRHYD001,HYD,2019,28.3385
RE1,PWRHYD001,HYD,2020,28.3385
RE1,PWRHYD001,HYD,2021,28.3385
RE1,PWRHYD001,HYD,2022,28.3385
RE1,PWRHYD001,HYD,2023,28.3385
RE1,PWRHYD001,HYD,2024,28.3385
RE1,PWRHYD001,HYD,2025,28.3385
RE1,PWRHYD001,HYD,2026,28.3385
RE1,PWRHYD001,HYD,2027,28.3385
RE1,PWRHYD001,HYD,2028,28.3385
RE1,PWRHYD001,HYD,2029,28.3385
RE1,PWRHYD001,HYD,2030,28.3385
RE1,PWRHYD001,HYD,2031,28.3385
RE1,PWRHYD001,HYD,2032,28.3385
RE1,PWRHYD001,HYD,2033,28.3385
RE1,PWRHYD001,HYD,2034,28.3385
RE1,PWRHYD001,HYD,2035,28.3385
RE1,PWRHYD001,HYD,2036,28.3385
RE1,PWRHYD001,HYD,2037,28.3385
RE1,PWRHYD001,HYD,2038,28.3385
RE1,PWRHYD001,HYD,2039,28.3385
RE1,PWRHYD001,HYD,2040,28.3385
RE1,PWRHYD001,HYD,2041,28.3385
RE1,PWRHYD001,HYD,2042,28.3385
RE1,PWRHYD001,HYD,2043,28.3385
RE1,PWRHYD001,HYD,2044,28.3385
RE1,PWRHYD001,HYD,2045,28.3385
RE1,PWRHYD001,HYD,2046,28.3385
RE1,PWRHYD001,HYD,2047,28.3385
RE1,PWRHYD001,HYD,2048,28.3385
RE1,PWRHYD001,HYD,2049,28.3385
RE1,PWRHYD001,HYD,2050,28.3385
RE1,PWRHYD002,HYD,2015,1.1526
RE1,PWRHYD002,HYD,2016,1.1526
RE1,PWRHYD002,HYD,2017,1.1526
RE1,PWRHYD002,HYD,2018,1.1526
RE1,PWRHYD002,HYD,2019,1.1526
RE1,PWRHYD002,HYD,2020,1.1526
RE1,PWRHYD002,HYD,2021,1.1526
RE1,PWRHYD002,HYD,2022,1.1526
RE1,PWRHYD002,HYD,2023,1.1526
RE1,PWRHYD002,HYD,2024,1.1526
RE1,PWRHYD002,HYD,2025,1.1526
RE1,PWRHYD002,HYD,2026,1.1526
RE1,PWRHYD002,HYD,2027,1.1526
RE1,PWRHYD002,HYD,2028,1.1526
RE1,PWRHYD002,HYD,2029,1.1526
RE1,PWRHYD002,HYD,2030,1.1526
RE1,PWRHYD002,HYD,2031,1.1526
RE1,PWRHYD002,HYD,2032,1.1526
RE1,PWRHYD002,HYD,2033,1.1526
RE1,PWRHYD002,HYD,2034,1.1526
RE1,PWRHYD002,HYD,2035,1.1526
RE1,PWRHYD002,HYD,2036,1.1526
RE1,PWRHYD002,HYD,2037,1.1526
RE1,PWRHYD002,HYD,2038,1.1526
RE1,PWRHYD002,HYD,2039,1.1526
RE1,PWRHYD002,HYD,2040,1.1526
RE1,PWRHYD002,HYD,2041,1.1526
RE1,PWRHYD002,HYD,2042,1.1526
RE1,PWRHYD002,HYD,2043,1.1526
RE1,PWRHYD002,HYD,2044,1.1526
RE1,PWRHYD002,HYD,2045,1.1526
RE1,PWRHYD002,HYD,2046,1.1526
RE1,PWRHYD002,HYD,2047,1.1526
RE1,PWRHYD002,HYD,2048,1.1526
RE1,PWRHYD002,HYD,2049,1.1526
RE1,PWRHYD002,HYD,2050,1.1526
RE1,PWRNGS001,NGS,2015,842.0383
RE1,PWRNGS001,NGS,2016,770.6678
RE1,PWRNGS001,NGS,2017,717.2237
RE1,PWRNGS001,NGS,2018,687.2143
RE1,PWRNGS001,NGS,2019,682.17
RE1,PWRNGS001,NGS,2020,10.7889
RE1,PWRNGS001,NGS,2039,47.2139
RE1,PWRNGS001,NGS,2040,94.1685
RE1,PWRNGS001,NGS,2041,99.8877
RE1,PWRNGS001,NGS,2042,99.8877
RE1,PWRNGS001,NGS,2043,99.8877
RE1,PWRNGS001,NGS,2044,49.9439
RE1,PWRSOL001,SOL,2015,8.5041
RE1,PWRSOL001,SOL,2016,14.7357
RE1,PWRSOL001,SOL,2017,16.2447
RE1,PWRSOL001,SOL,2018,17.8379
RE1,PWRSOL001,SOL,2019,17.9642
RE1,PWRSOL001,SOL,2020,17.9642
RE1,PWRSOL001,SOL,2021,18.4271
RE1,PWRSOL001,SOL,2022,18.4271
RE1,PWRSOL001,SOL,2023,18.4271
RE1,PWRSOL001,SOL,2024,18.4271
RE1,PWRSOL001,SOL,2025,18.4271
RE1,PWRSOL001,SOL,2026,18.4271
RE1,PWRSOL001,SOL,2027,18.4271
RE1,PWRSOL001,SOL,2028,18.4271
RE1,PWRSOL001,SOL,2029,18.4271
RE1,PWRSOL001,SOL,2030,18.4271
RE1,PWRSOL001,SOL,2031,18.4271
RE1,PWRSOL001,SOL,2032,18.4271
RE1,PWRSOL001,SOL,2033,18.4271
RE1,PWRSOL001,SOL,2034,18.4271
RE1,PWRSOL001,SOL,2035,9.923
RE1,PWRSOL001,SOL,2036,3.6914
RE1,PWRSOL001,SOL,2037,2.1824
RE1,PWRSOL001,SOL,2038,0.5892
RE1,PWRSOL001,SOL,2039,0.4629
RE1,PWRSOL001,SOL,2040,0.4629
RE1,PWRTRN,ELC001,2015,737.8524
RE1,PWRTRN,ELC001,2016,737.2235
RE1,PWRTRN,ELC001,2017,737.0913
RE1,PWRTRN,ELC001,2018,737.1203
RE1,PWRTRN,ELC001,2019,736.4876
RE1,PWRTRN,ELC001,2020,735.8553
RE1,PWRTRN,ELC001,2021,735.2234
RE1,PWRTRN,ELC001,2022,941.7178
RE1,PWRTRN,ELC001,2023,967.7223
RE1,PWRTRN,ELC001,2024,993.7099
RE1,PWRTRN,ELC001,2025,1019.6804
RE1,PWRTRN,ELC001,2026,1047.7837
RE1,PWRTRN,ELC001,2027,1075.8686
RE1,PWRTRN,ELC001,2028,1103.9352
RE1,PWRTRN,ELC001,2029,1131.9835
RE1,PWRTRN,ELC001,2030,1160.0134
RE1,PWRTRN,ELC001,2031,1192.1403
RE1,PWRTRN,ELC001,2032,1224.2461
RE1,PWRTRN,ELC001,2033,1256.331
RE1,PWRTRN,ELC001,2034,1288.395
RE1,PWRTRN,ELC001,2035,1320.438
RE1,PWRTRN,ELC001,2036,1346.0583
RE1,PWRTRN,ELC001,2037,1371.6619
RE1,PWRTRN,ELC001,2038,1397.2488
RE1,PWRTRN,ELC001,2039,1423.2076
RE1,PWRTRN,ELC001,2040,1449.1494
RE1,PWRTRN,ELC001,2041,1474.5262
RE1,PWRTRN,ELC001,2042,1499.8866
RE1,PWRTRN,ELC001,2043,1525.2304
RE1,PWRTRN,ELC001,2044,1550.5578
RE1,PWRTRN,ELC001,2045,1575.8686
RE1,PWRTRN,ELC001,2046,1593.3258
RE1,PWRTRN,ELC001,2047,1610.7716
RE1,PWRTRN,ELC001,2048,1628.2061
RE1,PWRTRN,ELC001,2049,1645.6292
RE1,PWRTRN,ELC001,2050,1663.0411
RE1,PWRTRN,ELC001,2051,1681.592
RE1,PWRTRN,ELC001,2052,1700.3499
RE1,PWRTRN,ELC001,2053,1719.317
RE1,PWRTRN,ELC001,2054,1738.4958
RE1,PWRTRN,ELC001,2055,1757.8884
RE1,PWRTRN,ELC001,2056,1777.4974
RE1,PWRTRN,ELC001,2057,1797.3251
RE1,PWRTRN,ELC001,2058,1817.374
RE1,PWRTRN,ELC001,2059,1837.6465
RE1,PWRTRN,ELC001,2060,1858.1452
RE1,PWRTRN,ELC001,2061,1878.8725
RE1,PWRTRN,ELC001,2062,1899.831
RE1,PWRTRN,ELC001,2063,1921.0233
RE1,PWRTRN,ELC001,2064,1942.452
RE1,PWRTRN,ELC001,2065,1964.1198
RE1,PWRTRN,ELC001,2066,1986.0293
RE1,PWRTRN,ELC001,2067,2008.1831
RE1,PWRTRN,ELC001,2068,2030.5841
RE1,PWRTRN,ELC001,2069,2053.235
RE1,PWRTRN,ELC001,2070,2076.1384
RE1,PWRTRNEXP,ELC001,2015,7.6
RE1,PWRTRNEXP,ELC001,2016,4.75
RE1,PWRTRNEXP,ELC001,2017,3.8
RE1,PWRTRNEXP,ELC001,2018,3.8
RE1,PWRTRNEXP,ELC001,2019,3.8
RE1,PWRTRNEXP,ELC001,2020,3.8
RE1,PWRTRNEXP,ELC001,2021,3.8
RE1,PWRTRNEXP,ELC001,2022,3.8
RE1,PWRTRNEXP,ELC001,2023,3.8
RE1,PWRTRNEXP,ELC001,2024,3.8
RE1,PWRTRNEXP,ELC001,2025,3.8
RE1,PWRTRNEXP,ELC001,2026,3.8
RE1,PWRTRNEXP,ELC001,2027,3.8
RE1,PWRTRNEXP,ELC001,2028,3.8
RE1,PWRTRNEXP,ELC001,2029,3.8
RE1,PWRTRNEXP,ELC001,2030,3.8
RE1,PWRTRNEXP,ELC001,2031,3.8
RE1,PWRTRNEXP,ELC001,2032,3.8
RE1,PWRTRNEXP,ELC001,2033,3.8
RE1,PWRTRNEXP,ELC001,2034,3.8
RE1,PWRTRNEXP,ELC001,2035,3.8
RE1,PWRTRNEXP,ELC001,2036,3.8
RE1,PWRTRNEXP,ELC001,2037,3.8
RE1,PWRTRNEXP,ELC001,2038,3.8
RE1,PWRTRNEXP,ELC001,2039,3.8
RE1,PWRTRNEXP,ELC001,2040,3.8
RE1,PWRTRNEXP,ELC001,2041,3.8
RE1,PWRTRNEXP,ELC001,2042,3.8
RE1,PWRTRNEXP,ELC001,2043,3.8
RE1,PWRTRNEXP,ELC001,2044,3.8
RE1,PWRTRNEXP,ELC001,2045,3.8
RE1,PWRTRNEXP,ELC001,2046,3.8
RE1,PWRTRNEXP,ELC001,2047,3.8
RE1,PWRTRNEXP,ELC001,2048,3.8
RE1,PWRTRNEXP,ELC001,2049,3.8
RE1,PWRTRNEXP,ELC001,2050,3.8
RE1,PWRTRNEXP,ELC001,2051,3.8
RE1,PWRTRNEXP,ELC001,2052,3.8
RE1,PWRTRNEXP,ELC001,2053,3.8
RE1,PWRTRNEXP,ELC001,2054,3.8
RE1,PWRTRNEXP,ELC001,2055,3.8
RE1,PWRTRNEXP,ELC001,2056,3.8
RE1,PWRTRNEXP,ELC001,2057,3.8
RE1,PWRTRNEXP,ELC001,2058,3.8
RE1,PWRTRNEXP,ELC001,2059,3.8
RE1,PWRTRNEXP,ELC001,2060,3.8
RE1,PWRTRNEXP,ELC001,2061,3.8
RE1,PWRTRNEXP,ELC001,2062,3.8
RE1,PWRTRNEXP,ELC001,2063,3.8
RE1,PWRTRNEXP,ELC001,2064,3.8
RE1,PWRTRNEXP,ELC001,2065,3.8
RE1,PWRTRNEXP,ELC001,2066,3.8
RE1,PWRTRNEXP,ELC001,2067,3.8
RE1,PWRTRNEXP,ELC001,2068,3.8
RE1,PWRTRNEXP,ELC001,2069,3.8
RE1,PWRTRNEXP,ELC001,2070,3.8
RE1,PWRWND001,WND,2015,1.1747
RE1,PWRWND001,WND,2016,2.545
RE1,PWRWND001,WND,2017,3.1524
RE1,PWRWND001,WND,2018,5.5368
RE1,PWRWND001,WND,2019,7.5648
RE1,PWRWND001,WND,2020,7.5648
RE1,PWRWND001,WND,2021,7.7555
RE1,PWRWND001,WND,2022,7.7555
RE1,PWRWND001,WND,2023,7.7555
RE1,PWRWND001,WND,2024,7.7555
RE1,PWRWND001,WND,2025,7.7555
RE1,PWRWND001,WND,2026,7.7555
RE1,PWRWND001,WND,2027,7.7555
RE1,PWRWND001,WND,2028,7.7555
RE1,PWRWND001,WND,2029,7.7555
RE1,PWRWND001,WND,2030,7.7555
RE1,PWRWND001,WND,2031,7.7555
RE1,PWRWND001,WND,2032,7.7555
RE1,PWRWND001,WND,2033,7.7555
RE1,PWRWND001,WND,2034,7.7555
RE1,PWRWND001,WND,2035,7.7555
RE1,PWRWND001,WND,2036,6.3851
RE1,PWRWND001,WND,2037,6.3851
RE1,PWRWND001,WND,2038,6.3851
RE1,PWRWND001,WND,2039,6.3851
RE1,PWRWND001,WND,2040,6.3851
RE1,PWRWND001,WND,2041,6.3851
RE1,PWRWND001,WND,2042,6.3851
RE1,PWRWND001,WND,2043,6.3851
RE1,PWRWND001,WND,2044,6.3851
RE1,PWRWND001,WND,2045,6.3851
RE1,PWRWND001,WND,2046,6.3851
RE1,PWRWND001,WND,2047,2.545
RE1,PWRWND001,WND,2048,2.0079
RE1,PWRWND001,WND,2049,2.0079
RE1,UPSREF001,OIL,2024,2141.65
