r,t,y,AnnualFixedOperatingCost
RE1,PWRBIO001,2015,222.8976
RE1,PWRBIO001,2016,222.8976
RE1,PWRBIO001,2017,222.8976
RE1,PWRBIO001,2018,222.8976
RE1,PWRBIO001,2019,222.8976
RE1,PWRBIO001,2020,222.8976
RE1,PWRBIO001,2021,222.8976
RE1,PWRBIO001,2022,222.8976
RE1,PWRBIO001,2023,222.8976
RE1,PWRBIO001,2024,222.8976
RE1,PWRBIO001,2025,222.8976
RE1,PWRBIO001,2026,222.8976
RE1,PWRBIO001,2027,222.8976
RE1,PWRBIO001,2028,222.8976
RE1,PWRBIO001,2029,222.8976
RE1,PWRBIO001,2030,222.8976
RE1,PWRCOA001,2015,273.468
RE1,PWRCOA001,2016,273.468
RE1,PWRCOA001,2017,275.0078
RE1,PWRCOA001,2018,334.4014
RE1,PWRCOA001,2019,409.9707
RE1,PWRCOA001,2020,485.4904
RE1,PWRCOA001,2021,543.0662
RE1,PWRCOA001,2022,600.6375
RE1,PWRCOA001,2023,1062.6685
RE1,PWRCOA001,2024,1750.2342
RE1,PWRCOA001,2025,1807.6593
RE1,PWRCOA001,2026,1869.8005
RE1,PWRCOA001,2027,1931.901
RE1,PWRCOA001,2028,1993.9609
RE1,PWRCOA001,2029,2058.2778
RE1,PWRCOA001,2030,2120.2566
RE1,PWRCOA001,2031,2348.0764
RE1,PWRCOA001,2032,2419.0678
RE1,PWRCOA001,2033,2490.0129
RE1,PWRCOA001,2034,2579.7157
RE1,PWRCOA001,2035,2650.5682
RE1,PWRCOA001,2036,2707.2189
RE1,PWRCOA001,2037,2763.8328
RE1,PWRCOA001,2038,2820.4097
RE1,PWRCOA001,2039,2877.8088
RE1,PWRCOA001,2040,2935.1705
RE1,PWRCOA001,2041,2991.2829
RE1,PWRCOA001,2042,3047.3588
RE1,PWRCOA001,2043,3103.3983
RE1,PWRCOA001,2044,3159.4619
RE1,PWRCOA001,2045,3215.4285
RE1,PWRCOA001,2046,3254.0291
RE1,PWRCOA001,2047,3292.6047
RE1,PWRCOA001,2048,3331.1552
RE1,PWRCOA001,2049,3369.6807
RE1,PWRCOA001,2050,3408.3661
RE1,PWRCOA001,2051,3521.5511
RE1,PWRCOA001,2052,3563.5395
RE1,PWRCOA001,2053,3605.9964
RE1,PWRCOA001,2054,3648.9269
RE1,PWRCOA001,2055,3692.4351
RE1,PWRCOA001,2056,3736.7808
RE1,PWRCOA001,2057,3781.6212
RE1,PWRCOA001,2058,3826.9617
RE1,PWRCOA001,2059,3872.8081
RE1,PWRCOA001,2060,3919.1658
RE1,PWRCOA001,2061,3966.0406
RE1,PWRCOA001,2062,4013.4383
RE1,PWRCOA001,2063,4061.3648
RE1,PWRCOA001,2064,4109.8258
RE1,PWRCOA001,2065,4158.8274
RE1,PWRCOA001,2066,4208.3757
RE1,PWRCOA001,2067,4258.4766
RE1,PWRCOA001,2068,4309.1364
RE1,PWRCOA001,2069,4360.3613
RE1,PWRCOA001,2070,4412.1576
RE1,PWRNGS001,2015,1085.28
RE1,PWRNGS001,2016,1085.28
RE1,PWRNGS001,2017,1085.28
RE1,PWRNGS001,2018,1085.28
RE1,PWRNGS001,2019,1085.28
RE1,PWRNGS001,2020,1085.28
RE1,PWRNGS001,2021,1085.28
RE1,PWRNGS001,2022,1085.28
RE1,PWRNGS001,2023,1085.28
RE1,PWRNGS001,2024,430.56
RE1,PWRNGS001,2025,430.56
RE1,PWRNGS001,2026,400.64
RE1,PWRNGS001,2027,400.64
RE1,PWRNGS001,2028,395.68
RE1,PWRNGS001,2029,390.8
RE1,PWRNGS001,2030,343.76
RE1,PWRNGS001,2031,334.0
RE1,PWRNGS001,2032,334.0
RE1,PWRNGS001,2033,300.96
RE1,PWRNGS001,2034,287.36
RE1,PWRNGS001,2035,287.36
RE1,PWRNGS001,2036,287.36
RE1,PWRNGS001,2037,287.36
RE1,PWRNGS001,2038,172.64
RE1,PWRNGS001,2039,172.64
RE1,PWRNGS001,2040,144.48
RE1,PWRNGS001,2041,128.0
RE1,PWRNGS001,2042,128.0
RE1,PWRNGS001,2043,128.0
RE1,PWRNGS001,2044,64.0
RE1,PWRSOL001,2015,33.513
RE1,PWRSOL001,2016,31.0765
RE1,PWRSOL001,2017,28.6401
RE1,PWRSOL001,2018,26.2036
RE1,PWRSOL001,2019,23.7671
RE1,PWRSOL001,2020,21.3307
RE1,PWRSOL001,2021,20.1109
RE1,PWRSOL001,2022,18.8911
RE1,PWRSOL001,2023,17.6713
RE1,PWRSOL001,2024,16.4516
RE1,PWRSOL001,2025,15.2318
RE1,PWRSOL001,2026,14.9284
RE1,PWRSOL001,2027,14.625
RE1,PWRSOL001,2028,14.3216
RE1,PWRSOL001,2029,14.0182
RE1,PWRSOL001,2030,13.7148
RE1,PWRSOL001,2031,13.4485
RE1,PWRSOL001,2032,13.1823
RE1,PWRSOL001,2033,12.916
RE1,PWRCSP002,2015,0.6
RE1,PWRCSP002,2016,0.6
RE1,PWRCSP002,2017,0.6
RE1,PWRCSP002,2018,0.6
RE1,PWRCSP002,2019,0.6
RE1,PWRCSP002,2020,0.6
RE1,PWRCSP002,2021,0.6
RE1,PWRCSP002,2022,0.6
RE1,PWRCSP002,2023,0.6
RE1,PWRCSP002,2024,0.6
RE1,PWRCSP002,2025,0.6
RE1,PWRCSP002,2026,0.6
RE1,PWRCSP002,2027,0.6
RE1,PWRCSP002,2028,0.6
RE1,PWRCSP002,2029,0.6
RE1,PWRCSP002,2030,0.6
RE1,PWRCSP002,2031,0.6
RE1,PWRCSP002,2032,0.6
RE1,PWRCSP002,2033,0.6
RE1,PWRCSP002,2034,0.6
RE1,PWRCSP002,2035,0.6
RE1,PWRCSP002,2036,0.6
RE1,PWRCSP002,2037,0.6
RE1,PWRCSP002,2038,0.6
RE1,PWRCSP002,2039,0.6
RE1,PWRCSP002,2040,0.6
RE1,PWRCSP002,2041,0.6
RE1,PWRCSP002,2042,0.6
RE1,PWRCSP002,2043,0.6
RE1,PWRHYD001,2015,168.0126
RE1,PWRHYD001,2016,168.0126
RE1,PWRHYD001,2017,168.0126
RE1,PWRHYD001,2018,168.0126
RE1,PWRHYD001,2019,168.0126
RE1,PWRHYD001,2020,168.0126
RE1,PWRHYD001,2021,168.0126
RE1,PWRHYD001,2022,168.0126
RE1,PWRHYD001,2023,168.0126
RE1,PWRHYD001,2024,168.0126
RE1,PWRHYD001,2025,168.0126
RE1,PWRHYD001,2026,168.0126
RE1,PWRHYD001,2027,168.0126
RE1,PWRHYD001,2028,168.0126
RE1,PWRHYD001,2029,168.0126
RE1,PWRHYD001,2030,168.0126
RE1,PWRHYD001,2031,168.0126
RE1,PWRHYD001,2032,168.0126
RE1,PWRHYD001,2033,168.0126
RE1,PWRHYD001,2034,168.0126
RE1,PWRHYD001,2035,168.0126
RE1,PWRHYD001,2036,168.0126
RE1,PWRHYD001,2037,168.0126
RE1,PWRHYD001,2038,168.0126
RE1,PWRHYD001,2039,168.0126
RE1,PWRHYD001,2040,168.0126
RE1,PWRHYD001,2041,168.0126
RE1,PWRHYD001,2042,168.0126
RE1,PWRHYD001,2043,168.0126
RE1,PWRHYD001,2044,168.0126
RE1,PWRHYD001,2045,168.0126
RE1,PWRHYD001,2046,168.0126
RE1,PWRHYD001,2047,168.0126
RE1,PWRHYD001,2048,168.0126
RE1,PWRHYD001,2049,168.0126
RE1,PWRHYD001,2050,168.0126
RE1,PWRHYD002,2015,7.0723
RE1,PWRHYD002,2016,7.0723
RE1,PWRHYD002,2017,7.0723
RE1,PWRHYD002,2018,7.0723
RE1,PWRHYD002,2019,7.0723
RE1,PWRHYD002,2020,7.0723
RE1,PWRHYD002,2021,7.0723
RE1,PWRHYD002,2022,7.0723
RE1,PWRHYD002,2023,7.0723
RE1,PWRHYD002,2024,7.0723
RE1,PWRHYD002,2025,7.0723
RE1,PWRHYD002,2026,7.0723
RE1,PWRHYD002,2027,7.0723
RE1,PWRHYD002,2028,7.0723
RE1,PWRHYD002,2029,7.0723
RE1,PWRHYD002,2030,7.0723
RE1,PWRHYD002,2031,7.0723
RE1,PWRHYD002,2032,7.0723
RE1,PWRHYD002,2033,7.0723
RE1,PWRHYD002,2034,7.0723
RE1,PWRHYD002,2035,7.0723
RE1,PWRHYD002,2036,7.0723
RE1,PWRHYD002,2037,7.0723
RE1,PWRHYD002,2038,7.0723
RE1,PWRHYD002,2039,7.0723
RE1,PWRHYD002,2040,7.0723
RE1,PWRHYD002,2041,7.0723
RE1,PWRHYD002,2042,7.0723
RE1,PWRHYD002,2043,7.0723
RE1,PWRHYD002,2044,7.0723
RE1,PWRHYD002,2045,7.0723
RE1,PWRHYD002,2046,7.0723
RE1,PWRHYD002,2047,7.0723
RE1,PWRHYD002,2048,7.0723
RE1,PWRHYD002,2049,7.0723
RE1,PWRHYD002,2050,7.0723
RE1,PWRWND001,2015,24.8609
RE1,PWRWND001,2016,23.6185
RE1,PWRWND001,2017,22.376
RE1,PWRWND001,2018,21.1336
RE1,PWRWND001,2019,19.8912
RE1,PWRWND001,2020,18.6488
RE1,PWRWND001,2021,17.9023
RE1,PWRWND001,2022,16.9108
RE1,PWRWND001,2023,16.175
RE1,PWRWND001,2024,15.4392
RE1,PWRWND001,2025,14.7034
RE1,PWRWND001,2026,14.4466
RE1,PWRWND001,2027,14.1899
RE1,PWRWND001,2028,13.9331
RE1,PWRTRN,2015,175.1791
RE1,PWRTRN,2016,175.1791
RE1,PWRTRN,2017,175.1791
RE1,PWRTRN,2018,175.1791
RE1,PWRTRN,2019,175.1791
RE1,PWRTRN,2020,175.1791
RE1,PWRTRN,2021,175.1791
RE1,PWRTRN,2022,175.1791
RE1,PWRTRN,2023,175.1791
RE1,PWRTRN,2024,175.1791
RE1,PWRTRN,2025,175.1791
RE1,PWRTRN,2026,175.1791
RE1,PWRTRN,2027,175.1791
RE1,PWRTRN,2028,175.1791
RE1,PWRTRN,2029,175.1791
RE1,PWRTRN,2030,175.1791
RE1,PWRTRN,2031,175.1791
RE1,PWRTRN,2032,175.1791
RE1,PWRTRN,2033,176.1136
RE1,PWRTRN,2034,180.6127
RE1,PWRTRN,2035,185.1088
RE1,PWRTRN,2036,188.7046
RE1,PWRTRN,2037,192.2979
RE1,PWRTRN,2038,195.889
RE1,PWRTRN,2039,199.5283
RE1,PWRTRN,2040,203.1652
RE1,PWRTRN,2041,206.723
RE1,PWRTRN,2042,210.2784
RE1,PWRTRN,2043,213.8315
RE1,PWRTRN,2044,217.3823
RE1,PWRTRN,2045,220.9308
RE1,PWRTRN,2046,223.3782
RE1,PWRTRN,2047,225.8241
RE1,PWRTRN,2048,228.2683
RE1,PWRTRN,2049,230.711
RE1,PWRTRN,2050,233.152
RE1,PWRTRN,2051,235.7528
RE1,PWRTRN,2052,238.3826
RE1,PWRTRN,2053,241.0417
RE1,PWRTRN,2054,243.7305
RE1,PWRTRN,2055,246.4493
RE1,PWRTRN,2056,249.1984
RE1,PWRTRN,2057,251.9782
RE1,PWRTRN,2058,254.7889
RE1,PWRTRN,2059,257.6311
RE1,PWRTRN,2060,260.5049
RE1,PWRTRN,2061,263.4108
RE1,PWRTRN,2062,266.3491
RE1,PWRTRN,2063,269.3202
RE1,PWRTRN,2064,272.3244
RE1,PWRTRN,2065,275.3621
RE1,PWRTRN,2066,278.4338
RE1,PWRTRN,2067,281.5396
RE1,PWRTRN,2068,284.6802
RE1,PWRTRN,2069,287.8557
RE1,PWRTRN,2070,291.0667
RE1,PWRDIST,2015,87.5895
RE1,PWRDIST,2016,87.5895
RE1,PWRDIST,2017,87.5895
RE1,PWRDIST,2018,87.5895
RE1,PWRDIST,2019,87.5895
RE1,PWRDIST,2020,87.5895
RE1,PWRDIST,2021,87.5895
RE1,PWRDIST,2022,87.5895
RE1,PWRDIST,2023,87.5895
RE1,PWRDIST,2024,87.5895
RE1,PWRDIST,2025,87.5895
RE1,PWRDIST,2026,87.5895
RE1,PWRDIST,2027,87.5895
RE1,PWRDIST,2028,87.5895
RE1,PWRDIST,2029,87.5895
RE1,PWRDIST,2030,87.5895
RE1,PWRDIST,2031,87.5895
RE1,PWRDIST,2032,87.5895
RE1,PWRDIST,2033,87.5895
RE1,PWRDIST,2034,87.5895
RE1,PWRDIST,2035,87.5895
RE1,PWRDIST,2036,89.2274
RE1,PWRDIST,2037,90.9561
RE1,PWRDIST,2038,92.6849
RE1,PWRDIST,2039,94.4376
RE1,PWRDIST,2040,96.1903
RE1,PWRDIST,2041,97.9066
RE1,PWRDIST,2042,99.6229
RE1,PWRDIST,2043,101.3392
RE1,PWRDIST,2044,103.0555
RE1,PWRDIST,2045,104.7718
RE1,PWRDIST,2046,105.9669
RE1,PWRDIST,2047,107.162
RE1,PWRDIST,2048,108.3571
RE1,PWRDIST,2049,109.5521
RE1,PWRDIST,2050,110.7472
RE1,PWRDIST,2051,111.9826
RE1,PWRDIST,2052,113.2317
RE1,PWRDIST,2053,114.4948
RE1,PWRDIST,2054,115.772
RE1,PWRDIST,2055,117.0634
RE1,PWRDIST,2056,118.3692
RE1,PWRDIST,2057,119.6896
RE1,PWRDIST,2058,121.0247
RE1,PWRDIST,2059,122.3748
RE1,PWRDIST,2060,123.7398
RE1,PWRDIST,2061,125.1201
RE1,PWRDIST,2062,126.5158
RE1,PWRDIST,2063,127.9271
RE1,PWRDIST,2064,129.3541
RE1,PWRDIST,2065,130.797
RE1,PWRDIST,2066,132.256
RE1,PWRDIST,2067,133.7313
RE1,PWRDIST,2068,135.2231
RE1,PWRDIST,2069,136.7315
RE1,PWRDIST,2070,138.2567
RE1,DEMTRAMCYGSL,2015,220.5428
RE1,DEMTRAMCYGSL,2016,231.243
RE1,DEMTRAMCYGSL,2017,238.8578
RE1,DEMTRAMCYGSL,2018,247.0011
RE1,DEMTRAMCYGSL,2019,255.0563
RE1,DEMTRAMCYGSL,2020,263.2179
RE1,DEMTRAMCYGSL,2021,270.3192
RE1,DEMTRAMCYGSL,2022,277.5055
RE1,DEMTRAMCYGSL,2023,284.7768
RE1,DEMTRAMCYGSL,2024,292.1333
RE1,DEMTRAMCYGSL,2025,299.575
RE1,DEMTRAMCYGSL,2026,307.6545
RE1,DEMTRAMCYGSL,2027,315.8288
RE1,DEMTRAMCYGSL,2028,324.098
RE1,DEMTRAMCYGSL,2029,332.4619
RE1,DEMTRAMCYGSL,2030,340.9208
RE1,DEMTRAMCYGSL,2031,348.5025
RE1,DEMTRAMCYGSL,2032,356.1621
RE1,DEMTRAMCYGSL,2033,363.8995
RE1,DEMTRAMCYGSL,2034,440.6922
RE1,DEMTRAMCYGSL,2035,437.7762
RE1,DEMTRAMCYGSL,2036,436.0828
RE1,DEMTRAMCYGSL,2037,434.3045
RE1,DEMTRAMCYGSL,2038,432.4413
RE1,DEMTRAMCYGSL,2039,430.493
RE1,DEMTRAMCYGSL,2040,428.4598
RE1,DEMTRAMCYGSL,2041,425.7153
RE1,DEMTRAMCYGSL,2042,433.4609
RE1,DEMTRAMCYGSL,2043,441.2746
RE1,DEMTRAMCYGSL,2044,449.1565
RE1,DEMTRAMCYGSL,2045,457.1065
RE1,DEMTRAMCYGSL,2046,464.1319
RE1,DEMTRAMCYGSL,2047,471.2108
RE1,DEMTRAMCYGSL,2048,478.343
RE1,DEMTRAMCYGSL,2049,485.5287
RE1,DEMTRAMCYGSL,2050,492.7616
RE1,DEMTRAMCYGSL,2051,496.5142
RE1,DEMTRAMCYGSL,2052,500.2958
RE1,DEMTRAMCYGSL,2053,504.1066
RE1,DEMTRAMCYGSL,2054,507.947
RE1,DEMTRAMCYGSL,2055,511.817
RE1,DEMTRAMCYGSL,2056,515.717
RE1,DEMTRAMCYGSL,2057,519.6471
RE1,DEMTRAMCYGSL,2058,523.6077
RE1,DEMTRAMCYGSL,2059,527.5989
RE1,DEMTRAMCYGSL,2060,531.621
RE1,DEMTRAMCYGSL,2061,535.6742
RE1,DEMTRAMCYGSL,2062,539.7588
RE1,DEMTRAMCYGSL,2063,543.875
RE1,DEMTRAMCYGSL,2064,548.0231
RE1,DEMTRAMCYGSL,2065,552.2033
RE1,DEMTRAMCYGSL,2066,556.4158
RE1,DEMTRAMCYGSL,2067,560.6609
RE1,DEMTRAMCYGSL,2068,564.939
RE1,DEMTRAMCYGSL,2069,569.2501
RE1,DEMTRAMCYGSL,2070,573.5946
RE1,DEMTRACARGSL,2036,255.5444
RE1,DEMTRACARGSL,2037,682.7
RE1,DEMTRACARGSL,2038,1109.8556
RE1,DEMTRACARGSL,2039,1537.0113
RE1,DEMTRACARGSL,2040,1985.8812
RE1,DEMTRACARGSL,2041,2442.9146
RE1,DEMTRACARGSL,2042,2908.9318
RE1,DEMTRACARGSL,2043,3383.9317
RE1,DEMTRACARGSL,2044,3867.9131
RE1,DEMTRACARGSL,2045,4360.8749
RE1,DEMTRACARGSL,2046,4852.4385
RE1,DEMTRACARGSL,2047,5351.0242
RE1,DEMTRACARGSL,2048,5856.6317
RE1,DEMTRACARGSL,2049,6515.1243
RE1,DEMTRACARGSL,2050,6994.6381
RE1,DEMTRACARGSL,2051,6994.6381
RE1,DEMTRACARGSL,2052,6994.6381
RE1,DEMTRACARGSL,2053,7047.9176
RE1,DEMTRACARGSL,2054,7101.6092
RE1,DEMTRACARGSL,2055,7155.7162
RE1,DEMTRACARGSL,2056,7210.2418
RE1,DEMTRACARGSL,2057,7265.1893
RE1,DEMTRACARGSL,2058,7320.5619
RE1,DEMTRACARGSL,2059,7376.363
RE1,DEMTRACARGSL,2060,7432.5959
RE1,DEMTRACARGSL,2061,7489.264
RE1,DEMTRACARGSL,2062,7546.3707
RE1,DEMTRACARGSL,2063,7603.9194
RE1,DEMTRACARGSL,2064,7661.9135
RE1,DEMTRACARGSL,2065,7720.3566
RE1,DEMTRACARGSL,2066,7779.252
RE1,DEMTRACARGSL,2067,7838.6034
RE1,DEMTRACARGSL,2068,7898.4144
RE1,DEMTRACARGSL,2069,7958.6884
RE1,DEMTRACARGSL,2070,8019.4291
RE1,DEMTRABUSGSL,2041,284.5132
RE1,DEMTRABUSGSL,2042,803.071
RE1,DEMTRABUSGSL,2043,1332.1374
RE1,DEMTRABUSGSL,2044,1871.7109
RE1,DEMTRABUSGSL,2045,2421.79
RE1,DEMTRABUSGSL,2046,2976.009
RE1,DEMTRABUSGSL,2047,3538.4422
RE1,DEMTRABUSGSL,2048,4109.0889
RE1,DEMTRABUSGSL,2049,4687.9486
RE1,DEMTRABUSGSL,2050,5274.8404
RE1,DEMTRABUSGSL,2051,5315.0104
RE1,DEMTRABUSGSL,2052,5355.4911
RE1,DEMTRABUSGSL,2053,5396.2849
RE1,DEMTRABUSGSL,2054,5437.3942
RE1,DEMTRABUSGSL,2055,5478.8216
RE1,DEMTRABUSGSL,2056,5520.5695
RE1,DEMTRABUSGSL,2057,5562.6404
RE1,DEMTRABUSGSL,2058,5605.0368
RE1,DEMTRABUSGSL,2059,5647.7613
RE1,DEMTRABUSGSL,2060,5690.8164
RE1,DEMTRABUSGSL,2061,5734.2047
RE1,DEMTRABUSGSL,2062,5777.9288
RE1,DEMTRABUSGSL,2063,5821.9914
RE1,DEMTRABUSGSL,2064,5866.3949
RE1,DEMTRABUSGSL,2065,5911.1422
RE1,DEMTRABUSGSL,2066,5956.2359
RE1,DEMTRABUSGSL,2067,6001.6787
RE1,DEMTRABUSGSL,2068,6047.4734
RE1,DEMTRABUSGSL,2069,6093.6226
RE1,DEMTRABUSGSL,2070,6140.1291
RE1,DEMINDHEBIO,2015,244.2214
RE1,DEMINDHEBIO,2016,244.3914
RE1,DEMINDHEBIO,2017,244.3914
RE1,DEMINDHEBIO,2018,244.5615
RE1,DEMINDHEBIO,2019,244.5615
RE1,DEMINDHEBIO,2020,244.7316
RE1,DEMINDHEBIO,2021,244.9017
RE1,DEMINDHEBIO,2022,247.2109
RE1,DEMINDHEBIO,2023,250.9477
RE1,DEMINDHEBIO,2024,254.6848
RE1,DEMINDHEBIO,2025,258.4223
RE1,DEMINDHEBIO,2026,262.5354
RE1,DEMINDHEBIO,2027,266.4645
RE1,DEMINDHEBIO,2028,270.5761
RE1,DEMINDHEBIO,2029,274.6887
RE1,DEMINDHEBIO,2030,278.8025
RE1,DEMINDHEBIO,2031,282.5353
RE1,DEMINDHEBIO,2032,286.2662
RE1,DEMINDHEBIO,2033,289.9955
RE1,DEMINDHEBIO,2034,293.7235
RE1,DEMINDHEBIO,2035,297.4506
RE1,DEMINDHEBIO,2036,300.7521
RE1,DEMINDHEBIO,2037,304.2636
RE1,DEMINDHEBIO,2038,307.5692
RE1,DEMINDHEBIO,2039,310.876
RE1,DEMINDHEBIO,2040,314.1841
RE1,DEMINDHEBIO,2041,317.844
RE1,DEMINDHEBIO,2042,321.2907
RE1,DEMINDHEBIO,2043,324.9618
RE1,DEMINDHEBIO,2044,328.4153
RE1,DEMINDHEBIO,2045,332.0978
RE1,DEMINDHEBIO,2046,335.0405
RE1,DEMINDHEBIO,2047,337.7592
RE1,DEMINDHEBIO,2048,340.712
RE1,DEMINDHEBIO,2049,343.6707
RE1,DEMINDHEBIO,2050,346.4004
RE1,DEMINDHEBIO,2051,349.4292
RE1,DEMINDHEBIO,2052,352.4844
RE1,DEMINDHEBIO,2053,355.5663
RE1,DEMINDHEBIO,2054,358.6751
RE1,DEMINDHEBIO,2055,362.0548
RE1,DEMINDHEBIO,2056,364.9742
RE1,DEMINDHEBIO,2057,368.4124
RE1,DEMINDHEBIO,2058,371.6329
RE1,DEMINDHEBIO,2059,374.8814
RE1,DEMINDHEBIO,2060,378.4112
RE1,DEMINDHEBIO,2061,381.7186
RE1,DEMINDHEBIO,2062,384.798
RE1,DEMINDHEBIO,2063,387.9028
RE1,DEMINDHEBIO,2064,391.0331
RE1,DEMINDHEBIO,2065,393.9266
RE1,DEMINDHEBIO,2066,397.1066
RE1,DEMINDHEBIO,2067,400.0463
RE1,DEMINDHEBIO,2068,403.0084
RE1,DEMINDHEBIO,2069,406.2635
RE1,DEMINDHEBIO,2070,409.2729
RE1,DEMRESCKNELC,2015,0.5365
RE1,DEMRESCKNELC,2016,0.5101
RE1,DEMRESCKNELC,2017,0.5176
RE1,DEMRESCKNELC,2018,0.5361
RE1,DEMRESCKNELC,2019,0.5093
RE1,DEMRESCKNELC,2020,0.4825
RE1,DEMRESCKNELC,2021,0.4557
RE1,DEMRESCKNELC,2022,0.4289
RE1,DEMRESCKNELC,2023,0.4021
RE1,DEMRESCKNELC,2024,0.3753
RE1,DEMRESCKNELC,2025,0.3485
RE1,DEMRESCKNELC,2026,0.3217
RE1,DEMRESCKNELC,2027,0.2949
RE1,DEMRESCKNELC,2028,0.2681
RE1,DEMRESCKNELC,2029,0.2413
RE1,DEMRESCKNELC,2030,0.2144
RE1,DEMRESCKNELC,2031,0.1876
RE1,DEMRESCKNELC,2032,0.1608
RE1,DEMRESCKNELC,2033,0.134
RE1,DEMRESCKNELC,2034,0.1072
RE1,DEMRESCKNELC,2035,0.0804
RE1,DEMRESCKNELC,2036,0.0536
RE1,DEMRESCKNELC,2037,0.0268
RE1,DEMRESCKNOIL,2015,17.9449
RE1,DEMRESCKNOIL,2016,17.059
RE1,DEMRESCKNOIL,2017,17.3102
RE1,DEMRESCKNOIL,2018,17.9308
RE1,DEMRESCKNOIL,2019,17.0343
RE1,DEMRESCKNOIL,2020,16.1377
RE1,DEMRESCKNOIL,2021,15.2412
RE1,DEMRESCKNOIL,2022,14.3446
RE1,DEMRESCKNOIL,2023,13.4481
RE1,DEMRESCKNOIL,2024,12.5516
RE1,DEMRESCKNOIL,2025,11.655
RE1,DEMRESCKNOIL,2026,10.7585
RE1,DEMRESCKNOIL,2027,10.9685
RE1,DEMRESCKNOIL,2028,11.1867
RE1,DEMRESCKNOIL,2029,11.4046
RE1,DEMRESCKNOIL,2030,11.6221
RE1,DEMRESCKNOIL,2031,11.8236
RE1,DEMRESCKNOIL,2032,12.0246
RE1,DEMRESCKNOIL,2033,12.225
RE1,DEMRESCKNOIL,2034,12.425
RE1,DEMRESCKNOIL,2035,12.6245
RE1,DEMRESCKNOIL,2036,12.8017
RE1,DEMRESCKNOIL,2037,12.9786
RE1,DEMRESCKNOIL,2038,13.1552
RE1,DEMRESCKNOIL,2039,13.3048
RE1,DEMRESCKNOIL,2040,13.4542
RE1,DEMRESCKNOIL,2041,13.6033
RE1,DEMRESCKNOIL,2042,13.7523
RE1,DEMRESCKNOIL,2043,13.9011
RE1,DEMRESCKNOIL,2044,14.0497
RE1,DEMRESCKNOIL,2045,14.1982
RE1,DEMRESCKNOIL,2046,14.3107
RE1,DEMRESCKNOIL,2047,14.4232
RE1,DEMRESCKNOIL,2048,14.5356
RE1,DEMRESCKNOIL,2049,14.6479
RE1,DEMRESCKNOIL,2050,14.7602
RE1,DEMRESCKNOIL,2051,14.8752
RE1,DEMRESCKNOIL,2052,14.9912
RE1,DEMRESCKNOIL,2053,15.108
RE1,DEMRESCKNOIL,2054,15.2258
RE1,DEMRESCKNOIL,2055,15.3444
RE1,DEMRESCKNOIL,2056,15.464
RE1,DEMRESCKNOIL,2057,15.5845
RE1,DEMRESCKNOIL,2058,15.706
RE1,DEMRESCKNOIL,2059,15.8284
RE1,DEMRESCKNOIL,2060,15.9518
RE1,DEMRESCKNOIL,2061,16.0761
RE1,DEMRESCKNOIL,2062,16.2014
RE1,DEMRESCKNOIL,2063,16.3277
RE1,DEMRESCKNOIL,2064,16.455
RE1,DEMRESCKNOIL,2065,16.5832
RE1,DEMRESCKNOIL,2066,16.7124
RE1,DEMRESCKNOIL,2067,16.8427
RE1,DEMRESCKNOIL,2068,16.974
RE1,DEMRESCKNOIL,2069,17.1063
RE1,DEMRESCKNOIL,2070,17.2396
RE1,DEMRESCKNBIO,2015,22.1831
RE1,DEMRESCKNBIO,2016,21.0881
RE1,DEMRESCKNBIO,2017,21.3985
RE1,DEMRESCKNBIO,2018,22.1657
RE1,DEMRESCKNBIO,2019,21.0574
RE1,DEMRESCKNBIO,2020,19.9492
RE1,DEMRESCKNBIO,2021,18.8409
RE1,DEMRESCKNBIO,2022,17.7326
RE1,DEMRESCKNBIO,2023,16.6243
RE1,DEMRESCKNBIO,2024,15.516
RE1,DEMRESCKNBIO,2025,14.4077
RE1,DEMRESCKNBIO,2026,13.2994
RE1,DEMRESCKNBIO,2027,12.1911
RE1,DEMRESCKNBIO,2028,11.0829
RE1,DEMRESCKNBIO,2029,9.9746
RE1,DEMRESCKNBIO,2030,9.2291
RE1,DEMRESCKNBIO,2031,9.3653
RE1,DEMRESCKNBIO,2032,9.5011
RE1,DEMRESCKNBIO,2033,9.6365
RE1,DEMRESCKNBIO,2034,9.7716
RE1,DEMRESCKNBIO,2035,9.9062
RE1,DEMRESCKNBIO,2036,10.0235
RE1,DEMRESCKNBIO,2037,10.1405
RE1,DEMRESCKNBIO,2038,10.2573
RE1,DEMRESCKNBIO,2039,10.3739
RE1,DEMRESCKNBIO,2040,10.4904
RE1,DEMRESCKNBIO,2041,10.6067
RE1,DEMRESCKNBIO,2042,10.7228
RE1,DEMRESCKNBIO,2043,10.8389
RE1,DEMRESCKNBIO,2044,10.9548
RE1,DEMRESCKNBIO,2045,11.0705
RE1,DEMRESCKNBIO,2046,11.1583
RE1,DEMRESCKNBIO,2047,11.246
RE1,DEMRESCKNBIO,2048,11.3336
RE1,DEMRESCKNBIO,2049,11.4212
RE1,DEMRESCKNBIO,2050,11.5087
RE1,DEMRESCKNBIO,2051,11.5984
RE1,DEMRESCKNBIO,2052,11.6888
RE1,DEMRESCKNBIO,2053,11.7799
RE1,DEMRESCKNBIO,2054,11.8717
RE1,DEMRESCKNBIO,2055,11.9643
RE1,DEMRESCKNBIO,2056,12.0575
RE1,DEMRESCKNBIO,2057,12.1515
RE1,DEMRESCKNBIO,2058,12.2462
RE1,DEMRESCKNBIO,2059,12.3417
RE1,DEMRESCKNBIO,2060,12.4378
RE1,DEMRESCKNBIO,2061,12.5348
RE1,DEMRESCKNBIO,2062,12.6325
RE1,DEMRESCKNBIO,2063,12.7309
RE1,DEMRESCKNBIO,2064,12.8302
RE1,DEMRESCKNBIO,2065,12.9302
RE1,DEMRESCKNBIO,2066,13.0309
RE1,DEMRESCKNBIO,2067,13.1325
RE1,DEMRESCKNBIO,2068,13.2349
RE1,DEMRESCKNBIO,2069,13.338
RE1,DEMRESCKNBIO,2070,13.442
RE1,DEMRESHEBIO,2015,48.4118
RE1,DEMRESHEBIO,2016,48.4455
RE1,DEMRESHEBIO,2017,48.4455
RE1,DEMRESHEBIO,2018,48.4792
RE1,DEMRESHEBIO,2019,49.6541
RE1,DEMRESHEBIO,2020,50.8992
RE1,DEMRESHEBIO,2021,51.8355
RE1,DEMRESHEBIO,2022,52.7343
RE1,DEMRESHEBIO,2023,53.6684
RE1,DEMRESHEBIO,2024,54.6018
RE1,DEMRESHEBIO,2025,55.5347
RE1,DEMRESHEBIO,2026,56.5548
RE1,DEMRESHEBIO,2027,57.5344
RE1,DEMRESHEBIO,2028,58.5526
RE1,DEMRESHEBIO,2029,59.5704
RE1,DEMRESHEBIO,2030,60.588
RE1,DEMRESHEBIO,2031,61.5246
RE1,DEMRESHEBIO,2032,62.4598
RE1,DEMRESHEBIO,2033,63.3936
RE1,DEMRESHEBIO,2034,64.3263
RE1,DEMRESHEBIO,2035,65.2579
RE1,DEMRESHEBIO,2036,66.0755
RE1,DEMRESHEBIO,2037,66.9389
RE1,DEMRESHEBIO,2038,67.7566
RE1,DEMRESHEBIO,2039,68.5741
RE1,DEMRESHEBIO,2040,69.3916
RE1,DEMRESHEBIO,2041,70.257
RE1,DEMRESHEBIO,2042,71.075
RE1,DEMRESHEBIO,2043,71.9424
RE1,DEMRESHEBIO,2044,72.7614
RE1,DEMRESHEBIO,2045,73.6309
RE1,DEMRESHEBIO,2046,74.3157
RE1,DEMRESHEBIO,2047,74.9507
RE1,DEMRESHEBIO,2048,75.6376
RE1,DEMRESHEBIO,2049,76.3258
RE1,DEMRESHEBIO,2050,76.963
RE1,DEMRESHEBIO,2051,77.6681
RE1,DEMRESHEBIO,2052,78.3795
RE1,DEMRESHEBIO,2053,79.0973
RE1,DEMRESHEBIO,2054,79.8215
RE1,DEMRESHEBIO,2055,80.6065
RE1,DEMRESHEBIO,2056,81.2894
RE1,DEMRESHEBIO,2057,82.0884
RE1,DEMRESHEBIO,2058,82.8393
RE1,DEMRESHEBIO,2059,83.5969
RE1,DEMRESHEBIO,2060,84.4177
RE1,DEMRESHEBIO,2061,85.1894
RE1,DEMRESHEBIO,2062,85.9107
RE1,DEMRESHEBIO,2063,86.6381
RE1,DEMRESHEBIO,2064,87.3715
RE1,DEMRESHEBIO,2065,88.0525
RE1,DEMRESHEBIO,2066,88.7979
RE1,DEMRESHEBIO,2067,89.49
RE1,DEMRESHEBIO,2068,90.1875
RE1,DEMRESHEBIO,2069,90.9509
RE1,DEMRESHEBIO,2070,91.6598
RE1,DEMCOMHEBIO,2015,21.3006
RE1,DEMCOMHEBIO,2016,22.3995
RE1,DEMCOMHEBIO,2017,22.9402
RE1,DEMCOMHEBIO,2018,23.4972
RE1,DEMCOMHEBIO,2019,24.0383
RE1,DEMCOMHEBIO,2020,24.5964
RE1,DEMCOMHEBIO,2021,25.0547
RE1,DEMCOMHEBIO,2022,25.4959
RE1,DEMCOMHEBIO,2023,25.9551
RE1,DEMCOMHEBIO,2024,26.4149
RE1,DEMCOMHEBIO,2025,26.8753
RE1,DEMCOMHEBIO,2026,27.3955
RE1,DEMCOMHEBIO,2027,27.8971
RE1,DEMCOMHEBIO,2028,28.4184
RE1,DEMCOMHEBIO,2029,28.9404
RE1,DEMCOMHEBIO,2030,29.463
RE1,DEMCOMHEBIO,2031,29.8973
RE1,DEMCOMHEBIO,2032,30.3322
RE1,DEMCOMHEBIO,2033,30.7676
RE1,DEMCOMHEBIO,2034,31.2036
RE1,DEMCOMHEBIO,2035,31.6402
RE1,DEMCOMHEBIO,2036,32.0445
RE1,DEMCOMHEBIO,2037,32.4717
RE1,DEMCOMHEBIO,2038,32.8773
RE1,DEMCOMHEBIO,2039,33.2835
RE1,DEMCOMHEBIO,2040,33.6901
RE1,DEMCOMHEBIO,2041,34.0972
RE1,DEMCOMHEBIO,2042,34.4817
RE1,DEMCOMHEBIO,2043,34.8905
RE1,DEMCOMHEBIO,2044,35.2762
RE1,DEMCOMHEBIO,2045,35.6867
RE1,DEMCOMHEBIO,2046,36.0212
RE1,DEMCOMHEBIO,2047,36.3317
RE1,DEMCOMHEBIO,2048,36.6675
RE1,DEMCOMHEBIO,2049,37.0041
RE1,DEMCOMHEBIO,2050,37.3162
RE1,DEMCOMHEBIO,2051,37.6609
RE1,DEMCOMHEBIO,2052,38.0088
RE1,DEMCOMHEBIO,2053,38.3599
RE1,DEMCOMHEBIO,2054,38.7141
RE1,DEMCOMHEBIO,2055,39.0978
RE1,DEMCOMHEBIO,2056,39.4321
RE1,DEMCOMHEBIO,2057,39.8228
RE1,DEMCOMHEBIO,2058,40.1902
RE1,DEMCOMHEBIO,2059,40.5609
RE1,DEMCOMHEBIO,2060,40.9623
RE1,DEMCOMHEBIO,2061,41.34
RE1,DEMCOMHEBIO,2062,41.6932
RE1,DEMCOMHEBIO,2063,42.0494
RE1,DEMCOMHEBIO,2064,42.4087
RE1,DEMCOMHEBIO,2065,42.7426
RE1,DEMCOMHEBIO,2066,43.1077
RE1,DEMCOMHEBIO,2067,43.4471
RE1,DEMCOMHEBIO,2068,43.7891
RE1,DEMCOMHEBIO,2069,44.1632
RE1,DEMCOMHEBIO,2070,44.5108
RE1,DEMINDHECOA,2015,688.7859
RE1,DEMINDHECOA,2016,688.7859
RE1,DEMINDHECOA,2017,688.7859
RE1,DEMINDHECOA,2018,688.7859
RE1,DEMINDHECOA,2019,688.7859
RE1,DEMINDHECOA,2020,688.7859
RE1,DEMINDHECOA,2021,688.7859
RE1,DEMINDHECOA,2022,695.2807
RE1,DEMINDHECOA,2023,705.3007
RE1,DEMINDHECOA,2024,715.3074
RE1,DEMINDHECOA,2025,725.3016
RE1,DEMINDHECOA,2026,736.3355
RE1,DEMINDHECOA,2027,747.3554
RE1,DEMINDHECOA,2028,758.362
RE1,DEMINDHECOA,2029,769.3562
RE1,DEMINDHECOA,2030,780.3386
RE1,DEMINDHECOA,2031,790.2403
RE1,DEMINDHECOA,2032,800.1228
RE1,DEMINDHECOA,2033,809.9873
RE1,DEMINDHECOA,2034,819.8347
RE1,DEMINDHECOA,2035,829.6659
RE1,DEMINDHECOA,2036,838.2972
RE1,DEMINDHECOA,2037,846.9193
RE1,DEMINDHECOA,2038,855.5325
RE1,DEMINDHECOA,2039,864.1371
RE1,DEMINDHECOA,2040,872.7336
RE1,DEMINDHECOA,2041,881.6905
RE1,DEMINDHECOA,2042,890.6414
RE1,DEMINDHECOA,2043,899.5865
RE1,DEMINDHECOA,2044,908.526
RE1,DEMINDHECOA,2045,917.4599
RE1,DEMINDHECOA,2046,924.3284
RE1,DEMINDHECOA,2047,931.1944
RE1,DEMINDHECOA,2048,938.0581
RE1,DEMINDHECOA,2049,944.9195
RE1,DEMINDHECOA,2050,951.7786
RE1,DEMINDHECOA,2051,958.7997
RE1,DEMINDHECOA,2052,965.8742
RE1,DEMINDHECOA,2053,973.0024
RE1,DEMINDHECOA,2054,980.1849
RE1,DEMINDHECOA,2055,987.422
RE1,DEMINDHECOA,2056,994.7142
RE1,DEMINDHECOA,2057,1002.0619
RE1,DEMINDHECOA,2058,1009.4655
RE1,DEMINDHECOA,2059,1016.9255
RE1,DEMINDHECOA,2060,1024.4422
RE1,DEMINDHECOA,2061,1032.0162
RE1,DEMINDHECOA,2062,1039.6478
RE1,DEMINDHECOA,2063,1047.3376
RE1,DEMINDHECOA,2064,1055.0859
RE1,DEMINDHECOA,2065,1062.8932
RE1,DEMINDHECOA,2066,1070.76
RE1,DEMINDHECOA,2067,1078.6868
RE1,DEMINDHECOA,2068,1086.6739
RE1,DEMINDHECOA,2069,1094.7219
RE1,DEMINDHECOA,2070,1102.8312
